timestamp,action_type,hand_speed,leg_speed,movement_intensity,l_elbow_angle,r_elbow_angle,l_hand_speed,r_hand_speed
0.0,guard_position,0.0,0.0,0.0,78.67,90.98,0.0,0.0
0.0334,punch_right,3.8005,0.3702,2.0854,79.35,171.09,0.1495,3.8005
0.0667,punch_right,7.4008,0.4102,3.9055,156.97,164.23,3.7795,7.4008
0.1001,kick_low,2.9267,0.9913,1.959,65.66,167.94,2.9267,2.4269
0.1335,punch_right,2.065,0.6584,1.3617,95.32,154.69,1.4994,2.065
0.1669,punch_right,1.3035,0.2563,0.7799,96.6,137.76,0.607,1.3035
0.2002,punch_right,2.416,0.1616,1.2888,99.58,108.25,0.8822,2.416
0.2336,backward_movement,0.172,0.1739,0.173,91.54,103.31,0.1362,0.172
0.267,backward_movement,0.5052,0.1353,0.3202,80.08,103.04,0.2337,0.5052
0.3003,backward_movement,0.378,0.1656,0.2718,75.15,102.73,0.3074,0.378
0.3337,backward_movement,0.6182,0.1789,0.3986,69.84,95.01,0.27,0.6182
0.3671,guard_position,0.6208,0.0705,0.3456,66.11,85.91,0.102,0.6208
0.4005,guard_position,1.228,0.181,0.7045,58.34,70.82,0.4414,1.228
0.4338,guard_position,0.5601,0.1996,0.3799,52.82,77.88,0.2859,0.5601
0.4672,backward_movement,0.349,0.1949,0.2719,54.79,82.76,0.0828,0.349
0.5006,forward_movement,0.8791,0.1087,0.4939,53.09,73.86,0.0651,0.8791
0.5339,guard_position,0.4141,0.4469,0.4305,50.75,71.16,0.0906,0.4141
0.5673,guard_position,0.7002,0.5216,0.6109,50.81,87.95,0.059,0.7002
0.6007,guard_position,0.3242,0.1321,0.2282,48.39,88.88,0.0303,0.3242
0.6341,forward_movement,0.8003,0.1642,0.4822,56.7,87.25,0.3435,0.8003
0.6674,guard_position,0.4082,0.0919,0.2501,59.06,91.5,0.1822,0.4082
0.7008,guard_position,0.6879,0.2121,0.45,59.74,84.65,0.0602,0.6879
0.7342,forward_movement,0.5852,0.1337,0.3594,58.68,91.72,0.2357,0.5852
0.7675,forward_movement,0.2946,0.0999,0.1972,56.74,81.9,0.1378,0.2946
0.8009,guard_position,0.2672,0.0677,0.1674,54.91,80.51,0.0595,0.2672
0.8343,backward_movement,0.312,0.0877,0.1998,53.01,78.82,0.1844,0.312
0.8677,forward_movement,0.2015,0.092,0.1468,51.17,81.59,0.1268,0.2015
0.901,guard_position,0.1996,0.1016,0.1506,49.11,85.05,0.0853,0.1996
0.9344,backward_movement,0.5464,0.2051,0.3758,50.76,79.98,0.122,0.5464
0.9678,guard_position,0.4812,0.0955,0.2883,49.18,88.56,0.0416,0.4812
1.0011,backward_movement,0.1843,0.0519,0.1181,55.48,87.77,0.1149,0.1843
1.0345,forward_movement,0.9723,0.054,0.5132,48.33,102.55,0.2092,0.9723
1.0679,forward_movement,1.0685,0.087,0.5777,52.88,81.15,0.2624,1.0685
1.1013,backward_movement,0.274,0.1006,0.1873,50.76,84.75,0.1667,0.274
1.1346,forward_movement,0.4358,0.3529,0.3944,48.64,87.21,0.0781,0.4358
1.168,guard_position,0.7736,0.0571,0.4154,45.94,87.44,0.0581,0.7736
1.2014,backward_movement,0.1334,0.3637,0.2486,45.69,89.87,0.0154,0.1334
1.2348,kick_low,0.1932,5.71,2.9516,48.06,80.52,0.0833,0.1932
1.2681,kick_low,0.3067,5.7787,3.0427,49.53,88.76,0.0444,0.3067
1.3015,guard_position,0.4284,0.1217,0.2751,50.56,90.49,0.0356,0.4284
1.3349,guard_position,1.423,0.0356,0.7293,56.79,67.65,0.0736,1.423
1.3682,guard_position,0.9898,0.1111,0.5505,54.5,86.11,0.089,0.9898
1.4016,guard_position,0.16,0.1182,0.1391,52.04,88.33,0.0167,0.16
1.435,guard_position,0.34,0.2323,0.2861,56.17,83.81,0.1557,0.34
1.4684,backward_movement,0.4227,0.0915,0.2571,49.21,90.61,0.4227,0.3658
1.5017,forward_movement,0.3526,0.1218,0.2372,57.77,87.15,0.1471,0.3526
1.5351,guard_position,1.9554,0.106,1.0307,58.14,96.67,0.3764,1.9554
1.5685,punch_right,1.7699,0.0789,0.9244,56.87,150.7,0.0681,1.7699
1.6018,forward_movement,1.081,0.2967,0.6889,48.8,136.89,0.2227,1.081
1.6352,forward_movement,0.7696,0.1631,0.4664,42.97,136.25,0.1977,0.7696
1.6686,guard_position,1.8925,0.1966,1.0446,35.13,69.68,0.094,1.8925
1.702,forward_movement,0.2142,0.3007,0.2574,27.32,75.61,0.1781,0.2142
1.7353,forward_movement,0.326,0.187,0.2565,24.06,72.46,0.326,0.1798
1.7687,punch_right,1.4685,0.2242,0.8464,24.95,130.91,0.1316,1.4685
1.8021,backward_movement,0.8228,0.4311,0.6269,23.48,85.69,0.2997,0.8228
1.8354,backward_movement,0.1805,0.3692,0.2749,26.9,92.54,0.1408,0.1805
1.8688,guard_position,1.486,0.3827,0.9343,32.42,97.92,0.156,1.486
1.9022,guard_position,0.0966,0.1429,0.1197,33.05,92.5,0.0966,0.0477
1.9356,punch_right,2.0846,0.2319,1.1582,28.16,118.77,0.1526,2.0846
1.9689,guard_position,1.1448,0.1026,0.6237,32.3,101.54,0.1174,1.1448
2.0023,backward_movement,0.9288,0.1907,0.5597,31.0,120.2,0.1487,0.9288
2.0357,kick_low,0.6411,1.211,0.926,33.55,77.68,0.1983,0.6411
2.069,kick_low,0.8316,1.5637,1.1977,38.84,28.97,0.1619,0.8316
2.1024,kick_low,1.8988,2.8909,2.3949,40.11,168.66,0.0969,1.8988
2.1358,backward_movement,0.6927,0.186,0.4393,41.4,160.41,0.1504,0.6927
2.1692,forward_movement,0.1457,0.0989,0.1223,42.48,166.63,0.1457,0.094
2.2025,guard_position,0.1975,0.1192,0.1583,46.95,179.63,0.1975,0.1195
2.2359,backward_movement,0.5515,0.0759,0.3137,42.59,117.49,0.1943,0.5515
2.2693,guard_position,2.0305,0.1886,1.1096,42.15,74.22,0.168,2.0305
2.3026,punch_right,2.6103,0.2116,1.4109,44.72,141.67,0.2051,2.6103
2.336,backward_movement,0.4108,0.2132,0.312,43.57,126.36,0.2136,0.4108
2.3694,guard_position,0.3001,0.1123,0.2062,42.58,134.45,0.2463,0.3001
2.4028,punch_right,1.1342,0.1043,0.6192,46.76,133.85,0.0231,1.1342
2.4361,forward_movement,0.2757,0.0895,0.1826,41.47,110.45,0.2038,0.2757
2.4695,punch_right,1.6477,0.2849,0.9663,47.48,147.49,0.2619,1.6477
2.5029,guard_position,1.5116,0.052,0.7818,55.8,93.7,0.3092,1.5116
2.5362,guard_position,2.8771,0.1055,1.4913,63.31,92.54,0.3197,2.8771
2.5696,punch_right,3.2618,0.2091,1.7354,75.92,155.04,0.5069,3.2618
2.603,punch_right,1.2955,0.2426,0.769,74.07,163.06,0.2948,1.2955
2.6364,forward_movement,0.6953,0.2209,0.4581,71.65,161.86,0.4838,0.6953
2.6697,forward_movement,0.5757,0.1217,0.3487,72.38,163.64,0.4636,0.5757
2.6697,guard_position,0.0,0.0,0.0,156.66,168.55,0.0,0.0
2.7031,guard_position,2.0829,0.2777,1.1803,91.4,88.96,1.1971,2.0829
2.7031,punch_right,2.994,0.3549,1.6745,57.17,106.95,2.2709,2.994
2.7365,kick_low,2.3905,1.6765,2.0335,56.4,113.09,0.8972,2.3905
2.7698,guard_position,1.5577,0.2535,0.9056,82.73,107.42,1.5577,1.3191
2.8032,guard_position,0.9827,0.3689,0.6758,91.98,111.66,0.9827,0.3442
2.8366,punch_left,3.0142,0.2758,1.645,125.57,99.68,3.0142,2.3406
2.87,punch_right,1.7189,0.593,1.156,34.19,119.86,0.7971,1.7189
2.9033,punch_right,3.3163,0.6718,1.994,169.23,133.55,2.4644,3.3163
2.9367,kick_low,1.5275,0.9985,1.263,154.11,155.09,1.2585,1.5275
2.9701,punch_right,11.9271,0.4778,6.2025,132.62,127.42,1.7572,11.9271
3.0034,kick_low,12.1289,10.8913,11.5101,128.91,13.93,0.8384,12.1289
3.0368,kick_low,12.4439,4.5267,8.4853,99.99,130.7,12.4439,2.3855
3.0702,kick_low,11.3479,5.2624,8.3052,123.93,121.81,11.3479,0.9015
3.1036,kick_low,7.2187,3.7419,5.4803,123.19,95.03,1.6413,7.2187
3.1369,kick_low,7.8115,5.9727,6.8921,4.5,177.61,4.1244,7.8115
3.1703,kick_low,10.1597,7.7068,8.9332,89.17,20.5,1.9641,10.1597
3.2037,kick_low,2.5537,0.9226,1.7381,62.91,39.72,2.5537,0.3212
3.2371,kick_low,2.3029,0.983,1.6429,46.84,158.91,1.7436,2.3029
3.2704,punch_right,2.193,0.4717,1.3323,40.72,177.69,0.7634,2.193
3.3038,guard_position,1.152,0.7089,0.9304,62.59,179.1,1.152,1.109
3.3372,punch_right,4.1779,0.1929,2.1854,144.75,165.22,1.5726,4.1779
3.3705,kick_low,1.6104,1.1007,1.3556,38.28,170.49,1.6104,1.3389
3.4039,guard_position,1.3309,0.4844,0.9077,18.54,99.03,0.5286,1.3309
3.4373,backward_movement,0.7606,0.2881,0.5244,37.03,72.96,0.2222,0.7606
3.4707,kick_low,2.5182,5.7793,4.1488,69.12,66.39,2.5182,0.2764
3.504,kick_low,0.8792,1.4442,1.1617,64.21,152.25,0.8792,0.4807
3.5374,kick_low,1.1214,5.5794,3.3504,61.61,156.92,0.2637,1.1214
3.5708,backward_movement,0.5907,0.5297,0.5602,55.55,165.95,0.4111,0.5907
3.6041,kick_low,0.8028,1.0429,0.9228,54.3,163.53,0.0744,0.8028
3.6375,punch_right,1.1424,0.1028,0.6226,56.51,136.56,0.1359,1.1424
3.6709,kick_low,1.1755,5.7723,3.4739,54.42,52.99,0.1605,1.1755
3.7043,kick_low,1.2689,2.368,1.8184,54.48,137.73,0.3259,1.2689
3.7376,kick_low,0.6979,5.5225,3.1102,54.94,115.4,0.3098,0.6979
3.771,kick_low,0.2785,1.6887,0.9836,50.06,111.77,0.2785,0.1862
3.8044,backward_movement,0.4674,0.2242,0.3458,48.35,125.36,0.3616,0.4674
3.8377,backward_movement,0.7718,0.1229,0.4473,46.53,114.24,0.241,0.7718
3.8711,guard_position,1.3387,0.0619,0.7003,37.41,71.22,0.397,1.3387
3.9045,punch_right,2.1547,0.0798,1.1173,40.56,144.57,0.0423,2.1547
3.9379,guard_position,2.9862,0.095,1.5406,33.2,91.62,0.3621,2.9862
3.9712,guard_position,0.2116,0.171,0.1913,34.1,92.46,0.2116,0.1835
4.0046,guard_position,1.759,0.1755,0.9673,47.64,63.31,0.3146,1.759
4.038,guard_position,1.1467,0.2579,0.7023,43.9,99.29,0.1595,1.1467
4.0713,backward_movement,0.5636,0.3063,0.4349,49.78,118.75,0.2993,0.5636
4.1047,guard_position,1.8906,0.1019,0.9963,48.61,74.22,0.1591,1.8906
4.1381,backward_movement,0.58,0.3711,0.4756,39.19,76.36,0.4892,0.58
4.1715,punch_right,3.1826,0.1947,1.6886,40.65,136.46,0.211,3.1826
4.2048,guard_position,0.4337,0.1039,0.2688,36.89,166.02,0.1593,0.4337
4.2382,backward_movement,0.4759,0.1705,0.3232,33.19,170.55,0.1333,0.4759
4.2716,kick_low,0.9787,1.2066,1.0927,38.62,164.49,0.381,0.9787
4.3049,kick_low,0.1801,0.9901,0.5851,36.41,172.5,0.0966,0.1801
4.3383,backward_movement,0.3055,0.2329,0.2692,41.58,153.15,0.2603,0.3055
4.3717,backward_movement,0.3648,0.1495,0.2571,45.25,140.25,0.3648,0.1234
4.4051,forward_movement,0.2518,0.0783,0.1651,50.17,146.12,0.1603,0.2518
4.4384,forward_movement,0.4919,0.0401,0.266,47.58,132.65,0.1217,0.4919
4.4718,guard_position,0.6891,0.1675,0.4283,45.74,111.97,0.1586,0.6891
4.5052,guard_position,1.2612,0.1349,0.698,43.19,104.46,0.1193,1.2612
4.5385,punch_right,1.1271,0.1961,0.6616,45.62,113.75,0.1093,1.1271
4.5719,guard_position,0.6801,0.1443,0.4122,52.33,98.13,0.3227,0.6801
4.6053,punch_right,1.7973,0.1627,0.98,56.62,110.48,0.2099,1.7973
4.6387,guard_position,1.3709,0.1088,0.7398,61.34,84.71,0.3216,1.3709
4.672,forward_movement,0.8935,0.0467,0.4701,63.01,105.05,0.0777,0.8935
4.7054,punch_right,1.265,0.0844,0.6747,71.01,133.65,0.3962,1.265
4.7388,guard_position,1.3354,0.1973,0.7664,74.49,93.16,0.0877,1.3354
4.7721,guard_position,1.4577,0.2295,0.8436,74.3,84.42,0.2563,1.4577
4.8055,punch_right,2.1548,0.1088,1.1318,72.63,134.42,0.0579,2.1548
4.8389,punch_right,1.3482,0.1064,0.7273,73.51,154.48,0.1755,1.3482
4.8723,kick_low,0.6714,1.913,1.2922,76.98,171.19,0.0955,0.6714
4.9056,kick_low,2.0058,3.0379,2.5218,80.31,127.78,0.2422,2.0058
4.939,kick_low,3.7524,3.2439,3.4982,80.48,67.61,0.2839,3.7524
4.9724,kick_low,0.8309,3.991,2.4109,77.23,63.52,0.1546,0.8309
5.0057,kick_low,3.2641,2.9393,3.1017,75.01,78.89,0.7142,3.2641
5.0391,kick_low,1.9287,4.7168,3.3227,73.73,80.59,0.5637,1.9287
5.0725,kick_low,0.4286,1.4344,0.9315,75.76,56.86,0.4286,0.251
5.1059,kick_low,0.6936,1.4195,1.0566,76.77,73.55,0.6936,0.6066
5.1392,forward_movement,0.9485,0.7382,0.8433,67.65,10.4,0.0779,0.9485
5.1726,kick_low,1.4871,3.0234,2.2552,91.81,126.68,1.4871,1.0675
5.206,kick_low,2.7118,2.1065,2.4091,69.66,84.12,2.7118,2.6753
5.2394,kick_low,4.8421,5.8014,5.3218,28.94,162.71,0.6747,4.8421
5.2727,kick_low,4.8917,5.1416,5.0167,140.74,157.6,4.8917,4.7111
5.3061,kick_low,3.4711,2.399,2.9351,62.29,147.34,3.4711,0.8345
5.3395,kick_low,6.901,9.8182,8.3596,150.27,146.47,6.901,4.8187
5.3728,kick_low,4.7264,6.1654,5.4459,132.65,119.06,3.7329,4.7264
5.4062,kick_low,3.3233,9.5219,6.4226,168.27,134.06,1.3801,3.3233
5.4396,kick_low,3.3856,6.097,4.7413,158.76,136.94,2.4716,3.3856
5.473,kick_low,11.0201,16.6961,13.8581,146.13,35.39,11.0201,9.5429
5.5063,kick_low,17.3347,10.184,13.7594,139.72,161.57,17.3347,17.021
5.5397,kick_low,25.8572,25.2347,25.546,82.04,179.49,25.8572,10.8758
5.5731,kick_low,47.686,36.7366,42.2113,81.67,78.92,47.686,31.6941
5.6064,kick_low,3.0243,5.1199,4.0721,69.51,136.85,2.2466,3.0243
5.6398,kick_low,1.2232,1.0268,1.125,75.72,147.4,0.6816,1.2232
5.6732,kick_low,0.1022,1.0077,0.555,70.25,147.77,0.1022,0.0983
5.7066,kick_low,1.2887,1.4924,1.3906,64.91,73.96,0.5254,1.2887
5.7399,kick_low,0.449,1.4057,0.9273,62.69,158.17,0.1512,0.449
5.7733,kick_low,0.8069,8.7833,4.7951,54.57,83.77,0.3356,0.8069
5.8067,kick_low,2.1181,1.1574,1.6377,55.45,41.86,0.4988,2.1181
5.84,kick_low,0.5962,1.3222,0.9592,46.8,62.81,0.5962,0.3292
5.8734,punch_right,2.0536,0.7397,1.3967,45.67,110.07,0.2534,2.0536
5.9068,guard_position,1.5654,0.1369,0.8512,39.05,46.63,0.5203,1.5654
5.9402,forward_movement,0.9432,0.4562,0.6997,42.64,60.5,0.2121,0.9432
5.9735,backward_movement,0.3296,0.3308,0.3302,43.94,52.96,0.1981,0.3296
6.0069,backward_movement,0.5973,0.1843,0.3908,43.42,72.18,0.5939,0.5973
6.0403,forward_movement,0.9094,0.4263,0.6678,37.42,49.82,0.211,0.9094
6.0736,backward_movement,0.6517,0.112,0.3819,42.98,83.03,0.2584,0.6517
6.107,forward_movement,0.4786,0.2812,0.3799,40.68,82.91,0.1639,0.4786
6.1404,backward_movement,0.6969,0.1613,0.4291,41.78,100.63,0.0956,0.6969
6.1738,forward_movement,0.8205,0.0604,0.4405,36.72,51.17,0.11,0.8205
6.2071,backward_movement,0.5509,0.1242,0.3375,44.75,66.58,0.4584,0.5509
6.2405,forward_movement,0.6006,0.168,0.3843,44.39,85.64,0.0354,0.6006
6.2739,guard_position,1.4237,0.1194,0.7715,46.37,60.27,0.225,1.4237
6.3072,guard_position,1.2907,0.1411,0.7159,45.14,71.79,0.0996,1.2907
6.3406,guard_position,1.9136,0.18,1.0468,43.31,88.72,0.069,1.9136
6.374,forward_movement,0.1574,0.1149,0.1362,44.42,82.85,0.1358,0.1574
6.4074,guard_position,1.0388,0.0819,0.5604,43.61,67.38,0.2517,1.0388
6.4407,forward_movement,0.2016,0.1222,0.1619,42.76,63.43,0.0416,0.2016
6.4741,backward_movement,0.3249,0.0901,0.2075,44.97,30.04,0.0397,0.3249
6.5075,kick_low,1.0386,3.8699,2.4543,44.4,30.95,0.325,1.0386
6.5408,kick_low,1.4915,2.5284,2.01,42.48,1.22,0.2765,1.4915
6.5742,guard_position,1.1623,0.8122,0.9872,36.23,68.32,0.5469,1.1623
6.6076,kick_low,1.5354,3.5003,2.5178,35.75,43.33,0.2551,1.5354
6.641,kick_low,1.6387,2.2955,1.9671,34.55,71.06,0.208,1.6387
6.6743,backward_movement,0.9136,0.1118,0.5127,33.06,75.5,0.1273,0.9136
6.7077,backward_movement,0.4312,0.237,0.3341,34.94,80.95,0.4312,0.363
6.7411,backward_movement,0.4577,0.2075,0.3326,33.27,92.91,0.1176,0.4577
6.7744,kick_low,0.3576,5.2967,2.8271,28.2,104.94,0.3576,0.1587
6.8078,kick_low,0.6092,5.6394,3.1243,25.37,100.81,0.1853,0.6092
6.8412,backward_movement,0.341,0.2622,0.3016,29.44,100.29,0.0971,0.341
6.8746,guard_position,1.2694,0.2062,0.7378,26.48,64.74,0.1247,1.2694
6.9079,forward_movement,0.6155,0.1695,0.3925,26.62,61.74,0.065,0.6155
6.9413,forward_movement,0.8804,0.0975,0.4889,32.74,74.36,0.2334,0.8804
6.9747,guard_position,1.8517,0.1165,0.9841,39.8,88.59,0.3627,1.8517
7.008,guard_position,1.0653,0.0667,0.566,40.05,78.6,0.2689,1.0653
7.0414,kick_low,0.8754,2.0392,1.4573,44.24,87.22,0.2506,0.8754
7.0748,kick_low,1.4311,1.9976,1.7144,43.65,80.83,0.2341,1.4311
7.1082,punch_right,1.9014,0.3939,1.1476,43.23,105.98,0.1484,1.9014
7.1415,guard_position,0.8304,0.1988,0.5146,42.59,98.5,0.0992,0.8304
7.1749,guard_position,0.808,0.0737,0.4409,42.43,108.27,0.0897,0.808
7.2083,guard_position,0.8834,0.1741,0.5287,42.6,123.42,0.0343,0.8834
7.2416,forward_movement,0.4324,0.1402,0.2863,39.47,116.53,0.1684,0.4324
7.275,forward_movement,0.5414,0.3143,0.4279,39.59,118.35,0.1026,0.5414
7.3084,backward_movement,0.4026,0.3548,0.3787,38.12,119.7,0.0926,0.4026
7.3418,forward_movement,0.2311,0.3407,0.2859,37.72,110.77,0.0986,0.2311
7.3751,guard_position,0.6068,0.2528,0.4298,37.74,94.99,0.2358,0.6068
7.4085,forward_movement,0.3964,0.2083,0.3024,36.16,82.41,0.1309,0.3964
7.4419,backward_movement,0.7794,0.0934,0.4364,39.61,112.31,0.1343,0.7794
7.4753,backward_movement,0.6841,0.3096,0.4969,38.46,83.19,0.0511,0.6841
7.5086,forward_movement,0.4339,0.1408,0.2873,35.64,81.24,0.1346,0.4339
7.542,guard_position,0.1317,0.3117,0.2217,36.61,83.83,0.1317,0.1297
7.5754,guard_position,2.1135,0.2652,1.1893,33.3,30.06,0.243,2.1135
7.6087,guard_position,1.5412,0.1417,0.8414,38.09,80.73,0.0929,1.5412
7.6421,backward_movement,0.5501,0.0879,0.319,40.94,67.35,0.1411,0.5501
7.6755,kick_low,0.7271,7.5151,4.1211,41.15,54.08,0.1026,0.7271
7.7089,backward_movement,0.0707,0.1337,0.1022,37.86,70.71,0.0666,0.0707
7.7422,kick_low,0.3286,1.4833,0.906,36.08,80.82,0.1703,0.3286
7.7756,kick_low,0.1676,1.5472,0.8574,36.48,75.72,0.1676,0.153
7.809,kick_low,1.5458,8.0485,4.7971,36.69,70.39,0.0835,1.5458
7.8423,guard_position,1.8001,0.3426,1.0714,34.06,46.91,0.0615,1.8001
7.8757,backward_movement,0.627,0.253,0.44,33.4,51.77,0.0392,0.627
7.9091,backward_movement,0.3415,0.0513,0.1964,36.44,62.46,0.154,0.3415
7.9425,backward_movement,0.4923,0.1151,0.3037,36.05,56.0,0.4923,0.2415
7.9758,guard_position,1.5344,0.3092,0.9218,34.77,99.84,0.0432,1.5344
8.0092,backward_movement,0.6016,0.1601,0.3809,36.47,87.38,0.0561,0.6016
8.0426,backward_movement,0.843,0.0606,0.4518,33.46,99.88,0.1022,0.843
8.0759,guard_position,1.1265,0.0585,0.5925,36.17,76.12,0.0655,1.1265
8.1093,backward_movement,0.663,0.1361,0.3995,37.96,74.32,0.0686,0.663
8.1427,forward_movement,0.3079,0.0446,0.1762,36.13,72.98,0.0606,0.3079
8.1761,guard_position,0.7358,0.0601,0.398,36.18,51.49,0.1135,0.7358
8.2094,forward_movement,0.6603,0.224,0.4421,32.39,63.45,0.0968,0.6603
8.2428,forward_movement,0.5747,0.1316,0.3532,34.54,59.51,0.0701,0.5747
8.2762,guard_position,0.5538,0.1619,0.3579,31.48,54.36,0.1174,0.5538
8.3095,guard_position,0.2822,0.0759,0.179,25.96,61.15,0.1294,0.2822
8.3429,forward_movement,0.4532,0.3944,0.4238,28.08,53.24,0.4235,0.4532
8.3763,kick_low,0.7822,1.2285,1.0053,22.03,47.45,0.2639,0.7822
8.4097,forward_movement,0.7729,0.6809,0.7269,17.85,15.69,0.087,0.7729
8.443,guard_position,0.2039,0.1898,0.1969,22.42,17.44,0.1589,0.2039
8.4764,forward_movement,0.285,0.4443,0.3647,19.22,27.76,0.1187,0.285
8.5098,forward_movement,0.8435,0.4322,0.6379,14.74,47.75,0.2934,0.8435
8.5431,guard_position,1.6244,0.5541,1.0892,10.61,21.7,0.1151,1.6244
8.5765,guard_position,1.0516,0.4173,0.7344,8.85,47.01,0.093,1.0516
8.6099,forward_movement,1.0761,0.5841,0.8301,2.95,75.26,0.3009,1.0761
8.6433,backward_movement,0.7238,0.3424,0.5331,4.67,82.02,0.7238,0.6299
8.6766,kick_low,0.6232,1.1884,0.9058,11.69,100.01,0.46,0.6232
8.71,kick_low,1.4771,1.1382,1.3077,2.41,75.06,0.6296,1.4771
8.7434,guard_position,1.3229,0.6636,0.9932,34.22,41.42,1.3229,1.1131
8.7767,backward_movement,1.0732,0.6396,0.8564,20.94,35.92,1.0732,0.7527
8.8101,forward_movement,0.3615,0.4244,0.393,14.36,52.77,0.3615,0.3486
8.8435,forward_movement,0.7917,0.6576,0.7247,5.21,56.49,0.2458,0.7917
8.8769,guard_position,1.4969,0.4887,0.9928,17.43,82.56,0.3883,1.4969
8.9102,forward_movement,0.2983,0.7384,0.5183,13.4,73.59,0.1301,0.2983
8.9436,punch_right,1.455,0.5179,0.9864,8.94,111.5,0.4403,1.455
8.977,guard_position,0.4208,0.5032,0.462,24.19,68.95,0.4208,0.346
9.0103,forward_movement,0.6359,0.7008,0.6684,26.52,53.59,0.2344,0.6359
9.0437,kick_low,1.0838,1.1283,1.1061,36.98,77.48,0.5378,1.0838
9.0771,forward_movement,0.4892,0.5795,0.5343,40.83,68.68,0.3551,0.4892
9.1105,guard_position,1.1155,0.4544,0.7849,38.92,25.26,0.1478,1.1155
9.1438,kick_low,0.9494,2.907,1.9282,30.61,63.78,0.1769,0.9494
9.1772,kick_low,1.4869,3.069,2.278,35.38,76.31,0.3365,1.4869
9.2106,guard_position,2.6469,0.0722,1.3595,49.81,43.52,0.2696,2.6469
9.2439,kick_low,2.986,1.035,2.0105,53.66,88.14,0.3621,2.986
9.2773,kick_low,2.8472,1.6723,2.2598,45.78,163.62,0.6518,2.8472
9.3107,punch_right,1.4774,0.8279,1.1527,24.43,162.76,1.3724,1.4774
9.3441,kick_low,1.4914,8.7222,5.1068,65.65,111.45,1.4914,0.9298
9.3441,guard_position,0.0,0.0,0.0,53.2,149.39,0.0,0.0
9.3774,kick_low,4.2184,1.4613,2.8399,78.2,29.08,4.2184,1.3338
9.4108,kick_low,2.1855,4.2914,3.2385,4.66,44.37,2.1855,0.2221
9.4442,kick_low,1.3975,1.5287,1.4631,1.71,150.25,1.3975,0.1685
9.4776,kick_low,1.7363,5.0591,3.3977,52.63,119.46,1.7363,0.8659
9.5109,kick_low,4.5206,6.65,5.5853,62.6,85.33,1.7551,4.5206
9.5443,kick_low,0.8776,4.6746,2.7761,66.77,52.67,0.8776,0.5906
9.5777,kick_low,0.7249,0.9173,0.8211,74.26,58.92,0.7249,0.1619
9.611,kick_low,0.6441,3.4311,2.0376,87.14,113.57,0.6441,0.3259
9.6444,kick_low,4.3635,5.7551,5.0593,109.99,91.94,2.7991,4.3635
9.6778,kick_low,2.5846,0.9648,1.7747,157.43,84.5,2.5846,0.2552
9.7112,kick_low,2.5363,1.2738,1.9051,164.06,23.25,0.6711,2.5363
9.7445,kick_low,1.8263,9.4626,5.6445,179.85,1.37,1.0823,1.8263
9.7779,kick_low,2.3937,7.7278,5.0607,152.14,64.89,0.9185,2.3937
9.8113,guard_position,1.5287,0.6167,1.0727,151.01,59.37,1.2038,1.5287
9.8446,kick_low,2.0252,1.6215,1.8233,137.49,54.22,1.1579,2.0252
9.878,kick_low,1.454,0.9526,1.2033,117.31,34.71,1.454,0.8571
9.9114,guard_position,1.9067,0.8738,1.3903,86.26,35.5,1.9067,0.2481
9.9781,guard_position,2.519,0.306,1.4125,76.56,92.73,0.6319,2.519
10.0115,guard_position,4.3672,0.2758,2.3215,67.15,72.84,0.8437,4.3672
10.0449,guard_position,1.1954,0.5062,0.8508,83.28,47.73,1.1954,0.6709
10.0782,kick_low,0.8293,8.0754,4.4523,86.98,38.53,0.0309,0.8293
10.1116,kick_low,5.0791,7.3147,6.1969,35.2,122.19,0.8183,5.0791
10.145,guard_position,2.8624,0.7276,1.795,24.42,100.68,0.6983,2.8624
10.1784,kick_low,3.7221,4.6242,4.1732,156.63,13.2,2.3332,3.7221
10.2117,kick_low,1.8315,2.8049,2.3182,22.46,19.22,1.5194,1.8315
10.2451,kick_low,0.3856,4.982,2.6838,3.46,49.36,0.3856,0.2984
10.2785,kick_low,1.6686,3.0599,2.3642,42.04,44.89,0.2584,1.6686
10.3118,kick_low,1.3775,5.7522,3.5649,49.1,75.45,1.3775,1.1338
10.3452,forward_movement,0.7482,0.3083,0.5282,81.03,24.67,0.6523,0.7482
10.3786,punch_right,3.5847,0.5608,2.0728,68.72,119.74,0.5065,3.5847
10.412,backward_movement,0.643,0.7197,0.6814,67.42,170.83,0.643,0.2246
10.4453,punch_right,1.7648,0.7932,1.279,63.11,116.29,0.7051,1.7648
10.4787,kick_low,1.8788,7.0367,4.4577,43.23,53.03,0.5656,1.8788
10.5121,punch_right,2.1875,0.5903,1.3889,39.33,111.46,0.3368,2.1875
10.5454,backward_movement,0.7308,0.5475,0.6391,34.6,110.15,0.7308,0.704
10.5788,kick_low,0.9184,2.0453,1.4819,24.98,72.58,0.6975,0.9184
10.6122,kick_low,0.8776,7.0633,3.9704,20.91,47.23,0.4223,0.8776
10.6456,backward_movement,0.9943,0.281,0.6376,7.94,87.18,0.849,0.9943
10.6789,backward_movement,0.8839,0.1693,0.5266,18.6,76.85,0.8839,0.4855
10.7123,backward_movement,0.6222,0.1278,0.375,25.52,87.07,0.2265,0.6222
10.7457,guard_position,0.3777,0.0553,0.2165,27.02,81.41,0.2509,0.3777
10.779,backward_movement,0.3729,0.3378,0.3554,27.06,90.27,0.1384,0.3729
10.8124,forward_movement,0.1894,0.5994,0.3944,29.71,83.04,0.1121,0.1894
10.8458,guard_position,0.6497,0.2326,0.4412,28.78,75.81,0.1893,0.6497
10.8792,guard_position,0.6984,0.092,0.3952,29.12,69.66,0.0666,0.6984
10.9125,forward_movement,0.6333,0.2709,0.4521,36.66,61.08,0.3574,0.6333
10.9459,backward_movement,0.5329,0.1794,0.3561,38.63,77.12,0.2187,0.5329
10.9793,guard_position,0.7239,0.0883,0.4061,40.41,69.34,0.0684,0.7239
11.0126,guard_position,0.0286,0.1647,0.0966,42.55,72.35,0.0223,0.0286
11.046,guard_position,0.2721,0.0553,0.1637,41.4,77.48,0.1061,0.2721
11.0794,punch_right,1.7131,0.1676,0.9403,40.73,110.06,0.0346,1.7131
11.1128,backward_movement,0.6586,0.1334,0.396,37.86,73.02,0.08,0.6586
11.1461,forward_movement,1.0295,0.2546,0.6421,34.82,59.39,0.0153,1.0295
11.1795,forward_movement,0.9734,0.0711,0.5222,35.39,71.09,0.1556,0.9734
11.2129,kick_low,1.5343,7.3797,4.457,35.73,62.87,0.1271,1.5343
11.2462,kick_low,0.3945,7.3018,3.8482,34.72,68.3,0.0758,0.3945
11.2796,forward_movement,0.5854,0.1887,0.3871,34.94,71.67,0.0497,0.5854
11.313,guard_position,1.7084,0.2552,0.9818,34.7,89.83,0.1308,1.7084
11.3464,backward_movement,0.4554,0.2082,0.3318,44.29,85.01,0.4554,0.209
11.3797,backward_movement,0.5536,0.1108,0.3322,44.86,102.24,0.1912,0.5536
11.4131,forward_movement,0.2379,0.1154,0.1767,45.27,94.75,0.1087,0.2379
11.4465,forward_movement,0.6504,0.2078,0.4291,44.25,107.51,0.0843,0.6504
11.4798,guard_position,1.6387,0.2204,0.9296,40.19,61.13,0.2619,1.6387
11.5132,guard_position,1.3063,0.2317,0.769,32.42,83.58,0.1457,1.3063
11.5466,guard_position,2.1516,0.4117,1.2817,28.93,53.87,0.1214,2.1516
11.58,forward_movement,0.6714,0.2377,0.4546,27.46,25.53,0.2429,0.6714
11.6133,backward_movement,0.7396,0.2174,0.4785,34.98,152.48,0.4016,0.7396
11.6467,guard_position,0.8747,0.0195,0.4471,41.46,57.34,0.0606,0.8747
11.6801,forward_movement,0.3697,0.3266,0.3482,33.65,69.72,0.1177,0.3697
11.7135,guard_position,0.3958,0.1501,0.2729,28.87,56.49,0.2961,0.3958
11.7468,guard_position,0.6785,0.3634,0.521,27.67,84.01,0.0418,0.6785
11.7802,backward_movement,0.9273,0.1349,0.5311,24.43,72.97,0.2438,0.9273
11.8136,guard_position,0.5178,0.1806,0.3492,29.41,56.44,0.1374,0.5178
11.8469,backward_movement,0.2685,0.2053,0.2369,19.35,63.35,0.2401,0.2685
11.8803,backward_movement,0.4955,0.4762,0.4858,27.75,67.32,0.2674,0.4955
11.9137,forward_movement,0.4564,0.1814,0.3189,27.7,63.18,0.1004,0.4564
11.9471,backward_movement,0.7296,0.3542,0.5419,29.27,77.99,0.0645,0.7296
11.9804,backward_movement,0.8552,0.2055,0.5304,32.67,102.11,0.1079,0.8552
12.0138,forward_movement,0.6412,0.0421,0.3416,46.15,113.87,0.4609,0.6412
12.0472,guard_position,1.0424,0.3574,0.6999,66.69,117.02,1.0424,0.9078
12.0805,guard_position,2.6609,0.2622,1.4615,101.69,95.66,1.6059,2.6609
12.1139,punch_left,1.4623,0.649,1.0557,125.13,75.9,1.4623,0.492
12.1473,punch_left,1.771,0.6994,1.2352,146.47,105.01,1.771,1.4307
12.1807,kick_low,1.3383,1.4539,1.3961,152.16,89.79,0.382,1.3383
12.214,kick_low,1.0618,3.3223,2.1921,140.27,134.11,0.7293,1.0618
12.2474,kick_low,1.2368,2.2184,1.7276,112.55,79.94,0.8488,1.2368
12.2808,kick_low,1.8513,1.5749,1.7131,91.14,20.76,0.727,1.8513
12.3141,guard_position,1.2302,0.3898,0.81,82.6,49.22,0.5023,1.2302
12.3475,kick_low,2.4928,1.1123,1.8025,71.91,141.43,0.8394,2.4928
12.3809,forward_movement,0.7898,0.1595,0.4747,75.77,69.06,0.7898,0.7327
12.4143,forward_movement,0.3124,0.3799,0.3461,81.97,75.22,0.2535,0.3124
12.4476,guard_position,2.0979,0.2256,1.1618,75.05,57.03,0.7144,2.0979
12.481,forward_movement,0.6944,0.1831,0.4388,60.97,50.24,0.6944,0.2379
12.5144,forward_movement,1.0406,0.175,0.6078,39.41,37.24,0.9041,1.0406
12.5477,guard_position,1.1344,0.2171,0.6758,28.35,24.41,0.3784,1.1344
12.5811,backward_movement,1.0009,0.2647,0.6328,37.63,46.29,0.4079,1.0009
12.6145,forward_movement,0.659,0.7096,0.6843,36.35,47.65,0.4241,0.659
12.6479,kick_low,9.0658,8.1102,8.588,67.92,157.17,0.9929,9.0658
12.6812,kick_low,0.72,4.7135,2.7168,40.84,169.03,0.654,0.72
12.7146,kick_low,7.4194,2.6162,5.0178,153.55,153.98,2.4038,7.4194
12.748,kick_low,3.537,6.8226,5.1798,25.4,117.18,3.069,3.537
12.7813,kick_low,9.4958,2.331,5.9134,95.71,160.78,1.2401,9.4958
12.8147,guard_position,8.0839,0.7018,4.3929,141.75,33.45,4.1023,8.0839
12.8481,kick_low,6.268,2.2711,4.2696,104.45,152.51,1.318,6.268
12.8815,guard_position,5.2818,0.1755,2.7287,73.93,93.39,0.8984,5.2818
12.9148,kick_low,0.8042,8.2372,4.5207,57.79,75.34,0.5065,0.8042
12.9482,forward_movement,1.0758,0.8776,0.9767,53.88,76.76,0.4754,1.0758
12.9816,kick_low,1.4066,1.1525,1.2795,62.71,73.01,1.4066,1.3178
13.0149,guard_position,3.5526,0.7737,2.1631,68.54,89.05,2.3073,3.5526
13.0483,guard_position,1.335,0.6573,0.9961,111.97,96.79,0.4567,1.335
13.0817,kick_low,5.0243,1.0256,3.025,161.62,9.5,5.0243,1.7418
13.1151,kick_low,1.5617,3.5476,2.5547,154.6,124.85,1.5617,0.8328
13.1484,kick_low,11.1235,3.5106,7.317,165.69,45.23,10.6405,11.1235
13.1818,kick_low,10.6568,2.2417,6.4492,152.74,160.4,2.7652,10.6568
13.2152,kick_low,2.9922,6.0195,4.5058,160.29,174.87,0.9614,2.9922
13.2485,kick_low,5.5645,7.8459,6.7052,177.23,145.07,5.5645,3.216
13.2819,kick_low,2.3971,9.4568,5.9269,158.67,178.59,2.3919,2.3971
13.3153,kick_low,1.9507,6.7316,4.3412,171.34,133.5,1.6154,1.9507
13.3487,kick_low,4.4328,6.3343,5.3835,171.83,176.15,4.4328,4.2061
13.382,kick_low,7.6785,9.7289,8.7037,160.34,173.94,4.0757,7.6785
13.4154,kick_low,6.9158,6.8776,6.8967,173.89,162.54,2.5349,6.9158
13.4488,kick_low,2.2556,3.1185,2.687,172.03,154.94,1.0945,2.2556
13.4821,kick_low,0.6045,2.1245,1.3645,177.36,142.47,0.206,0.6045
13.5155,kick_low,1.5292,2.1534,1.8413,162.25,167.91,1.5292,0.5171
13.5489,kick_low,1.8106,4.0278,2.9192,173.07,173.66,1.342,1.8106
13.5823,kick_low,1.5825,1.0396,1.3111,172.21,178.56,1.3141,1.5825
13.6156,kick_low,6.265,1.9254,4.0952,152.18,102.37,6.265,4.21
13.649,kick_low,5.4436,4.3503,4.8969,136.5,72.21,5.4436,3.4862
13.6824,kick_low,1.0297,4.7915,2.9106,47.56,68.31,0.8888,1.0297
13.7158,kick_low,1.7565,1.727,1.7418,62.49,60.8,0.8525,1.7565
13.7491,kick_low,2.1611,0.9347,1.5479,42.19,73.68,0.9972,2.1611
13.7825,backward_movement,0.7633,0.401,0.5821,32.77,87.45,0.7633,0.4781
13.8159,guard_position,1.2182,0.3638,0.791,28.84,77.9,0.3385,1.2182
13.8492,backward_movement,0.833,0.3937,0.6134,21.4,76.25,0.6051,0.833
13.8826,backward_movement,0.6632,0.2973,0.4803,35.24,69.89,0.511,0.6632
13.916,backward_movement,1.0246,0.2641,0.6443,37.87,60.89,0.3672,1.0246
13.9494,guard_position,1.4206,0.2837,0.8522,22.52,31.13,0.7509,1.4206
13.9827,backward_movement,0.2629,0.2625,0.2627,22.91,37.67,0.2254,0.2629
14.0161,backward_movement,0.2798,0.2303,0.255,21.56,43.39,0.2463,0.2798
14.0495,backward_movement,0.8142,0.2568,0.5355,24.19,63.87,0.1544,0.8142
14.0828,forward_movement,0.7463,0.1883,0.4673,23.67,66.15,0.0632,0.7463
14.1162,punch_right,1.6254,0.1857,0.9056,25.9,148.08,0.2299,1.6254
14.1496,backward_movement,0.2808,0.1747,0.2278,37.41,140.97,0.2808,0.1737
14.183,guard_position,1.3177,0.2077,0.7627,39.1,91.63,0.1251,1.3177
14.2163,guard_position,1.1327,0.1602,0.6465,46.17,45.81,0.076,1.1327
14.2497,guard_position,1.7291,0.1417,0.9354,45.31,73.85,0.0575,1.7291
14.2831,forward_movement,1.006,0.233,0.6195,42.21,71.65,0.2479,1.006
14.3164,forward_movement,1.0228,0.1735,0.5981,35.29,94.06,0.0786,1.0228
14.3498,guard_position,0.2786,0.0666,0.1726,31.4,88.87,0.1831,0.2786
14.3832,backward_movement,0.3006,0.346,0.3233,29.75,98.04,0.3006,0.1691
14.4166,forward_movement,0.7828,0.1012,0.442,33.73,87.64,0.2891,0.7828
14.4499,kick_low,0.2554,1.0811,0.6682,32.39,104.85,0.1201,0.2554
14.4833,backward_movement,0.9118,0.8502,0.881,30.53,91.4,0.208,0.9118
14.5167,guard_position,1.305,0.144,0.7245,31.01,56.65,0.338,1.305
14.55,punch_right,2.3492,0.0917,1.2204,24.62,122.43,0.3112,2.3492
14.5834,guard_position,0.932,0.2027,0.5673,12.71,111.75,0.4756,0.932
14.6168,forward_movement,0.9818,0.2884,0.6351,26.85,104.49,0.4085,0.9818
14.6502,guard_position,2.5081,0.5444,1.5262,29.6,53.51,0.1669,2.5081
14.6835,kick_low,0.4773,2.8361,1.6567,29.44,83.8,0.3086,0.4773
14.7169,kick_low,0.2734,7.5365,3.9049,29.41,71.27,0.2734,0.2038
14.7503,kick_low,0.6555,4.5946,2.6251,24.5,79.09,0.2876,0.6555
14.7836,kick_low,1.9344,4.2555,3.095,36.34,81.79,0.3174,1.9344
14.817,forward_movement,0.2899,0.1487,0.2193,33.27,90.01,0.2217,0.2899
14.8504,guard_position,0.4303,0.1945,0.3124,27.22,96.25,0.2275,0.4303
14.8838,backward_movement,0.2869,0.1903,0.2386,26.95,99.06,0.2869,0.0193
14.9171,guard_position,0.3955,0.11,0.2527,25.8,103.02,0.3955,0.2876
14.9505,backward_movement,1.0558,0.3059,0.6808,36.74,119.3,1.0558,0.3233
14.9839,guard_position,0.7705,0.1792,0.4749,19.81,113.99,0.7705,0.3966
15.0172,forward_movement,0.5077,0.0627,0.2852,19.22,128.84,0.0537,0.5077
15.0506,guard_position,0.9716,0.1453,0.5585,22.21,111.37,0.2199,0.9716
15.084,backward_movement,0.7167,0.1582,0.4375,24.88,101.05,0.1875,0.7167
15.1174,backward_movement,0.7858,0.1433,0.4645,31.66,85.01,0.3272,0.7858
15.1507,forward_movement,1.0588,0.5552,0.807,35.64,98.68,0.0701,1.0588
15.1841,punch_right,2.2012,0.2939,1.2475,36.49,111.04,0.0324,2.2012
15.2175,guard_position,0.5455,0.1304,0.338,38.2,137.03,0.0474,0.5455
15.2508,kick_low,0.3059,0.9014,0.6037,33.74,135.05,0.1044,0.3059
15.2842,guard_position,2.1193,0.6487,1.384,33.31,85.72,0.0062,2.1193
15.3176,kick_low,1.6472,8.4684,5.0578,34.61,125.85,0.2369,1.6472
15.351,kick_low,0.1156,1.0916,0.6036,33.44,104.28,0.0443,0.1156
15.3843,kick_low,1.629,3.523,2.576,29.89,69.81,0.1747,1.629
15.4177,forward_movement,0.9788,0.4844,0.7316,25.38,90.28,0.0624,0.9788
15.4511,guard_position,1.2998,0.3613,0.8305,36.37,85.59,0.2879,1.2998
15.4844,forward_movement,0.4306,0.6247,0.5277,37.0,93.63,0.2163,0.4306
15.5178,kick_low,0.5235,4.4235,2.4735,28.8,85.42,0.1786,0.5235
15.5512,kick_low,2.591,4.8099,3.7005,31.62,92.84,0.2914,2.591
15.5846,forward_movement,0.34,0.3098,0.3249,21.98,92.73,0.0478,0.34
15.6179,guard_position,1.9705,0.0876,1.029,34.86,87.13,0.8419,1.9705
15.6513,guard_position,2.3263,0.2398,1.283,53.05,61.43,1.0795,2.3263
15.6847,guard_position,1.5542,0.2795,0.9168,85.36,42.78,1.5542,0.7999
15.7181,guard_position,1.1101,0.3072,0.7086,93.52,0.57,0.6463,1.1101
15.7514,guard_position,3.1133,0.5735,1.8434,117.52,95.79,2.924,3.1133
15.7848,kick_low,2.5918,2.6283,2.61,169.71,113.14,2.5918,1.6777
15.8182,kick_low,15.951,8.6807,12.3159,176.95,174.64,15.951,15.4965
15.8515,guard_position,0.0,0.0,0.0,180.0,180.0,0.0,0.0
15.8849,kick_low,16.7049,9.3405,13.0227,150.57,28.24,16.7049,13.0246
15.9183,kick_low,11.3744,7.0386,9.2065,137.03,79.87,11.3744,7.1342
15.9517,kick_low,11.4049,5.2945,8.3497,20.67,95.98,4.9961,11.4049
15.985,kick_low,8.7567,2.6447,5.7007,157.93,141.82,6.0419,8.7567
16.0184,kick_low,4.4346,2.5767,3.5056,149.69,154.61,3.1662,4.4346
16.0518,kick_low,3.3059,6.2921,4.799,140.46,172.09,3.093,3.3059
16.0851,kick_low,4.6586,2.3804,3.5195,129.35,172.55,4.6586,0.2733
16.1185,kick_low,13.0818,21.834,17.4579,146.79,14.59,6.327,13.0818
16.1519,kick_low,13.7105,9.4905,11.6005,141.22,179.45,12.1447,13.7105
16.1853,guard_position,0.0,0.0,0.0,180.0,180.0,0.0,0.0
16.2186,kick_low,22.1083,31.5983,26.8533,86.99,173.2,21.5785,22.1083
16.252,kick_low,3.1874,6.9786,5.083,55.75,145.35,0.7153,3.1874
16.2854,kick_low,4.4759,8.2661,6.371,57.83,134.97,0.5343,4.4759
16.3187,kick_low,3.1881,1.5444,2.3663,77.39,41.9,0.9641,3.1881
16.3521,kick_low,8.4679,5.1864,6.8271,175.77,145.3,8.4679,6.6202
16.3855,kick_low,3.9425,3.2811,3.6118,158.37,164.33,0.7622,3.9425
16.4189,kick_low,3.9499,1.4777,2.7138,162.15,162.43,3.9499,0.8438
16.4522,kick_low,4.4007,1.9439,3.1723,174.82,178.2,4.4007,3.3624
16.4856,punch_right,2.7963,0.3716,1.5839,150.13,165.72,0.7799,2.7963
16.519,guard_position,5.7109,0.5886,3.1497,5.42,18.35,5.7109,3.166
16.5523,kick_low,1.4615,1.1868,1.3241,9.14,96.58,1.2494,1.4615
16.5857,kick_low,6.0505,7.2985,6.6745,16.02,146.83,2.1333,6.0505
16.6191,guard_position,5.3893,0.8414,3.1153,54.06,67.6,1.2843,5.3893
16.6525,guard_position,2.2649,0.2743,1.2696,30.02,38.03,0.2931,2.2649
16.6858,backward_movement,0.9962,0.5959,0.7961,22.47,74.66,0.5368,0.9962
16.7192,punch_right,1.5806,0.2956,0.9381,21.83,119.15,0.3964,1.5806
16.7526,backward_movement,0.6424,0.1787,0.4105,34.97,122.19,0.1521,0.6424
16.7859,guard_position,0.972,0.2773,0.6246,38.38,92.04,0.0631,0.972
16.8193,punch_right,1.3269,0.3906,0.8587,36.36,133.74,0.4789,1.3269
16.8527,guard_position,0.6533,0.3197,0.4865,41.66,103.75,0.2349,0.6533
16.8861,guard_position,0.7247,0.3543,0.5395,48.17,98.19,0.1472,0.7247
16.9194,guard_position,0.1515,0.3929,0.2722,48.84,99.57,0.1515,0.133
16.9528,backward_movement,0.8509,0.3386,0.5948,42.24,57.52,0.3408,0.8509
16.9862,backward_movement,0.7854,0.1915,0.4884,42.01,122.36,0.2464,0.7854
17.0195,guard_position,1.1483,0.0784,0.6134,40.7,28.22,0.1292,1.1483
17.0529,kick_low,0.5028,7.4957,3.9992,35.68,0.77,0.2547,0.5028
17.0863,backward_movement,0.4452,0.299,0.3721,41.28,10.34,0.1763,0.4452
17.1197,kick_low,0.5977,7.965,4.2814,42.89,161.87,0.1052,0.5977
17.153,guard_position,2.17,0.4935,1.3317,48.82,73.3,0.2568,2.17
17.1864,guard_position,2.6936,0.3861,1.5398,46.84,31.66,0.326,2.6936
17.2198,backward_movement,0.6939,0.3832,0.5385,64.83,33.08,0.1301,0.6939
17.2531,guard_position,1.6308,0.3651,0.998,61.46,48.96,0.4522,1.6308
17.2865,kick_low,1.098,7.8135,4.4558,51.35,63.01,0.2447,1.098
17.3199,kick_low,0.9734,4.2522,2.6128,53.09,51.88,0.2002,0.9734
17.3533,kick_low,0.6193,4.2298,2.4246,46.65,50.89,0.6193,0.5341
17.3866,backward_movement,0.1856,0.422,0.3038,44.89,50.41,0.1856,0.0455
17.42,kick_low,0.2983,7.7832,4.0408,41.21,73.84,0.2717,0.2983
17.4534,forward_movement,0.2596,0.8793,0.5695,40.43,86.09,0.2596,0.2489
17.4867,kick_low,0.4231,4.6087,2.5159,40.64,72.24,0.4231,0.2335
17.5201,kick_low,0.6756,4.974,2.8248,36.7,78.81,0.1953,0.6756
17.5535,kick_low,0.4988,7.1357,3.8172,38.35,87.63,0.1153,0.4988
17.5869,forward_movement,0.3113,0.2003,0.2558,35.58,85.47,0.3113,0.2794
17.6202,forward_movement,0.4634,0.3341,0.3987,44.31,65.55,0.4634,0.2403
17.6536,forward_movement,0.3715,0.6393,0.5054,48.36,47.92,0.2722,0.3715
17.687,backward_movement,0.3028,0.1981,0.2505,43.64,48.37,0.2644,0.3028
17.7203,backward_movement,0.1977,0.2721,0.2349,47.06,50.1,0.1977,0.066
17.7537,kick_low,0.4207,0.982,0.7013,42.09,48.58,0.2523,0.4207
17.7871,kick_low,0.4158,6.4967,3.4562,43.87,60.69,0.4158,0.1178
17.8205,kick_low,0.3172,2.7506,1.5339,49.38,68.99,0.1002,0.3172
17.8538,kick_low,0.1999,3.8587,2.0293,45.2,65.61,0.1999,0.1379
17.8872,kick_low,0.1634,2.9886,1.576,42.52,53.67,0.1634,0.0651
17.9206,kick_low,0.7638,1.2256,0.9947,40.83,71.73,0.7638,0.2395
17.954,kick_low,1.0053,1.2938,1.1495,27.47,63.55,0.0514,1.0053
17.9873,guard_position,0.0914,0.7037,0.3976,29.56,66.52,0.0914,0.0529
18.0207,kick_low,0.5371,6.6648,3.6009,26.44,44.58,0.5371,0.0887
18.0541,backward_movement,0.7173,0.2559,0.4866,28.58,39.09,0.2292,0.7173
18.0874,kick_low,0.3328,1.339,0.8359,32.36,48.91,0.3328,0.317
18.1208,kick_low,0.3519,4.2472,2.2996,31.25,51.35,0.2085,0.3519
18.1542,kick_low,0.3231,1.0872,0.7052,36.63,62.64,0.1539,0.3231
18.1876,kick_low,0.3968,6.6989,3.5478,38.29,55.97,0.1345,0.3968
18.2209,guard_position,0.3274,0.6836,0.5055,42.96,61.87,0.1,0.3274
18.2543,guard_position,2.3089,0.3391,1.324,35.62,62.08,0.1736,2.3089
18.2877,kick_low,0.8646,1.9111,1.3878,33.12,45.84,0.3664,0.8646
18.321,backward_movement,0.7475,0.3723,0.5599,25.49,70.57,0.5944,0.7475
18.3544,kick_low,0.5604,4.9795,2.77,18.32,27.69,0.5362,0.5604
18.3878,kick_low,0.6024,3.0113,1.8068,18.45,45.63,0.0514,0.6024
18.4212,kick_low,2.1108,1.3253,1.718,22.18,37.59,0.0953,2.1108
18.4545,kick_low,0.5985,4.2643,2.4314,25.13,64.9,0.5985,0.4239
18.4879,kick_low,0.8706,2.5601,1.7154,46.01,34.75,0.8706,0.1507
18.5213,kick_low,0.3573,2.1107,1.234,43.23,37.22,0.2615,0.3573
18.5546,kick_low,2.1261,3.9768,3.0514,56.21,82.56,2.1261,1.0474
18.588,kick_low,1.9764,2.0853,2.0309,81.21,27.93,1.9764,1.2193
18.6214,kick_low,8.3298,2.4797,5.4048,170.81,177.58,7.1622,8.3298
18.6548,kick_low,4.3667,2.5059,3.4363,171.91,141.54,4.3667,4.3074
18.6881,kick_low,2.2589,2.4527,2.3558,160.55,156.12,2.2589,1.4529
18.7215,guard_position,5.27,0.7644,3.0172,176.63,89.83,1.6314,5.27
18.7549,punch_left,4.9606,0.8915,2.926,174.29,121.25,4.9606,3.5969
18.7882,guard_position,0.0,0.0,0.0,180.0,180.0,0.0,0.0
18.8216,kick_low,7.2073,4.8742,6.0408,39.16,70.96,7.2073,4.4046
18.855,backward_movement,1.009,0.3829,0.6959,41.09,70.22,0.249,1.009
18.8884,guard_position,0.9039,0.2258,0.5648,37.67,90.62,0.4692,0.9039
18.9217,guard_position,1.1455,0.3883,0.7669,38.23,57.52,0.2408,1.1455
18.9551,kick_low,0.6539,2.4654,1.5596,35.26,67.72,0.3408,0.6539
18.9885,kick_low,0.2754,1.6248,0.9501,37.24,53.33,0.1318,0.2754
19.0218,kick_low,0.396,4.2275,2.3117,41.39,53.87,0.396,0.3907
19.0552,backward_movement,0.2914,0.6893,0.4904,35.03,55.15,0.286,0.2914
19.0886,kick_low,0.3496,3.2724,1.811,43.27,61.15,0.2534,0.3496
19.122,guard_position,0.6954,0.7579,0.7267,34.46,63.82,0.6954,0.2408
19.1553,kick_low,0.2624,3.0607,1.6615,39.14,65.53,0.2624,0.0373
19.1887,guard_position,0.2432,0.4941,0.3686,42.52,56.15,0.1422,0.2432
19.2221,kick_low,0.1662,3.2149,1.6905,43.72,65.87,0.1662,0.1576
19.2554,kick_low,0.4677,3.0915,1.7796,40.45,59.51,0.067,0.4677
19.2888,kick_low,0.2747,1.4645,0.8696,35.3,68.06,0.0774,0.2747
19.3222,kick_low,0.1772,0.9629,0.5701,30.72,64.87,0.1772,0.1705
19.3556,kick_low,0.549,2.6465,1.5977,29.7,74.85,0.0609,0.549
19.3889,kick_low,0.1671,5.0453,2.6062,29.35,79.3,0.0824,0.1671
19.4223,forward_movement,0.2724,0.149,0.2107,31.33,66.31,0.2724,0.2308
19.4557,backward_movement,0.3102,0.4613,0.3857,30.76,67.91,0.1913,0.3102
19.489,forward_movement,0.4246,0.2975,0.361,29.94,74.48,0.1921,0.4246
19.5224,forward_movement,0.1616,0.3683,0.2649,23.52,44.69,0.0963,0.1616
19.5558,guard_position,0.3227,0.4875,0.4051,22.44,27.62,0.2484,0.3227
19.5892,kick_low,0.3456,1.7166,1.0311,21.73,56.77,0.3456,0.1314
19.6225,kick_low,0.453,1.0236,0.7383,22.55,61.94,0.453,0.4043
19.6559,kick_low,0.5232,2.2039,1.3636,23.06,66.86,0.3691,0.5232
19.6893,kick_low,0.6236,6.3124,3.468,24.91,55.38,0.3574,0.6236
19.7226,kick_low,4.8364,2.0095,3.4229,116.25,99.71,4.8364,0.2589
19.756,kick_low,6.5589,2.8241,4.6915,123.65,177.4,2.3914,6.5589
19.756,guard_position,0.0,0.0,0.0,57.31,133.9,0.0,0.0
19.7894,kick_low,6.8446,5.6582,6.2514,32.8,62.96,6.8446,6.4735
19.8228,kick_low,1.4687,1.3474,1.408,1.85,42.79,1.4687,0.1841
19.8561,backward_movement,0.909,0.5126,0.7108,16.32,54.53,0.909,0.3853
19.8895,kick_low,0.2263,1.6815,0.9539,25.55,41.48,0.2263,0.1345
19.9229,guard_position,0.5008,0.8514,0.6761,27.93,38.77,0.5008,0.0403
19.9563,forward_movement,0.5633,0.668,0.6157,26.79,31.49,0.3694,0.5633
19.9896,forward_movement,0.7325,0.5877,0.6601,27.43,43.48,0.0954,0.7325
20.023,kick_low,0.5965,4.2665,2.4315,28.63,25.4,0.5965,0.1678
20.0564,kick_low,0.2239,4.1386,2.1813,26.0,36.76,0.2239,0.166
20.0897,kick_low,0.1681,2.5435,1.3558,26.36,36.38,0.1681,0.0213
20.1231,kick_low,0.1767,0.9662,0.5715,28.26,55.59,0.1767,0.08
20.1565,kick_low,0.452,1.3215,0.8868,31.85,62.75,0.1668,0.452
20.1899,kick_low,0.17,4.7544,2.4622,34.61,60.15,0.084,0.17
20.2232,kick_low,0.2171,2.823,1.52,39.44,62.15,0.2117,0.2171
20.2566,kick_low,0.2786,2.3505,1.3145,38.45,59.85,0.0681,0.2786
20.29,forward_movement,0.1856,0.6278,0.4067,41.46,53.71,0.1487,0.1856
20.3233,guard_position,0.2215,0.453,0.3373,41.91,57.61,0.2125,0.2215
20.3567,kick_low,0.1671,6.1333,3.1502,40.25,62.14,0.0605,0.1671
20.3901,forward_movement,0.2837,0.5532,0.4185,37.37,65.28,0.1516,0.2837
20.4235,kick_low,0.3534,2.2262,1.2898,38.9,59.57,0.1957,0.3534
20.4568,kick_low,0.2183,2.6041,1.4112,39.94,65.17,0.2183,0.1439
20.4902,guard_position,0.2171,0.5004,0.3587,38.21,72.94,0.0849,0.2171
20.5236,forward_movement,0.339,0.6176,0.4783,36.66,71.27,0.1533,0.339
20.5569,kick_low,0.3798,4.3745,2.3771,35.77,76.56,0.3798,0.3663
20.5903,kick_low,2.72,4.1352,3.4276,35.61,110.58,0.4217,2.72
20.6237,forward_movement,0.422,0.385,0.4035,34.11,107.72,0.2849,0.422
20.6571,forward_movement,0.5175,0.5179,0.5177,33.3,102.69,0.2773,0.5175
20.6904,kick_low,0.8735,4.944,2.9088,33.43,78.75,0.282,0.8735
20.7238,kick_low,1.9434,3.4215,2.6825,38.26,91.08,0.4675,1.9434
20.7572,forward_movement,0.1842,0.5898,0.387,37.45,88.44,0.1842,0.1426
20.7905,backward_movement,0.2676,0.5105,0.389,41.91,90.97,0.065,0.2676
20.8239,kick_low,0.5899,2.5341,1.562,38.57,84.18,0.5746,0.5899
20.8573,kick_low,0.7122,4.7551,2.7337,39.94,85.27,0.3225,0.7122
20.8907,backward_movement,0.8715,0.4127,0.6421,37.19,90.03,0.3589,0.8715
20.924,guard_position,0.7141,0.7814,0.7477,34.67,80.02,0.193,0.7141
20.9574,forward_movement,1.0492,0.7995,0.9243,36.97,70.99,0.2101,1.0492
20.9908,kick_low,0.4321,0.9411,0.6866,35.5,83.62,0.1656,0.4321
21.0241,guard_position,0.7964,0.177,0.4867,34.19,84.8,0.1801,0.7964
21.0575,backward_movement,0.563,0.852,0.7075,30.74,80.93,0.2984,0.563
21.0909,kick_low,0.6573,0.9093,0.7833,32.45,91.31,0.0592,0.6573
21.1243,guard_position,0.3003,0.2555,0.2779,34.2,90.52,0.0405,0.3003
21.1576,guard_position,0.3831,0.1405,0.2618,35.23,87.17,0.1733,0.3831
21.191,forward_movement,0.2733,0.6195,0.4464,36.13,90.52,0.1319,0.2733
21.2244,guard_position,0.4111,0.4969,0.454,35.92,81.75,0.0658,0.4111
21.2577,kick_low,1.3807,1.6929,1.5368,36.64,73.43,0.1071,1.3807
21.2911,kick_low,0.3134,0.9164,0.6149,41.34,74.65,0.2959,0.3134
21.3245,guard_position,1.9035,0.1018,1.0027,49.23,84.92,0.4991,1.9035
21.3579,kick_low,0.8018,1.4088,1.1053,61.85,87.68,0.7949,0.8018
21.3912,punch_right,2.0498,0.5457,1.2977,87.18,115.98,1.3818,2.0498
21.4246,kick_low,1.4857,3.1143,2.3,104.98,57.78,1.0728,1.4857
21.458,punch_left,1.2478,0.8033,1.0255,129.32,75.04,1.2478,0.2747
21.4913,kick_low,0.9023,3.402,2.1521,132.49,111.25,0.2867,0.9023
21.5247,kick_low,1.3805,1.1089,1.2447,125.71,107.61,0.5102,1.3805
21.5581,kick_low,1.1469,1.0529,1.0999,116.38,111.85,0.8425,1.1469
21.5915,kick_low,2.4635,2.138,2.3008,98.58,106.51,0.3813,2.4635
21.6248,kick_low,2.521,1.4351,1.978,88.42,122.25,0.3984,2.521
21.6582,kick_low,1.7742,1.0866,1.4304,85.04,88.12,0.4361,1.7742
21.6916,guard_position,1.4432,0.3267,0.8849,83.19,83.19,0.6122,1.4432
21.7249,guard_position,1.0634,0.7444,0.9039,78.7,95.81,0.1632,1.0634
21.7583,kick_low,0.3196,7.7015,4.0106,78.06,85.71,0.1582,0.3196
21.7917,kick_low,3.0772,4.1064,3.5918,79.72,111.9,0.4245,3.0772
21.8251,kick_low,3.7369,4.4495,4.0932,72.38,103.11,0.6846,3.7369
21.8584,kick_low,0.6006,5.3163,2.9585,70.23,94.09,0.2176,0.6006
21.8918,kick_low,0.8617,5.2504,3.0561,72.97,103.05,0.4113,0.8617
21.9252,kick_low,1.5913,0.9688,1.2801,78.61,119.01,0.2235,1.5913
21.9586,punch_right,1.4251,0.2716,0.8484,85.24,108.22,0.5855,1.4251
21.9919,kick_low,0.9594,5.3522,3.1558,87.2,97.04,0.2812,0.9594
22.0253,kick_low,0.5375,4.5684,2.5529,82.75,93.4,0.5375,0.3533
22.0587,kick_low,0.4962,1.828,1.1621,79.43,86.34,0.2197,0.4962
22.092,kick_low,0.7749,6.9584,3.8667,70.03,82.4,0.3043,0.7749
22.1254,kick_low,0.539,0.9672,0.7531,73.18,73.56,0.2117,0.539
22.1588,kick_low,0.4325,4.2748,2.3537,63.23,70.64,0.4325,0.2784
22.1922,forward_movement,0.2467,0.8249,0.5358,59.63,67.81,0.2467,0.1541
22.2255,backward_movement,0.2908,0.5795,0.4352,60.27,64.39,0.2908,0.2641
22.2589,backward_movement,0.3341,0.4355,0.3848,57.38,64.03,0.3341,0.1513
22.2923,kick_low,0.5464,5.6778,3.1121,54.43,71.22,0.3085,0.5464
22.3256,backward_movement,0.3016,0.6484,0.475,48.11,66.69,0.1985,0.3016
22.359,kick_low,0.2385,4.2017,2.2201,47.06,55.19,0.1993,0.2385
22.3924,kick_low,0.4413,4.8896,2.6654,41.57,61.49,0.4413,0.395
22.4258,backward_movement,0.5032,0.3683,0.4358,44.88,78.69,0.4438,0.5032
22.4591,kick_low,0.2654,2.0081,1.1367,37.22,66.83,0.2059,0.2654
22.4925,kick_low,0.4151,1.4286,0.9219,39.92,72.2,0.4151,0.2467
22.5259,kick_low,0.3213,0.9121,0.6167,46.69,71.58,0.3213,0.1387
22.5592,forward_movement,0.504,0.175,0.3395,44.46,69.4,0.0886,0.504
22.5926,guard_position,0.2417,0.7527,0.4972,42.51,66.54,0.2417,0.2344
22.626,kick_low,0.4755,2.0358,1.2557,45.14,67.9,0.3032,0.4755
22.6594,backward_movement,0.2012,0.176,0.1886,43.74,76.02,0.2012,0.1368
22.6927,guard_position,0.2296,0.0252,0.1274,44.36,74.44,0.2296,0.091
22.7261,guard_position,0.1362,0.3019,0.2191,43.89,77.79,0.1334,0.1362
22.7595,guard_position,0.3721,0.3281,0.3501,37.89,83.41,0.3721,0.1531
22.7928,kick_low,0.2422,1.2925,0.7674,38.8,79.72,0.1315,0.2422
22.8262,guard_position,0.1708,0.1809,0.1759,41.82,78.68,0.1708,0.1171
22.8596,guard_position,0.7107,0.154,0.4323,37.48,55.76,0.1071,0.7107
22.893,forward_movement,0.4687,0.1437,0.3062,42.99,58.58,0.2094,0.4687
22.9263,backward_movement,1.0276,0.347,0.6873,41.03,63.67,0.0472,1.0276
22.9597,forward_movement,0.8101,0.8012,0.8057,46.72,57.18,0.433,0.8101
22.9931,forward_movement,0.3796,0.2095,0.2946,34.25,68.35,0.3584,0.3796
23.0264,guard_position,0.2557,0.8118,0.5338,42.17,63.77,0.0991,0.2557
23.0598,guard_position,0.6471,0.2987,0.4729,53.76,67.51,0.4911,0.6471
23.0932,guard_position,1.0106,0.3476,0.6791,46.36,68.64,0.1682,1.0106
23.1266,kick_low,0.5386,0.9254,0.732,42.72,80.54,0.0551,0.5386
23.1599,kick_low,0.7594,1.4829,1.1212,40.2,66.87,0.1154,0.7594
23.1933,forward_movement,0.4113,0.1312,0.2712,39.13,59.23,0.0505,0.4113
23.2267,kick_low,1.0682,1.1462,1.1072,41.05,58.18,0.186,1.0682
23.26,backward_movement,0.2741,0.2473,0.2607,37.91,68.62,0.1896,0.2741
23.2934,guard_position,0.5084,0.7859,0.6471,37.63,69.72,0.5084,0.1541
23.3268,kick_low,0.405,1.9297,1.1673,38.53,75.04,0.405,0.3156
23.3602,kick_low,1.1223,3.1184,2.1203,31.62,80.01,0.1971,1.1223
23.3935,kick_low,1.6701,4.2984,2.9843,42.3,116.54,0.3025,1.6701
23.4269,backward_movement,0.4718,0.7994,0.6356,42.73,126.48,0.0619,0.4718
23.4603,guard_position,2.6416,0.6928,1.6672,48.68,94.34,0.1575,2.6416
23.4936,backward_movement,0.3293,0.7309,0.5301,41.33,74.4,0.1162,0.3293
23.527,kick_low,0.7196,2.1742,1.4469,35.44,62.19,0.2615,0.7196
23.5604,forward_movement,0.5475,0.2571,0.4023,29.89,66.51,0.381,0.5475
23.5938,kick_low,0.9044,1.6746,1.2895,33.51,67.27,0.1327,0.9044
23.6271,kick_low,0.1443,0.9933,0.5688,33.5,70.13,0.1443,0.1105
23.6605,forward_movement,0.203,0.6053,0.4042,32.83,62.69,0.1875,0.203
23.6939,guard_position,0.2046,0.7955,0.5001,35.22,72.13,0.129,0.2046
23.7272,kick_low,0.9035,1.4157,1.1596,36.34,77.92,0.089,0.9035
23.7606,backward_movement,0.2867,0.554,0.4204,37.12,83.13,0.0725,0.2867
23.794,backward_movement,0.9546,0.0909,0.5228,49.58,84.85,0.2666,0.9546
23.8274,backward_movement,0.7108,0.3262,0.5185,60.18,92.18,0.7108,0.6494
23.8607,guard_position,0.7726,0.3555,0.5641,76.91,81.84,0.7726,0.6267
23.8941,forward_movement,0.9192,0.2823,0.6007,85.41,90.32,0.8583,0.9192
23.9275,guard_position,0.9382,0.536,0.7371,100.29,93.86,0.9382,0.6279
23.9608,punch_left,2.3898,0.292,1.3409,127.04,90.01,2.3898,0.2402
23.9942,forward_movement,1.0762,0.1716,0.6239,137.34,107.1,1.0762,0.5428
24.0276,kick_low,4.2651,1.2841,2.7746,169.6,105.24,4.2651,1.4318
24.061,kick_low,1.066,2.094,1.58,173.95,113.1,0.6553,1.066
24.0943,kick_low,1.1901,0.9865,1.0883,152.9,62.67,0.3173,1.1901
24.1277,punch_left,1.1829,0.5708,0.8769,132.63,44.95,1.1829,0.3113
24.1611,punch_left,2.7896,0.8538,1.8217,111.04,37.9,2.7896,1.2892
24.1945,guard_position,1.7992,0.2086,1.0039,78.69,60.56,1.7992,1.1414
24.2278,guard_position,1.4486,0.5947,1.0217,86.27,45.13,0.2185,1.4486
24.2612,kick_low,0.9102,1.1826,1.0464,81.33,92.96,0.3536,0.9102
24.2946,backward_movement,0.634,0.4751,0.5545,73.62,76.63,0.634,0.5574
24.3279,backward_movement,0.7591,0.4422,0.6007,65.1,83.04,0.7591,0.5172
24.3613,backward_movement,0.6772,0.6821,0.6796,64.36,72.14,0.5001,0.6772
24.3947,backward_movement,0.5387,0.1228,0.3308,63.42,74.41,0.5387,0.4944
24.4281,backward_movement,0.3584,0.1422,0.2503,61.32,77.55,0.3584,0.349
24.4614,backward_movement,0.4925,0.2024,0.3474,56.21,81.66,0.4925,0.1414
24.4948,backward_movement,0.4631,0.1368,0.2999,56.92,76.76,0.2973,0.4631
24.5282,backward_movement,0.3264,0.2837,0.3051,55.78,74.55,0.3264,0.2894
24.5615,backward_movement,0.2434,0.5199,0.3817,57.11,78.93,0.2434,0.178
24.5949,backward_movement,0.2348,0.5658,0.4003,56.34,81.29,0.2348,0.2183
24.6283,backward_movement,0.4476,0.1734,0.3105,53.16,80.41,0.4476,0.2773
24.6617,backward_movement,0.1578,0.5776,0.3677,55.87,75.48,0.091,0.1578
24.695,backward_movement,0.1463,0.3556,0.2509,57.4,75.55,0.1197,0.1463
24.7284,backward_movement,0.2218,0.4316,0.3267,59.16,76.5,0.2218,0.2127
24.7618,backward_movement,0.3765,0.6607,0.5186,57.73,76.12,0.3765,0.0591
24.7951,kick_low,2.6114,1.4787,2.0451,54.98,113.92,0.3519,2.6114
24.8285,guard_position,2.1291,0.1493,1.1392,53.05,63.74,0.1621,2.1291
24.8619,forward_movement,0.4316,0.2486,0.3401,47.44,57.63,0.3935,0.4316
24.8953,backward_movement,0.4261,0.7859,0.606,48.66,55.16,0.3162,0.4261
24.9286,kick_low,0.1687,1.2851,0.7269,50.23,61.71,0.1135,0.1687
24.962,forward_movement,0.1583,0.255,0.2067,51.64,60.32,0.1583,0.1394
24.9954,kick_low,0.4078,3.5595,1.9836,46.28,64.06,0.1342,0.4078
25.0287,guard_position,0.4309,0.6615,0.5462,45.28,68.88,0.1911,0.4309
25.0621,guard_position,0.5986,0.7168,0.6577,46.1,59.29,0.1925,0.5986
25.0955,guard_position,0.3682,0.1634,0.2658,41.56,56.9,0.3682,0.172
25.1289,guard_position,0.4799,0.0773,0.2786,41.79,60.83,0.327,0.4799
25.1622,kick_low,0.2053,1.017,0.6111,44.61,66.08,0.2053,0.1066
25.1956,backward_movement,0.2118,0.2021,0.2069,43.2,68.61,0.2118,0.1019
25.229,guard_position,0.4723,0.1078,0.2901,34.9,62.19,0.0178,0.4723
25.2623,guard_position,0.3227,0.5443,0.4335,38.14,67.82,0.2417,0.3227
25.2957,kick_low,0.2125,1.1294,0.6709,43.74,63.03,0.2125,0.1726
25.3291,backward_movement,0.2051,0.0564,0.1308,45.11,65.16,0.0966,0.2051
25.3625,forward_movement,0.237,0.6084,0.4227,42.31,66.37,0.237,0.1384
25.3958,kick_low,0.1685,2.1562,1.1623,40.27,62.39,0.1685,0.0392
25.4292,backward_movement,0.4541,0.8332,0.6437,46.41,61.86,0.4541,0.3788
25.4626,forward_movement,0.1977,0.3308,0.2643,43.71,58.74,0.1389,0.1977
25.4959,backward_movement,0.1372,0.6123,0.3748,38.28,55.47,0.0856,0.1372
25.5293,backward_movement,0.3323,0.6115,0.4719,35.61,55.67,0.3323,0.1619
25.5627,forward_movement,0.2038,0.7226,0.4632,38.73,51.87,0.1712,0.2038
25.5961,backward_movement,0.4178,0.7987,0.6082,41.3,52.46,0.1062,0.4178
25.6294,guard_position,0.2141,0.387,0.3006,39.68,57.54,0.2141,0.1575
25.6628,guard_position,0.2658,0.1934,0.2296,43.15,60.32,0.2658,0.0947
25.6962,guard_position,0.2427,0.1293,0.186,48.28,69.87,0.0533,0.2427
25.7295,kick_low,0.3516,1.2127,0.7822,49.26,68.57,0.0616,0.3516
25.7629,forward_movement,0.292,0.4927,0.3923,47.37,66.62,0.1613,0.292
25.7963,forward_movement,0.2139,0.1448,0.1794,40.51,72.35,0.0288,0.2139
25.8297,forward_movement,0.0584,0.5041,0.2813,39.69,72.08,0.0584,0.0518
25.863,kick_low,0.1261,1.0292,0.5777,38.65,75.17,0.1261,0.0701
25.863,guard_position,0.0,0.0,0.0,42.94,92.47,0.0,0.0
25.8964,forward_movement,0.3458,0.6255,0.4857,38.01,40.41,0.3458,0.3223
25.8964,forward_movement,0.6358,0.3644,0.5001,37.62,84.24,0.3091,0.6358
25.9298,kick_low,0.6842,2.0278,1.356,36.66,50.17,0.6842,0.3989
25.9298,kick_low,0.6513,3.0438,1.8476,38.89,61.67,0.6493,0.6513
25.9631,forward_movement,0.7988,0.7952,0.797,36.14,33.11,0.64,0.7988
25.9631,kick_low,0.6481,4.7818,2.715,41.85,71.66,0.0615,0.6481
25.9965,kick_low,0.2745,3.4249,1.8497,34.87,1.16,0.2745,0.209
25.9965,kick_low,0.3614,4.1587,2.2601,45.77,80.01,0.2928,0.3614
26.0299,kick_low,1.1846,2.6008,1.8927,49.51,36.63,1.1846,0.5778
26.0633,kick_low,1.2597,3.0269,2.1433,67.91,60.29,0.4704,1.2597
26.0966,kick_low,1.042,1.202,1.122,91.74,75.63,0.8705,1.042
26.13,kick_low,4.1904,2.7166,3.4535,84.18,145.12,0.5006,4.1904
26.1634,kick_low,4.2892,3.2882,3.7887,51.27,88.81,1.318,4.2892
26.1968,kick_low,0.6184,4.7436,2.681,55.61,97.61,0.086,0.6184
26.2301,kick_low,1.3804,1.6171,1.4988,59.37,129.78,0.1794,1.3804
26.2635,punch_right,2.7125,0.5303,1.6214,57.49,151.5,0.172,2.7125
26.2969,punch_right,1.5471,0.4976,1.0223,84.03,127.65,1.1359,1.5471
26.3302,guard_position,1.9684,0.5499,1.2591,84.53,103.31,0.1739,1.9684
26.3636,kick_low,1.1509,5.3898,3.2703,77.82,90.05,0.3018,1.1509
26.397,kick_low,0.5021,4.229,2.3656,60.81,84.1,0.5021,0.3772
26.4304,forward_movement,0.1258,0.7408,0.4333,56.54,74.98,0.1258,0.1157
26.4304,kick_low,1.235,2.0281,1.6316,60.21,95.02,0.8087,1.235
26.4637,kick_low,0.3817,4.9235,2.6526,59.39,72.1,0.3817,0.3334
26.4971,kick_low,0.5034,3.4323,1.9678,53.6,52.27,0.0501,0.5034
26.5305,kick_low,0.8023,1.5118,1.157,39.32,47.73,0.3629,0.8023
26.5638,backward_movement,0.2476,0.0867,0.1671,41.03,59.99,0.2476,0.1351
26.5638,kick_low,0.5931,1.3193,0.9562,46.62,76.77,0.5931,0.4897
26.5972,forward_movement,1.0526,0.3098,0.6812,39.55,52.5,0.5001,1.0526
26.5972,kick_low,0.4112,1.2269,0.8191,35.98,79.59,0.4112,0.2827
26.6306,backward_movement,0.3367,0.1907,0.2637,40.98,41.76,0.1587,0.3367
26.6306,kick_low,0.3078,2.4037,1.3557,37.87,90.48,0.2452,0.3078
26.664,kick_low,0.5244,2.7733,1.6489,43.03,63.3,0.0729,0.5244
26.664,kick_low,0.3005,1.9253,1.1129,36.4,74.2,0.2276,0.3005
26.6973,kick_low,0.3511,3.4841,1.9176,36.67,48.72,0.1891,0.3511
26.6973,kick_low,0.1537,1.7133,0.9335,38.63,79.04,0.1132,0.1537
26.7307,guard_position,0.3407,0.5112,0.426,41.92,93.02,0.2596,0.3407
26.7307,kick_low,0.0769,0.949,0.5129,37.57,97.04,0.0769,0.0719
26.7641,kick_low,0.5095,1.0086,0.7591,41.92,49.94,0.1177,0.5095
26.7974,kick_low,0.4607,1.4364,0.9485,42.22,62.84,0.0469,0.4607
26.8308,kick_low,0.2617,2.8631,1.5624,38.48,69.5,0.2617,0.1596
26.8642,kick_low,0.5285,1.8157,1.1721,47.33,79.48,0.5285,0.0706
26.8976,kick_low,0.3278,2.576,1.4519,40.75,73.83,0.3278,0.1746
26.9309,forward_movement,0.4979,0.4321,0.465,39.62,74.79,0.4979,0.2263
26.9643,kick_low,0.2658,5.0639,2.6649,42.69,76.61,0.2658,0.1621
26.9977,kick_low,0.2872,4.538,2.4126,48.72,72.66,0.2872,0.2232
27.031,forward_movement,0.1786,0.2261,0.2023,49.69,73.01,0.0473,0.1786
27.0644,kick_low,0.1642,3.4964,1.8303,48.62,75.71,0.1642,0.0861
27.0978,kick_low,0.3259,1.3785,0.8522,46.77,77.89,0.3259,0.0259
27.1312,kick_low,0.3579,1.4223,0.8901,42.89,74.9,0.0252,0.3579
27.1645,forward_movement,0.5061,0.4781,0.4921,45.76,64.5,0.193,0.5061
27.1645,kick_low,0.9247,2.624,1.7744,45.39,91.02,0.9247,0.9007
27.1979,kick_low,0.3902,3.7776,2.0839,44.23,44.35,0.0974,0.3902
27.1979,kick_low,0.3166,5.1989,2.7577,44.65,91.99,0.3166,0.2252
27.2313,kick_low,0.3937,2.9577,1.6757,44.25,48.14,0.3937,0.2769
27.2313,kick_low,0.3581,4.7468,2.5525,52.34,98.66,0.3581,0.2328
27.2646,kick_low,0.9261,1.047,0.9866,64.89,69.5,0.7291,0.9261
27.2646,kick_low,0.53,1.7269,1.1284,53.48,84.55,0.2477,0.53
27.298,kick_low,0.5258,3.2886,1.9072,55.98,69.34,0.5258,0.3417
27.298,kick_low,0.2537,3.3225,1.7881,45.14,94.52,0.2537,0.1252
27.3314,kick_low,0.8318,1.7554,1.2936,41.02,55.87,0.1704,0.8318
27.3314,kick_low,0.3607,3.7945,2.0776,47.24,67.49,0.2662,0.3607
27.3648,kick_low,0.8049,1.3929,1.0989,40.22,37.33,0.8049,0.3681
27.3648,kick_low,0.628,0.9746,0.8013,46.05,65.03,0.628,0.2132
27.3981,kick_low,0.5707,4.3032,2.437,53.07,66.27,0.5707,0.2695
27.3981,kick_low,0.4732,3.46,1.9666,37.1,95.9,0.2206,0.4732
27.4315,kick_low,0.4402,1.0625,0.7513,45.11,59.68,0.4402,0.1999
27.4315,forward_movement,0.9093,0.3426,0.6259,36.31,86.23,0.3004,0.9093
27.4649,kick_low,0.386,2.5121,1.449,27.51,62.97,0.2558,0.386
27.4649,backward_movement,0.709,0.6474,0.6782,39.02,93.37,0.1239,0.709
27.4982,kick_low,0.3947,3.5029,1.9488,32.88,69.83,0.2975,0.3947
27.5316,backward_movement,0.4599,0.8158,0.6378,40.72,80.61,0.4599,0.4595
27.5316,kick_low,0.8175,1.5383,1.1779,44.67,90.09,0.5707,0.8175
27.565,kick_low,0.451,1.6218,1.0364,39.71,76.75,0.1412,0.451
27.5984,backward_movement,0.5762,0.4147,0.4954,51.24,85.35,0.471,0.5762
27.6317,forward_movement,0.0901,0.5771,0.3336,57.54,80.32,0.0892,0.0901
27.6651,kick_low,0.3329,1.1292,0.7311,69.75,76.21,0.3329,0.2243
27.6985,kick_low,0.2906,2.7419,1.5162,66.8,81.36,0.2906,0.0156
27.7318,backward_movement,0.2655,0.3046,0.285,70.16,96.1,0.2655,0.2177
27.7652,backward_movement,0.5052,0.1758,0.3405,79.8,98.91,0.5052,0.2464
27.7986,guard_position,1.5671,0.3802,0.9737,98.64,99.62,0.7986,1.5671
27.832,kick_low,1.6376,2.7207,2.1792,133.04,112.44,1.565,1.6376
27.8653,kick_low,2.6089,1.7232,2.166,148.06,135.49,2.6089,1.9048
27.8987,kick_low,1.3857,3.6797,2.5327,160.14,128.53,0.9157,1.3857
27.9321,kick_low,0.6341,1.7717,1.2029,153.68,115.33,0.6341,0.4282
27.9654,forward_movement,0.1603,0.7837,0.472,136.05,123.76,0.1389,0.1603
27.9988,kick_low,0.6143,1.3861,1.0002,126.2,114.41,0.3119,0.6143
28.0322,kick_low,1.2113,1.0553,1.1333,132.26,162.49,1.2113,0.9748
28.0656,guard_position,2.8807,0.2521,1.5664,116.58,104.59,0.6549,2.8807
28.0989,guard_position,1.583,0.6813,1.1321,95.07,130.82,1.583,0.6347
28.1323,kick_low,5.1428,3.1894,4.1661,91.6,96.2,0.7058,5.1428
28.1657,kick_low,0.5576,2.9281,1.7428,90.4,92.57,0.4654,0.5576
28.199,guard_position,0.7709,0.2253,0.4981,90.48,95.54,0.1865,0.7709
28.2324,kick_low,3.1339,7.0766,5.1053,83.24,135.17,0.3303,3.1339
28.2658,backward_movement,1.094,0.3425,0.7183,77.84,168.82,1.094,0.6082
28.2658,kick_low,4.5884,7.3343,5.9613,76.46,136.12,2.2918,4.5884
28.2992,backward_movement,0.4174,0.2533,0.3354,82.12,167.45,0.1346,0.4174
28.3325,guard_position,1.1032,0.3061,0.7046,72.88,158.28,1.1032,0.2383
28.3659,punch_right,2.5576,0.3184,1.438,64.47,126.3,0.4682,2.5576
28.3993,guard_position,1.6208,0.4679,1.0444,98.15,117.85,1.6208,0.8099
28.4327,backward_movement,1.0451,0.1364,0.5908,85.37,91.45,0.6707,1.0451
28.466,guard_position,1.4836,0.0895,0.7866,84.65,69.72,0.1108,1.4836
28.4994,backward_movement,0.6179,0.1315,0.3747,76.66,83.7,0.4199,0.6179
28.5328,kick_low,0.6452,7.1117,3.8785,65.21,74.79,0.2963,0.6452
28.5661,kick_low,0.335,6.4652,3.4001,54.77,64.35,0.335,0.2283
28.5995,kick_low,0.5834,1.0281,0.8057,49.05,60.11,0.0441,0.5834
28.6329,kick_low,0.2459,2.2766,1.2612,54.83,62.69,0.0784,0.2459
28.6663,kick_low,0.2146,1.1488,0.6817,56.44,61.88,0.2146,0.1799
28.6996,kick_low,0.1748,6.7466,3.4607,54.83,63.82,0.1748,0.0184
28.733,kick_low,0.1813,2.0362,1.1087,48.12,65.21,0.1813,0.0457
28.7664,kick_low,0.1727,2.2912,1.2319,53.94,70.27,0.1642,0.1727
28.7997,backward_movement,0.1531,0.2743,0.2137,50.34,76.46,0.1531,0.1122
28.8331,backward_movement,0.3066,0.1931,0.2499,44.98,78.73,0.1833,0.3066
28.8665,forward_movement,0.2683,0.3071,0.2877,49.03,73.23,0.1261,0.2683
28.8999,forward_movement,0.2235,0.2156,0.2195,47.6,67.21,0.0313,0.2235
28.9332,guard_position,0.2461,0.0579,0.152,43.84,68.41,0.2461,0.0841
28.9666,backward_movement,0.4555,0.0887,0.2721,40.57,70.02,0.1532,0.4555
29.0,kick_low,0.1491,6.5945,3.3718,46.37,68.51,0.1491,0.0574
29.0333,kick_low,0.1994,6.8334,3.5164,48.82,68.18,0.1994,0.1637
29.0667,kick_low,0.3895,3.8271,2.1083,38.48,76.59,0.3895,0.3031
29.1001,kick_low,0.2357,3.8122,2.024,42.15,73.72,0.1641,0.2357
29.1335,backward_movement,0.1923,0.1402,0.1662,47.51,74.78,0.1923,0.0671
29.1668,forward_movement,0.5128,0.1564,0.3346,45.34,68.98,0.3926,0.5128
29.2002,backward_movement,0.146,0.5698,0.3579,42.09,72.5,0.146,0.1201
29.2336,backward_movement,0.3665,0.7607,0.5636,44.72,55.89,0.1488,0.3665
29.2669,backward_movement,0.4625,0.1033,0.2829,45.33,64.13,0.1811,0.4625
29.3003,backward_movement,0.3543,0.0957,0.225,47.24,70.68,0.083,0.3543
29.3337,forward_movement,0.4405,0.1235,0.282,40.4,73.92,0.4405,0.1019
29.3671,guard_position,0.1098,0.2274,0.1686,41.74,61.13,0.0594,0.1098
29.4004,forward_movement,0.2737,0.3574,0.3155,41.04,53.46,0.0776,0.2737
29.4338,guard_position,0.2383,0.1302,0.1842,41.77,53.55,0.1586,0.2383
29.4672,backward_movement,0.1199,0.2542,0.1871,43.62,61.06,0.0838,0.1199
29.5005,guard_position,0.0977,0.112,0.1049,39.44,62.46,0.0977,0.0496
29.5339,kick_low,0.5333,1.54,1.0367,35.28,62.08,0.5333,0.0706
29.5673,backward_movement,0.2477,0.403,0.3253,35.28,75.98,0.2477,0.196
29.6007,kick_low,0.3639,2.1714,1.2677,37.23,87.91,0.3639,0.2882
29.634,kick_low,0.5046,4.0349,2.2698,37.01,73.08,0.0325,0.5046
29.6674,forward_movement,0.9813,0.1303,0.5558,41.16,73.48,0.1423,0.9813
29.7008,forward_movement,0.2728,0.2826,0.2777,46.62,72.43,0.1832,0.2728
29.7341,backward_movement,0.4218,0.27,0.3459,40.47,76.7,0.1498,0.4218
29.7675,forward_movement,0.4358,0.3334,0.3846,39.46,69.25,0.0763,0.4358
29.8009,kick_low,0.244,1.2906,0.7673,39.09,72.82,0.244,0.0493
29.8343,kick_low,0.2298,1.7526,0.9912,42.17,65.47,0.139,0.2298
29.8676,kick_low,0.4361,8.4897,4.4629,49.52,76.62,0.214,0.4361
29.901,kick_low,0.6621,7.5257,4.0939,47.4,64.6,0.416,0.6621
29.9344,guard_position,1.1291,0.4459,0.7875,37.89,84.89,0.3568,1.1291
29.9677,backward_movement,0.2624,0.2777,0.2701,35.62,81.63,0.2624,0.2149
30.0011,guard_position,1.3748,0.2571,0.8159,35.73,78.45,1.3748,0.4951
30.0345,guard_position,1.0533,0.5737,0.8135,59.69,103.47,0.3943,1.0533
30.0679,forward_movement,0.9519,0.1859,0.5689,61.33,133.26,0.9297,0.9519
30.1012,backward_movement,0.3973,0.1755,0.2864,70.79,115.94,0.3973,0.1996
30.1346,forward_movement,0.5029,0.3633,0.4331,63.85,126.35,0.2891,0.5029
30.168,punch_right,1.2414,0.4738,0.8576,77.72,153.71,0.2762,1.2414
30.2013,kick_low,0.6231,7.2391,3.9311,72.75,153.11,0.2069,0.6231
30.2347,forward_movement,1.0699,0.4601,0.765,62.65,102.22,0.1306,1.0699
30.2681,kick_low,3.3972,2.5475,2.9723,73.57,104.22,0.322,3.3972
30.3015,kick_low,2.8753,2.4728,2.674,58.7,152.71,0.3049,2.8753
30.3348,forward_movement,1.0316,0.4539,0.7427,68.14,146.52,0.3369,1.0316
30.3682,forward_movement,0.6812,0.2489,0.4651,44.05,133.09,0.2447,0.6812
30.4016,guard_position,0.7709,0.4,0.5855,41.85,118.71,0.2298,0.7709
30.435,guard_position,1.1266,0.2958,0.7112,44.11,92.23,0.301,1.1266
30.4683,guard_position,1.2546,0.1811,0.7179,63.76,87.84,0.7038,1.2546
30.5017,backward_movement,0.8299,0.2038,0.5168,65.1,97.12,0.2636,0.8299
30.5351,kick_low,0.7225,2.6074,1.665,77.42,115.01,0.7225,0.2778
30.5684,kick_low,0.8108,7.0981,3.9545,97.45,116.74,0.8108,0.6522
30.6018,punch_right,1.1266,0.2958,0.7112,105.39,111.31,0.4768,1.1266
30.6352,guard_position,1.7462,0.187,0.9666,101.68,88.01,0.5178,1.7462
30.6686,backward_movement,0.7213,0.3005,0.5109,93.85,85.64,0.6423,0.7213
30.7019,backward_movement,0.7987,0.14,0.4693,85.32,87.96,0.7987,0.3096
30.7353,backward_movement,0.8,0.2001,0.5,75.9,99.83,0.8,0.7292
30.7687,backward_movement,1.0222,0.1806,0.6014,59.47,95.6,1.0222,0.8164
30.802,backward_movement,0.5147,0.1386,0.3266,52.41,99.16,0.4108,0.5147
30.8354,backward_movement,0.4907,0.2047,0.3477,52.61,95.25,0.1225,0.4907
30.8688,guard_position,0.5933,0.2513,0.4223,39.41,94.83,0.5933,0.3886
30.9022,guard_position,1.3386,0.0845,0.7115,44.5,97.6,0.3198,1.3386
30.9355,guard_position,0.609,0.1917,0.4003,44.36,85.38,0.2478,0.609
30.9689,backward_movement,0.2538,0.348,0.3009,45.48,87.93,0.2273,0.2538
31.0023,punch_right,1.9437,0.1176,1.0306,44.84,105.85,0.0909,1.9437
31.0356,guard_position,1.5014,0.1227,0.8121,52.72,79.43,0.2101,1.5014
31.069,forward_movement,0.3736,0.1159,0.2447,52.33,79.86,0.0679,0.3736
31.1024,forward_movement,0.6739,0.6584,0.6662,49.29,81.9,0.2734,0.6739
31.1358,guard_position,2.6456,0.226,1.4358,44.29,102.57,0.2548,2.6456
31.1691,kick_low,2.4007,1.2048,1.8027,52.13,104.19,0.2174,2.4007
31.2025,kick_low,0.7637,1.498,1.1309,49.07,80.29,0.211,0.7637
31.2359,kick_low,0.4476,1.2363,0.8419,52.5,81.52,0.2003,0.4476
31.2692,kick_low,0.6626,1.3571,1.0099,61.7,95.31,0.4483,0.6626
31.3026,backward_movement,0.7502,0.1321,0.4411,62.69,79.85,0.2391,0.7502
31.336,guard_position,0.2676,0.2879,0.2777,59.72,81.57,0.0518,0.2676
31.3694,forward_movement,0.3748,0.4181,0.3964,61.14,88.53,0.2502,0.3748
31.4027,forward_movement,0.2836,0.4491,0.3664,62.46,90.74,0.2836,0.2131
31.4361,guard_position,0.359,0.2205,0.2897,79.88,87.08,0.359,0.0971
31.4695,forward_movement,0.5313,0.1537,0.3425,80.41,82.47,0.3194,0.5313
31.5028,forward_movement,0.9055,0.1346,0.5201,80.64,79.38,0.0989,0.9055
31.5362,kick_low,1.01,3.9761,2.4931,80.49,80.56,0.1896,1.01
31.5696,kick_low,1.7723,1.2136,1.4929,80.15,76.24,0.1645,1.7723
31.603,kick_low,0.1931,6.8167,3.5049,79.42,59.57,0.033,0.1931
31.6363,kick_low,0.2243,6.3375,3.2809,78.54,64.7,0.2243,0.1682
31.6697,kick_low,2.4202,1.7061,2.0632,73.4,137.72,0.16,2.4202
31.7031,kick_low,0.9024,2.2266,1.5645,76.57,143.56,0.3312,0.9024
31.7364,kick_low,1.299,1.4547,1.3769,75.4,147.33,0.1826,1.299
31.7698,kick_low,2.3422,1.5913,1.9668,75.63,79.22,0.0745,2.3422
31.8032,kick_low,0.8712,4.366,2.6186,78.21,96.21,0.1834,0.8712
31.8366,kick_low,0.9514,3.0043,1.9778,79.16,72.59,0.1134,0.9514
31.8699,backward_movement,0.5155,0.6257,0.5706,81.98,83.83,0.01,0.5155
31.9033,kick_low,2.2863,3.8486,3.0674,84.93,136.15,0.0886,2.2863
31.9367,kick_low,2.8051,0.9661,1.8856,82.56,83.91,0.2488,2.8051
31.97,guard_position,0.0985,0.7292,0.4139,80.83,84.6,0.0835,0.0985
32.0034,backward_movement,0.2571,0.3371,0.2971,79.46,89.37,0.1762,0.2571
32.0368,kick_low,2.4978,2.3335,2.4156,81.08,140.99,0.0502,2.4978
32.0702,kick_low,1.5047,1.8334,1.669,83.95,104.92,0.2029,1.5047
32.1035,kick_low,2.3998,2.0922,2.246,71.7,134.21,0.161,2.3998
32.1369,guard_position,1.8536,0.4647,1.1591,81.45,87.03,0.3492,1.8536
32.1703,kick_low,1.9639,1.0664,1.5151,85.14,87.94,0.2341,1.9639
32.2036,kick_low,0.2254,1.2161,0.7207,86.84,88.42,0.1449,0.2254
32.237,backward_movement,0.5638,0.7443,0.6541,85.44,93.19,0.4658,0.5638
32.2704,punch_right,2.0716,0.3665,1.219,86.44,137.01,0.0796,2.0716
32.3038,kick_low,0.4283,3.7434,2.0858,78.77,109.81,0.2797,0.4283
32.3371,kick_low,0.9919,4.5042,2.7481,81.73,111.68,0.2145,0.9919
32.3705,kick_low,2.2682,1.2359,1.7521,85.44,84.97,0.2441,2.2682
32.4039,kick_low,0.5589,5.9757,3.2673,83.14,87.24,0.5589,0.1317
32.4373,kick_low,0.3765,5.8594,3.118,78.77,90.35,0.3765,0.1876
32.4706,backward_movement,0.5314,0.3204,0.4259,70.35,92.21,0.1591,0.5314
32.504,backward_movement,0.7991,0.6488,0.7239,65.76,98.1,0.168,0.7991
32.5374,kick_low,0.4103,1.0954,0.7529,65.35,89.43,0.1919,0.4103
32.5707,backward_movement,0.2287,0.6526,0.4407,62.92,95.23,0.2287,0.0423
32.6041,kick_low,0.4168,1.0543,0.7356,61.49,89.48,0.4168,0.3918
32.6375,kick_low,0.6852,4.3204,2.5028,66.17,82.87,0.6852,0.1533
32.6709,forward_movement,0.1405,0.6305,0.3855,66.14,75.49,0.1017,0.1405
32.7042,kick_low,0.035,3.6769,1.856,64.24,78.04,0.0251,0.035
32.7376,kick_low,0.258,1.4023,0.8301,67.59,77.39,0.117,0.258
32.771,kick_low,0.398,1.1719,0.785,66.7,85.07,0.398,0.2334
32.8043,kick_low,0.3837,2.469,1.4264,69.0,88.49,0.3428,0.3837
32.8377,kick_low,0.1581,5.0622,2.6101,65.79,88.7,0.0323,0.1581
32.8711,backward_movement,0.2059,0.3324,0.2691,85.02,91.55,0.2059,0.0879
32.9045,forward_movement,0.7083,0.4491,0.5787,83.77,96.95,0.4326,0.7083
32.9378,kick_low,0.1514,4.7458,2.4486,71.79,93.19,0.0836,0.1514
32.9712,kick_low,0.2107,1.1226,0.6666,64.55,89.95,0.2107,0.0317
33.0046,kick_low,0.4409,4.5023,2.4716,58.26,99.6,0.0744,0.4409
33.0379,kick_low,0.9689,4.773,2.871,53.57,111.48,0.1257,0.9689
33.0713,guard_position,0.2035,0.2203,0.2119,54.75,104.47,0.1661,0.2035
33.1047,kick_low,0.639,5.9735,3.3063,63.59,100.09,0.1019,0.639
33.1381,guard_position,0.5737,0.7303,0.652,70.15,86.87,0.0724,0.5737
33.1714,kick_low,0.3178,4.7234,2.5206,66.56,93.02,0.3178,0.2135
33.2048,kick_low,0.96,5.5437,3.2519,69.32,85.72,0.444,0.96
33.2382,kick_low,0.75,1.0,0.875,63.42,87.19,0.75,0.5478
33.2715,kick_low,0.6687,4.6433,2.656,69.92,73.68,0.6687,0.3764
33.3049,backward_movement,0.4622,0.4079,0.4351,64.39,71.97,0.4622,0.287
33.3383,kick_low,1.6522,6.5322,4.0922,61.64,105.81,0.1402,1.6522
33.3383,guard_position,0.0,0.0,0.0,75.71,79.73,0.0,0.0
33.3717,kick_low,0.9929,0.9776,0.9852,45.83,116.63,0.3865,0.9929
33.405,backward_movement,0.8072,0.7101,0.7586,77.15,99.73,0.3814,0.8072
33.4384,guard_position,0.4187,0.241,0.3298,77.96,83.76,0.3788,0.4187
33.4718,punch_right,1.828,0.5919,1.2099,77.33,122.64,0.0211,1.828
33.5051,guard_position,2.3661,0.8253,1.5957,75.28,75.55,0.0249,2.3661
33.5385,forward_movement,0.3573,0.8144,0.5858,66.23,79.4,0.2429,0.3573
33.5719,forward_movement,0.7089,0.8026,0.7558,71.0,67.57,0.088,0.7089
33.6053,kick_low,1.1837,2.9752,2.0794,71.48,57.73,0.2895,1.1837
33.6386,kick_low,0.6717,1.97,1.3209,62.73,89.43,0.2354,0.6717
33.672,backward_movement,0.1825,0.8235,0.503,66.27,81.29,0.1825,0.1685
33.7054,forward_movement,0.2228,0.6247,0.4237,67.48,72.76,0.2228,0.0878
33.7387,forward_movement,0.2482,0.4854,0.3668,65.91,75.14,0.2482,0.1903
33.7721,forward_movement,0.3108,0.3449,0.3278,67.35,76.44,0.3108,0.1455
33.8055,kick_low,0.3832,2.5857,1.4844,70.37,82.86,0.3832,0.2023
33.8389,kick_low,0.4557,3.1727,1.8142,71.15,81.1,0.4557,0.2528
33.8722,kick_low,0.3344,2.8331,1.5838,69.07,82.7,0.3344,0.1987
33.9056,kick_low,0.8225,4.7066,2.7646,70.72,83.91,0.2546,0.8225
33.939,forward_movement,0.6241,0.4711,0.5476,69.99,88.07,0.3521,0.6241
33.9723,forward_movement,0.334,0.4905,0.4122,65.94,81.83,0.1858,0.334
34.0057,backward_movement,0.2008,0.2324,0.2166,72.07,86.18,0.2008,0.1041
34.0391,kick_low,0.3032,5.0155,2.6594,68.55,88.72,0.0548,0.3032
34.0725,kick_low,0.2128,4.3926,2.3027,70.24,81.82,0.0719,0.2128
34.1058,forward_movement,0.499,0.8505,0.6748,72.23,76.96,0.0969,0.499
34.1392,kick_low,0.2659,1.9227,1.0943,67.66,84.4,0.2659,0.2233
34.1726,kick_low,0.6934,3.8168,2.2551,66.31,84.99,0.5954,0.6934
34.2059,kick_low,2.2339,1.6028,1.9184,74.49,95.01,0.6282,2.2339
34.2393,kick_low,1.0425,1.3068,1.1746,74.28,76.16,0.2823,1.0425
34.2727,kick_low,0.6124,4.8963,2.7544,83.88,44.25,0.1876,0.6124
34.2727,kick_low,5.6932,4.2513,4.9723,146.41,98.65,5.6932,2.6302
34.3061,kick_low,1.0858,2.2044,1.6451,80.62,41.43,0.38,1.0858
34.3061,kick_low,2.6786,6.2872,4.4829,137.11,120.31,1.8231,2.6786
34.3394,kick_low,4.386,5.7771,5.0815,144.25,171.42,2.8887,4.386
34.3394,kick_low,2.1931,11.0815,6.6373,128.71,150.04,2.1931,1.8982
34.3728,kick_low,3.7307,2.9318,3.3312,17.33,20.84,1.8183,3.7307
34.3728,guard_position,0.0,0.0,0.0,180.0,180.0,0.0,0.0
34.4062,kick_low,2.3225,2.7114,2.5169,68.16,89.69,2.3225,2.293
34.4395,kick_low,7.0272,13.4085,10.2179,86.59,93.71,7.0272,6.0758
34.4729,forward_movement,0.9566,0.8041,0.8804,69.84,93.49,0.9566,0.3215
34.4729,kick_low,0.5866,1.3763,0.9814,86.67,115.24,0.5655,0.5866
34.5063,forward_movement,0.5898,0.4313,0.5105,84.65,87.79,0.5898,0.4114
34.5063,kick_low,1.0435,4.8248,2.9341,93.52,99.98,0.4372,1.0435
34.5397,kick_low,0.5405,1.124,0.8322,77.85,70.17,0.5405,0.1696
34.573,kick_low,0.5259,3.1375,1.8317,69.01,52.44,0.4349,0.5259
34.6064,kick_low,0.8835,3.4482,2.1659,41.61,73.41,0.3642,0.8835
34.6398,backward_movement,0.3442,0.828,0.5861,42.58,61.29,0.2804,0.3442
34.6732,forward_movement,0.5934,0.6677,0.6305,42.47,70.83,0.1273,0.5934
34.7065,forward_movement,0.6446,0.7433,0.694,54.69,75.75,0.6446,0.3733
34.7399,forward_movement,0.2359,0.3352,0.2855,54.24,69.41,0.2281,0.2359
34.7733,backward_movement,0.1873,0.2884,0.2379,55.13,51.36,0.0672,0.1873
34.8066,guard_position,1.2938,0.2852,0.7895,61.53,64.59,0.3259,1.2938
34.84,backward_movement,0.3718,0.2905,0.3312,70.29,70.79,0.0876,0.3718
34.8734,guard_position,0.5428,0.3572,0.45,75.74,80.15,0.187,0.5428
34.9068,kick_low,0.5496,3.4848,2.0172,78.32,81.67,0.0591,0.5496
34.9401,kick_low,0.177,2.7721,1.4746,81.45,80.85,0.1475,0.177
34.9735,kick_low,0.485,3.0572,1.7711,74.23,86.83,0.1549,0.485
35.0069,kick_low,0.249,2.3761,1.3126,73.13,78.34,0.1408,0.249
35.0402,kick_low,1.221,3.2769,2.249,67.69,72.8,0.2098,1.221
35.0736,kick_low,0.3098,2.8788,1.5943,70.84,73.26,0.0796,0.3098
35.107,backward_movement,0.9078,0.3964,0.6521,71.82,92.12,0.21,0.9078
35.1404,backward_movement,0.3308,0.2369,0.2838,68.42,79.72,0.3308,0.2228
35.1737,kick_low,0.5508,2.8296,1.6902,69.26,69.56,0.0721,0.5508
35.2071,kick_low,0.1242,3.8779,2.0011,72.77,77.73,0.1242,0.0737
35.2405,kick_low,0.3545,5.832,3.0932,70.95,77.21,0.1415,0.3545
35.2738,kick_low,0.3039,3.9111,2.1075,69.59,88.5,0.3039,0.2193
35.3072,kick_low,0.8241,1.6509,1.2375,68.36,86.03,0.0692,0.8241
35.3406,forward_movement,0.1763,0.2061,0.1912,70.26,88.08,0.011,0.1763
35.374,kick_low,0.4049,5.1891,2.797,66.65,93.3,0.148,0.4049
35.4073,kick_low,0.0678,3.3234,1.6956,66.29,87.89,0.0678,0.022
35.4407,kick_low,0.0862,2.9426,1.5144,65.63,90.1,0.0862,0.0387
35.4741,kick_low,0.3505,1.8822,1.1163,60.88,84.26,0.0387,0.3505
35.5074,forward_movement,0.2201,0.6643,0.4422,61.58,94.81,0.2201,0.1707
35.5408,forward_movement,0.539,0.1264,0.3327,66.88,96.43,0.21,0.539
35.5742,guard_position,1.1948,0.3141,0.7544,64.76,91.43,0.0753,1.1948
35.6076,kick_low,0.5516,6.06,3.3058,66.54,90.83,0.1539,0.5516
35.6409,kick_low,0.7191,1.4075,1.0633,62.81,97.98,0.4566,0.7191
35.6743,kick_low,0.6624,1.763,1.2127,56.77,88.22,0.4608,0.6624
35.7077,kick_low,0.714,1.8414,1.2777,43.01,93.66,0.6356,0.714
35.7077,guard_position,0.0,0.0,0.0,66.06,122.16,0.0,0.0
35.741,kick_low,1.7325,1.3314,1.532,65.15,70.24,1.7325,0.9619
35.741,guard_position,1.1032,0.577,0.8401,57.4,96.37,0.6398,1.1032
35.7744,kick_low,0.9207,10.4614,5.691,57.72,69.51,0.9207,0.4538
35.7744,kick_low,0.7851,2.0617,1.4234,68.8,99.58,0.3308,0.7851
35.8078,kick_low,1.8642,2.5828,2.2235,63.01,70.15,0.2252,1.8642
35.8412,kick_low,1.428,1.3497,1.3888,66.69,29.97,0.4253,1.428
35.8745,kick_low,1.0768,2.6794,1.8781,74.11,77.08,0.5958,1.0768
35.9079,guard_position,1.8696,0.8878,1.3787,73.81,82.27,0.1657,1.8696
35.9413,guard_position,0.3461,0.743,0.5445,68.73,77.21,0.29,0.3461
35.9746,kick_low,0.5553,1.6002,1.0778,74.02,86.99,0.2878,0.5553
36.008,kick_low,0.1223,1.0666,0.5944,72.55,90.96,0.1223,0.0122
36.0414,kick_low,0.3335,1.2455,0.7895,72.25,86.58,0.3335,0.1677
36.0748,kick_low,0.5873,4.4253,2.5063,61.59,82.03,0.2766,0.5873
36.1081,forward_movement,0.9753,0.4555,0.7154,64.23,89.6,0.2218,0.9753
36.1415,kick_low,0.384,1.0874,0.7357,64.13,86.72,0.2368,0.384
36.1749,forward_movement,0.3381,0.3866,0.3623,64.32,89.57,0.266,0.3381
36.2082,forward_movement,0.3498,0.3174,0.3336,69.42,89.03,0.3498,0.3414
36.2416,guard_position,0.1958,0.232,0.2139,73.47,93.3,0.1958,0.1482
36.275,backward_movement,0.3026,0.0894,0.196,77.16,87.36,0.2001,0.3026
36.3084,backward_movement,0.2234,0.0761,0.1497,77.57,78.78,0.2234,0.2092
36.3417,kick_low,0.5632,6.5709,3.5671,74.43,82.67,0.2998,0.5632
36.3751,kick_low,0.2895,6.7748,3.5322,67.88,85.25,0.0948,0.2895
36.4085,kick_low,0.56,6.5421,3.5511,68.28,79.81,0.0611,0.56
36.4418,kick_low,0.8569,2.7427,1.7998,70.73,86.45,0.1344,0.8569
36.4752,kick_low,1.0066,7.3062,4.1564,68.85,72.3,0.1269,1.0066
36.5086,kick_low,0.8828,3.2548,2.0688,73.48,64.65,0.2372,0.8828
36.542,kick_low,1.3359,3.5952,2.4655,78.91,98.71,0.0534,1.3359
36.5753,forward_movement,0.3821,0.0976,0.2399,71.99,97.53,0.3821,0.1263
36.6087,backward_movement,0.22,0.6719,0.4459,67.58,91.82,0.1691,0.22
36.6421,guard_position,0.2206,0.5747,0.3976,62.55,85.03,0.1207,0.2206
36.6755,forward_movement,0.2245,0.1087,0.1666,61.33,83.5,0.2245,0.0987
36.7088,guard_position,0.186,0.1817,0.1839,59.7,84.63,0.1716,0.186
36.7422,kick_low,0.067,2.1002,1.0836,62.44,87.82,0.0612,0.067
36.7756,kick_low,0.3653,2.0512,1.2082,62.61,91.37,0.0424,0.3653
36.8089,backward_movement,0.2335,0.4266,0.33,63.0,89.68,0.2335,0.1328
36.8423,backward_movement,0.1924,0.1588,0.1756,63.54,94.05,0.182,0.1924
36.8757,forward_movement,0.2768,0.1794,0.2281,68.68,95.25,0.2768,0.0049
36.9091,forward_movement,0.4373,0.595,0.5161,62.77,92.84,0.3131,0.4373
36.9424,guard_position,0.2256,0.3648,0.2952,62.16,90.01,0.103,0.2256
36.9758,backward_movement,0.2285,0.4463,0.3374,63.54,96.41,0.2285,0.2112
37.0092,kick_low,0.2443,1.1779,0.7111,59.12,96.22,0.1358,0.2443
37.0425,kick_low,0.1573,0.9185,0.5379,58.21,93.43,0.0505,0.1573
37.0759,forward_movement,0.2898,0.0675,0.1787,61.73,91.22,0.2898,0.0904
37.1093,guard_position,0.3964,0.4312,0.4138,65.11,101.18,0.2161,0.3964
37.1427,forward_movement,0.4591,0.6866,0.5728,66.8,97.34,0.2101,0.4591
37.176,forward_movement,0.4026,0.5229,0.4627,69.54,95.17,0.234,0.4026
37.2094,kick_low,0.2987,6.815,3.5569,72.47,89.12,0.2987,0.1805
37.2428,kick_low,0.3826,6.878,3.6303,74.64,96.62,0.3148,0.3826
37.2761,forward_movement,0.6784,0.421,0.5497,81.09,99.94,0.6348,0.6784
37.3095,guard_position,1.4869,0.2206,0.8537,87.82,91.32,0.7804,1.4869
37.3429,guard_position,1.4384,0.3979,0.9182,79.56,81.32,0.3872,1.4384
37.3763,forward_movement,1.046,0.708,0.877,66.77,79.28,0.518,1.046
37.4096,kick_low,1.2927,7.5148,4.4037,71.1,62.04,0.228,1.2927
37.443,kick_low,1.3145,1.3873,1.3509,88.93,123.4,0.2631,1.3145
37.4764,kick_low,3.8013,8.2394,6.0204,94.16,106.09,0.4635,3.8013
37.5097,kick_low,2.9878,8.045,5.5164,72.66,97.95,1.5231,2.9878
37.5431,kick_low,3.665,1.3531,2.509,88.51,90.48,0.3194,3.665
37.5765,kick_low,0.9676,7.3515,4.1595,72.91,54.61,0.9676,0.7052
37.6099,kick_low,4.7582,7.6535,6.2059,84.0,140.32,0.188,4.7582
37.6432,kick_low,1.9043,7.3616,4.633,67.16,124.77,0.1432,1.9043
37.6766,kick_low,1.8736,7.9191,4.8963,84.24,103.55,0.3761,1.8736
37.71,guard_position,1.4246,0.8461,1.1354,92.41,94.38,0.741,1.4246
37.7433,kick_low,0.6333,3.2194,1.9263,84.55,92.61,0.5923,0.6333
37.7767,kick_low,0.5447,1.7918,1.1683,82.55,89.23,0.3751,0.5447
37.8101,kick_low,0.541,1.3897,0.9653,79.09,86.42,0.541,0.527
37.8435,backward_movement,0.442,0.2548,0.3484,78.38,91.2,0.442,0.2186
37.8768,kick_low,1.322,2.3342,1.8281,76.09,87.53,0.521,1.322
37.9102,kick_low,0.5458,5.5793,3.0625,74.78,88.34,0.4694,0.5458
37.9436,backward_movement,0.3996,0.2084,0.304,75.57,87.41,0.3298,0.3996
37.9769,kick_low,1.3364,2.0663,1.7014,69.21,85.66,0.6848,1.3364
38.0103,backward_movement,1.033,0.5047,0.7688,64.93,81.93,0.3822,1.033
38.0437,backward_movement,0.5883,0.5339,0.5611,64.14,86.06,0.2257,0.5883
38.0771,kick_low,0.3492,1.322,0.8356,65.8,79.6,0.3492,0.1799
38.1104,forward_movement,0.2875,0.6967,0.4921,61.69,79.59,0.2875,0.2471
38.1438,forward_movement,0.2779,0.8624,0.5701,63.1,73.93,0.2779,0.2134
38.1772,kick_low,0.0808,2.0512,1.066,66.09,71.48,0.0636,0.0808
38.2105,guard_position,0.2818,0.5215,0.4016,58.82,68.07,0.1162,0.2818
38.2439,kick_low,0.581,1.2392,0.9101,64.37,69.03,0.581,0.1504
38.2773,kick_low,0.3266,2.0646,1.1956,69.54,75.09,0.1814,0.3266
38.3107,kick_low,0.4723,1.2202,0.8463,66.71,75.77,0.1967,0.4723
38.344,guard_position,0.7791,0.4404,0.6097,61.01,86.15,0.3083,0.7791
38.3774,guard_position,1.2458,0.396,0.8209,61.28,89.44,0.4618,1.2458
38.4108,forward_movement,0.505,0.4852,0.4951,64.95,71.82,0.0135,0.505
38.4441,kick_low,0.9636,0.9903,0.977,76.74,87.77,0.2396,0.9636
38.4775,guard_position,1.4798,0.3635,0.9217,72.68,79.07,0.2014,1.4798
38.5109,kick_low,0.473,0.9516,0.7123,72.46,81.84,0.1836,0.473
38.5443,forward_movement,0.7207,0.6772,0.699,76.36,78.58,0.171,0.7207
38.5776,forward_movement,0.6496,0.5463,0.5979,78.52,75.81,0.3101,0.6496
38.611,kick_low,0.3399,1.53,0.935,75.12,79.41,0.3399,0.235
38.6444,kick_low,0.3057,1.2732,0.7894,72.14,82.2,0.3057,0.3054
38.6778,guard_position,0.2745,0.8649,0.5697,70.17,83.86,0.2745,0.1722
38.7111,guard_position,0.2315,0.1891,0.2103,70.33,87.41,0.2315,0.0523
38.7445,forward_movement,0.4011,0.2752,0.3382,64.49,96.18,0.2334,0.4011
38.7779,forward_movement,0.4573,0.1846,0.321,60.69,91.43,0.1201,0.4573
38.8112,backward_movement,0.3232,0.1326,0.2279,60.12,92.2,0.2108,0.3232
38.8446,guard_position,0.0888,0.1314,0.1101,60.38,96.12,0.0888,0.0471
38.878,guard_position,0.2904,0.1696,0.23,60.61,96.49,0.1225,0.2904
38.9114,backward_movement,0.1939,0.1741,0.184,62.11,92.04,0.0615,0.1939
38.9447,guard_position,0.3157,0.3444,0.33,61.12,85.19,0.1427,0.3157
38.9781,forward_movement,0.4979,0.0862,0.2921,60.94,93.21,0.3019,0.4979
39.0115,backward_movement,0.3959,0.1505,0.2732,67.08,91.36,0.3947,0.3959
39.0448,forward_movement,0.2112,0.1255,0.1683,67.81,88.49,0.0522,0.2112
39.0782,guard_position,0.2288,0.3082,0.2685,66.6,87.42,0.1023,0.2288
39.1116,forward_movement,0.2462,0.2045,0.2254,67.79,87.93,0.1059,0.2462
39.145,kick_low,0.2477,1.815,1.0313,70.08,87.29,0.1936,0.2477
39.1783,kick_low,0.0896,1.7641,0.9269,68.94,87.09,0.0896,0.0782
39.2117,kick_low,0.1722,5.3416,2.7569,70.83,83.16,0.1722,0.1354
39.2451,kick_low,0.3278,4.9784,2.6531,67.71,85.92,0.0402,0.3278
39.2784,guard_position,0.1044,0.4953,0.2998,67.73,81.47,0.1044,0.0987
39.3118,forward_movement,0.2106,0.2962,0.2534,68.85,78.22,0.0882,0.2106
39.3452,forward_movement,0.2389,0.1426,0.1907,71.14,77.93,0.1202,0.2389
39.3786,kick_low,2.072,5.6257,3.8488,75.64,89.52,0.2504,2.072
39.4119,forward_movement,0.3233,0.605,0.4641,77.84,84.93,0.2112,0.3233
39.4453,kick_low,0.4737,3.5532,2.0134,79.25,91.1,0.2657,0.4737
39.4787,kick_low,0.5803,3.1833,1.8818,78.81,70.8,0.1661,0.5803
39.512,kick_low,1.3736,4.3094,2.8415,81.33,77.09,0.3065,1.3736
39.5454,forward_movement,0.7526,0.6773,0.7149,82.37,79.93,0.1486,0.7526
39.5788,kick_low,0.2722,1.4772,0.8747,78.6,96.34,0.2722,0.2374
39.6122,kick_low,0.5928,1.7649,1.1789,84.59,97.01,0.5928,0.5472
39.6455,kick_low,0.1367,1.4871,0.8119,86.14,91.31,0.1058,0.1367
39.6789,kick_low,2.5128,1.5208,2.0168,86.49,146.55,0.2425,2.5128
39.7123,guard_position,4.4439,0.8004,2.6222,97.55,89.91,0.911,4.4439
39.7456,guard_position,1.1483,0.3651,0.7567,99.23,90.92,1.1483,0.1637
39.779,guard_position,1.5157,0.371,0.9433,94.48,34.48,0.6328,1.5157
39.8124,kick_low,0.4427,3.4406,1.9416,86.78,43.05,0.4427,0.2783
39.8458,kick_low,0.736,2.3416,1.5388,88.25,82.45,0.1975,0.736
39.8791,guard_position,2.2604,0.8767,1.5685,93.35,91.48,0.2026,2.2604
39.9125,guard_position,1.0353,0.3843,0.7098,79.8,95.43,0.4931,1.0353
39.9459,forward_movement,0.6844,0.4157,0.55,83.16,114.11,0.516,0.6844
39.9792,backward_movement,0.2448,0.1772,0.211,86.7,126.51,0.2448,0.2198
40.0126,kick_low,1.3389,1.9839,1.6614,84.03,120.63,0.1072,1.3389
40.046,kick_low,1.8697,2.1348,2.0022,81.41,85.38,0.1619,1.8697
40.0794,guard_position,1.6165,0.5919,1.1042,82.47,104.98,0.0498,1.6165
40.1127,kick_low,0.9691,2.6796,1.8243,81.46,81.2,0.0762,0.9691
40.1461,kick_low,0.3537,1.3967,0.8752,79.48,80.21,0.08,0.3537
40.1795,kick_low,0.7811,0.9618,0.8715,77.23,80.63,0.415,0.7811
40.2128,forward_movement,0.5669,0.2025,0.3847,74.74,57.36,0.3806,0.5669
40.2462,kick_low,0.7441,1.809,1.2765,72.07,54.62,0.4395,0.7441
40.2796,kick_low,1.1047,2.7804,1.9425,76.15,83.93,0.1112,1.1047
40.313,backward_movement,0.5754,0.7153,0.6453,77.43,82.48,0.5754,0.1532
40.3463,backward_movement,0.4288,0.3488,0.3888,71.84,82.39,0.2822,0.4288
40.3797,backward_movement,0.3494,0.394,0.3717,72.24,93.66,0.291,0.3494
40.4131,backward_movement,0.5227,0.3483,0.4355,72.58,89.78,0.2928,0.5227
40.4464,backward_movement,0.4483,0.2486,0.3485,75.87,55.97,0.4338,0.4483
40.4798,backward_movement,0.251,0.1642,0.2076,69.99,89.87,0.251,0.2284
40.5132,backward_movement,0.4661,0.2397,0.3529,75.68,92.62,0.4661,0.4554
40.5466,backward_movement,0.2476,0.0967,0.1722,65.75,96.84,0.1505,0.2476
40.5799,backward_movement,0.2081,0.157,0.1826,63.93,88.16,0.2081,0.1034
40.6133,backward_movement,0.3484,0.1879,0.2682,68.62,87.79,0.3484,0.2534
40.6467,guard_position,0.2246,0.2335,0.229,62.27,92.01,0.2246,0.2166
40.68,backward_movement,0.3532,0.1791,0.2662,54.12,97.07,0.1276,0.3532
40.7134,guard_position,0.7905,0.1228,0.4566,55.13,104.41,0.1548,0.7905
40.7468,backward_movement,0.4845,0.0643,0.2744,59.8,95.07,0.1442,0.4845
40.7802,forward_movement,0.4948,0.0597,0.2773,60.3,98.49,0.059,0.4948
40.8135,forward_movement,0.4817,0.178,0.3298,62.1,94.03,0.1828,0.4817
40.8469,forward_movement,0.1564,0.1361,0.1462,63.24,103.39,0.0859,0.1564
40.8803,forward_movement,0.489,0.0963,0.2927,71.19,99.18,0.3901,0.489
40.9137,backward_movement,0.7234,0.0487,0.3861,72.02,94.47,0.1188,0.7234
40.947,guard_position,0.9095,0.0702,0.4899,72.82,88.43,0.2889,0.9095
40.9804,forward_movement,0.4096,0.0584,0.234,79.38,85.31,0.4096,0.3611
41.0138,guard_position,0.5762,0.0753,0.3258,83.96,91.0,0.5762,0.3748
41.0471,punch_right,2.6793,0.2886,1.4839,92.32,150.31,0.7654,2.6793
41.0805,punch_right,1.4877,0.1861,0.8369,96.29,121.4,0.7805,1.4877
41.1139,forward_movement,0.9339,0.1107,0.5223,115.68,131.14,0.9339,0.7909
41.1473,kick_low,1.1744,2.9049,2.0397,134.01,127.38,1.1744,0.4127
41.1806,kick_low,0.6042,1.4807,1.0424,143.95,128.62,0.6042,0.4393
41.214,punch_right,3.6095,0.8835,2.2465,157.54,121.8,0.4692,3.6095
41.2474,kick_low,1.4527,2.1346,1.7937,163.83,155.82,0.5048,1.4527
41.2807,kick_low,4.3117,5.6404,4.9761,168.22,174.62,0.2831,4.3117
41.3141,kick_low,0.4728,5.317,2.8949,167.68,168.41,0.0464,0.4728
41.3475,kick_low,2.3973,1.2007,1.799,162.24,158.04,0.2018,2.3973
41.3809,punch_right,1.5756,0.2965,0.9361,148.41,145.92,0.6669,1.5756
41.4142,forward_movement,0.9323,0.2701,0.6012,139.89,154.35,0.9323,0.8872
41.4476,punch_right,6.0133,0.2834,3.1483,124.97,112.82,0.6546,6.0133
41.481,guard_position,1.7777,0.164,0.9708,113.42,97.47,0.9633,1.7777
41.5143,guard_position,1.68,0.2578,0.9689,98.6,77.24,0.8992,1.68
41.5477,guard_position,1.1772,0.2299,0.7035,88.2,89.81,1.058,1.1772
41.5811,guard_position,1.5424,0.396,0.9692,81.87,97.33,0.4744,1.5424
41.6145,backward_movement,0.3558,0.193,0.2744,79.25,101.9,0.3558,0.0497
41.6478,backward_movement,0.8087,0.1694,0.4891,83.98,99.19,0.0932,0.8087
41.6812,punch_right,1.8557,0.578,1.2169,92.84,106.4,0.2445,1.8557
41.7146,backward_movement,0.9912,0.5195,0.7554,91.52,105.59,0.9912,0.3611
41.7479,guard_position,0.5782,0.1854,0.3818,76.79,103.09,0.5782,0.1183
41.7813,kick_low,0.1912,1.795,0.9931,69.22,105.98,0.0411,0.1912
41.7813,guard_position,0.0,0.0,0.0,108.66,165.74,0.0,0.0
41.8147,kick_low,1.3713,5.1797,3.2755,74.64,49.46,0.5534,1.3713
41.8481,kick_low,1.2442,6.9204,4.0823,39.51,161.57,1.2442,1.1081
41.8814,guard_position,1.372,0.3289,0.8505,85.57,158.34,1.372,0.2613
41.9148,forward_movement,0.2839,0.148,0.216,82.24,155.37,0.2839,0.2195
41.9482,punch_left,1.3347,0.3225,0.8286,116.09,153.26,1.3347,0.4264
41.9815,backward_movement,0.6066,0.2047,0.4057,96.67,142.3,0.6066,0.4586
42.0149,punch_right,1.4656,0.2968,0.8812,96.81,113.79,0.4713,1.4656
42.0483,punch_right,1.6817,0.3452,1.0135,112.3,105.3,1.1417,1.6817
42.0817,guard_position,1.6803,0.8848,1.2826,93.11,90.27,1.6803,1.0356
42.115,backward_movement,0.1998,0.2185,0.2091,95.67,89.58,0.1998,0.1632
42.1484,guard_position,1.7949,0.4682,1.1315,89.86,67.87,0.486,1.7949
42.1818,backward_movement,0.638,0.1068,0.3724,87.62,68.63,0.5067,0.638
42.2151,backward_movement,0.4944,0.249,0.3717,85.41,70.95,0.2175,0.4944
42.2485,backward_movement,0.4084,0.4301,0.4192,80.79,64.41,0.335,0.4084
42.2819,backward_movement,0.1788,0.2048,0.1918,80.62,73.6,0.1788,0.1108
42.3153,backward_movement,0.3728,0.1284,0.2506,80.59,68.31,0.2229,0.3728
42.3486,backward_movement,0.1858,0.2854,0.2356,83.47,79.56,0.1858,0.1816
42.382,kick_low,0.3464,1.4313,0.8888,79.92,89.55,0.1015,0.3464
42.4154,kick_low,0.2498,1.2472,0.7485,74.5,87.85,0.0699,0.2498
42.4487,guard_position,0.3637,0.2851,0.3244,72.94,87.67,0.1652,0.3637
42.4821,kick_low,0.1439,1.3687,0.7563,73.21,84.91,0.1439,0.0301
42.5155,kick_low,0.2826,1.3364,0.8095,63.06,88.35,0.2826,0.0355
42.5489,kick_low,0.5343,1.1992,0.8668,65.67,87.79,0.1341,0.5343
42.5822,kick_low,0.536,4.1985,2.3673,64.76,89.02,0.0342,0.536
42.6156,guard_position,1.1616,0.0804,0.621,62.26,99.8,0.0992,1.1616
42.649,backward_movement,0.2637,0.4625,0.3631,63.27,90.46,0.1463,0.2637
42.6823,punch_right,1.8717,0.2491,1.0604,61.76,107.35,0.0056,1.8717
42.7157,backward_movement,0.5558,0.0707,0.3133,58.47,94.87,0.0941,0.5558
42.7491,backward_movement,0.31,0.1921,0.251,59.73,92.84,0.178,0.31
42.7825,forward_movement,0.5291,0.2549,0.392,52.12,96.71,0.5291,0.2859
42.8158,guard_position,1.2416,0.6921,0.9669,49.59,104.84,0.2644,1.2416
42.8492,backward_movement,0.8871,0.869,0.8781,44.11,88.1,0.3605,0.8871
42.8826,kick_low,0.8202,1.1127,0.9665,34.49,88.99,0.4651,0.8202
42.916,kick_low,0.1842,1.0643,0.6243,37.44,86.05,0.1842,0.1349
42.9493,kick_low,1.3772,3.7224,2.5498,40.63,72.28,0.3415,1.3772
42.9827,kick_low,0.9321,2.032,1.4821,37.24,74.54,0.0902,0.9321
42.9827,guard_position,0.0,0.0,0.0,43.08,90.55,0.0,0.0
43.0161,kick_low,0.6122,2.8557,1.734,26.31,56.48,0.6122,0.5596
43.0161,kick_low,2.0852,1.2582,1.6717,130.15,100.36,2.0284,2.0852
43.0494,kick_low,0.3407,2.8475,1.5941,43.41,42.48,0.3407,0.1431
43.0494,kick_low,10.531,6.5354,8.5332,135.45,169.84,6.6564,10.531
43.0828,kick_low,10.5746,6.8003,8.6874,58.24,138.8,7.613,10.5746
43.1162,backward_movement,0.483,0.8284,0.6557,99.25,127.43,0.1649,0.483
43.1496,kick_low,2.0154,3.4324,2.7239,10.71,118.79,2.0154,1.3297
43.1829,kick_low,2.7581,1.2838,2.021,14.87,135.78,0.6753,2.7581
43.2163,kick_low,2.6642,3.8325,3.2484,24.02,53.45,0.3565,2.6642
43.2497,forward_movement,0.5573,0.5187,0.538,32.03,43.55,0.2936,0.5573
43.283,guard_position,1.3596,0.4241,0.8919,46.0,85.26,0.3289,1.3596
43.3164,punch_right,2.5738,0.5115,1.5426,42.44,130.0,0.6783,2.5738
43.3498,forward_movement,0.2794,0.7052,0.4923,50.49,129.57,0.2661,0.2794
43.3832,guard_position,2.5192,0.6429,1.5811,53.18,82.98,0.4103,2.5192
43.3832,kick_low,1.8666,2.7453,2.306,49.58,111.55,0.4258,1.8666
43.4165,forward_movement,0.7211,0.8435,0.7823,47.95,82.2,0.7211,0.4731
43.4165,kick_low,0.7475,1.825,1.2862,49.72,100.66,0.7475,0.6515
43.4499,kick_low,0.5032,2.0416,1.2724,63.09,64.2,0.2517,0.5032
43.4833,kick_low,0.6583,1.7003,1.1793,59.89,58.42,0.2039,0.6583
43.5166,kick_low,1.7894,3.3783,2.5839,115.39,63.43,1.7894,0.6144
43.55,kick_low,1.9467,1.402,1.6743,63.9,155.69,1.9467,0.2665
43.5834,backward_movement,0.5603,0.8719,0.7161,62.51,95.29,0.5603,0.2299
43.6168,guard_position,0.4578,0.5688,0.5133,63.62,80.54,0.4065,0.4578
43.6501,guard_position,0.554,0.3999,0.4769,66.0,78.44,0.3397,0.554
43.6835,guard_position,0.6081,0.4742,0.5411,60.8,76.3,0.6081,0.3766
43.7169,guard_position,1.6737,0.1229,0.8983,63.34,91.66,0.3603,1.6737
43.7502,forward_movement,0.9434,0.1218,0.5326,66.05,81.63,0.1144,0.9434
43.7836,guard_position,0.9496,0.1635,0.5565,70.89,83.81,0.0931,0.9496
43.817,forward_movement,0.2963,0.3945,0.3454,76.16,75.09,0.2963,0.1592
43.8504,forward_movement,0.5513,0.1782,0.3648,72.37,67.14,0.0956,0.5513
43.8837,forward_movement,0.2627,0.125,0.1939,67.15,61.26,0.2001,0.2627
43.9171,guard_position,0.1724,0.079,0.1257,75.77,61.68,0.1538,0.1724
43.9505,guard_position,2.2068,0.123,1.1649,78.82,94.06,0.3441,2.2068
43.9838,kick_low,0.519,3.961,2.24,86.85,83.4,0.1382,0.519
44.0172,kick_low,0.6547,2.742,1.6984,69.23,85.21,0.5789,0.6547
44.0506,kick_low,2.4886,1.2782,1.8834,51.9,111.5,1.1225,2.4886
44.084,punch_right,1.569,0.7957,1.1824,51.19,105.38,0.9021,1.569
44.1173,kick_low,1.8508,1.9724,1.9116,63.48,28.32,1.8508,0.0998
44.1507,kick_low,2.0465,1.3801,1.7133,9.84,102.73,2.0465,1.9713
44.1841,kick_low,2.2438,5.0868,3.6653,30.2,37.93,2.2438,1.5202
44.1841,kick_low,1.4106,3.4492,2.4299,62.0,67.54,1.4106,1.0508
44.2174,kick_low,1.5868,1.0788,1.3328,57.25,83.47,0.8306,1.5868
44.2508,kick_low,0.8055,3.5518,2.1786,39.61,80.11,0.8055,0.5883
44.2508,backward_movement,0.3345,0.6383,0.4864,71.54,90.07,0.2578,0.3345
44.2842,kick_low,0.9097,3.5146,2.2122,70.59,85.41,0.9097,0.3126
44.3176,forward_movement,0.1481,0.4604,0.3042,59.5,86.28,0.0069,0.1481
44.3509,kick_low,1.1606,4.6448,2.9027,43.93,68.76,0.1917,1.1606
44.3843,guard_position,1.1995,0.3286,0.7641,38.38,90.14,0.184,1.1995
44.4177,backward_movement,0.5646,0.4656,0.5151,31.14,80.93,0.1787,0.5646
44.451,backward_movement,0.6986,0.2517,0.4751,45.39,84.07,0.2372,0.6986
44.4844,backward_movement,1.0358,0.3455,0.6906,63.13,63.54,0.1335,1.0358
44.5178,backward_movement,0.887,0.1388,0.5129,64.05,82.82,0.1091,0.887
44.5512,backward_movement,0.3081,0.4969,0.4025,69.36,75.41,0.2699,0.3081
44.5845,backward_movement,0.2328,0.4305,0.3317,68.22,76.45,0.1123,0.2328
44.6179,backward_movement,0.291,0.2321,0.2616,73.81,83.54,0.2298,0.291
44.6513,guard_position,0.3413,0.2031,0.2722,75.42,77.24,0.2829,0.3413
44.6846,forward_movement,0.318,0.097,0.2075,77.14,73.09,0.318,0.2641
44.718,forward_movement,0.6913,0.0875,0.3894,76.62,83.5,0.6913,0.6023
44.7514,backward_movement,0.3278,0.1574,0.2426,74.69,91.63,0.212,0.3278
44.7848,forward_movement,0.2893,0.0812,0.1852,70.14,90.81,0.2327,0.2893
44.8181,forward_movement,0.2261,0.1387,0.1824,70.6,90.21,0.2261,0.1551
44.8515,forward_movement,0.9226,0.1026,0.5126,72.57,89.37,0.0254,0.9226
44.8849,guard_position,0.0954,0.0858,0.0906,71.82,93.27,0.0954,0.0383
44.9182,guard_position,0.1084,0.0683,0.0883,71.29,94.62,0.1035,0.1084
44.9516,forward_movement,0.2005,0.1544,0.1774,75.42,87.22,0.2005,0.172
44.985,backward_movement,0.3764,0.1664,0.2714,72.49,93.71,0.0513,0.3764
45.0184,forward_movement,0.1758,0.2159,0.1958,69.47,92.25,0.0963,0.1758
45.0517,backward_movement,0.0405,0.195,0.1178,71.38,91.73,0.0405,0.0124
45.0851,guard_position,0.4149,0.093,0.2539,73.3,96.28,0.1176,0.4149
45.1185,backward_movement,0.3267,0.1328,0.2298,74.3,92.8,0.1646,0.3267
45.1519,guard_position,0.0873,0.1036,0.0955,76.27,87.9,0.0873,0.084
45.1852,kick_low,0.2331,4.2199,2.2265,79.63,82.32,0.1206,0.2331
45.2186,forward_movement,0.3375,0.7619,0.5497,75.83,79.95,0.329,0.3375
45.252,kick_low,0.5119,4.4627,2.4873,72.12,80.95,0.1543,0.5119
45.2853,kick_low,0.111,1.006,0.5585,71.68,81.6,0.111,0.0997
45.3187,forward_movement,0.1534,0.0528,0.1031,69.45,82.14,0.055,0.1534
45.3521,backward_movement,0.5145,0.0785,0.2965,75.19,81.35,0.5145,0.2683
45.3855,forward_movement,0.2625,0.1999,0.2312,77.96,94.01,0.2625,0.0284
45.4188,forward_movement,0.3171,0.068,0.1926,73.44,95.48,0.3171,0.1397
45.4522,forward_movement,0.3149,0.3286,0.3218,77.39,96.55,0.0466,0.3149
45.4856,forward_movement,0.4852,0.3671,0.4262,70.69,92.87,0.2571,0.4852
45.5189,guard_position,0.561,0.184,0.3725,85.65,92.48,0.283,0.561
45.5523,kick_low,0.7625,3.8062,2.2844,89.41,105.12,0.3,0.7625
45.5857,kick_low,1.3363,3.4314,2.3838,92.04,125.63,0.1368,1.3363
45.6191,kick_low,0.5676,5.2977,2.9327,85.76,92.49,0.0059,0.5676
45.6524,guard_position,0.6639,0.3062,0.485,73.11,84.51,0.6639,0.2022
45.6858,forward_movement,0.8094,0.1201,0.4648,68.4,81.27,0.4099,0.8094
45.7192,backward_movement,0.9775,0.0673,0.5224,73.49,109.69,0.1123,0.9775
45.7525,guard_position,0.5734,0.128,0.3507,73.14,87.03,0.1738,0.5734
45.7859,guard_position,0.6429,0.0926,0.3677,80.46,79.32,0.3239,0.6429
45.8193,kick_low,0.3043,5.3015,2.8029,80.98,93.46,0.3043,0.0993
45.8527,kick_low,0.4159,3.7324,2.0741,80.31,103.52,0.3591,0.4159
45.886,kick_low,0.7273,4.2675,2.4974,70.2,107.19,0.3069,0.7273
45.9194,backward_movement,0.3548,0.1808,0.2678,62.07,95.86,0.3548,0.287
45.9528,backward_movement,0.2828,0.1902,0.2365,58.9,95.33,0.1016,0.2828
45.9861,kick_low,1.3992,3.9365,2.6678,50.0,90.08,0.3569,1.3992
46.0195,guard_position,0.8408,0.6815,0.7611,48.23,106.99,0.0835,0.8408
46.0529,kick_low,0.6075,1.3957,1.0016,43.99,90.21,0.2538,0.6075
46.0863,kick_low,0.9687,4.7207,2.8447,41.55,89.92,0.1587,0.9687
46.1196,kick_low,1.0712,3.6139,2.3425,41.86,96.68,0.1531,1.0712
46.153,kick_low,0.1206,3.7202,1.9204,47.4,97.31,0.1112,0.1206
46.1864,kick_low,0.137,3.9401,2.0386,51.54,79.62,0.127,0.137
46.2197,kick_low,0.2416,3.4385,1.84,48.05,82.58,0.1421,0.2416
46.2531,kick_low,0.093,1.1919,0.6425,48.32,88.48,0.0915,0.093
46.2865,kick_low,0.307,2.451,1.379,49.86,90.82,0.1134,0.307
46.3199,kick_low,0.1972,4.2945,2.2458,45.93,83.94,0.1076,0.1972
46.3532,kick_low,0.3607,1.2265,0.7936,54.38,88.36,0.3485,0.3607
46.3866,forward_movement,0.1967,0.234,0.2154,54.74,83.35,0.1039,0.1967
46.42,kick_low,0.1159,5.6525,2.8842,60.27,84.38,0.1159,0.0228
46.4533,forward_movement,0.2037,0.2674,0.2356,60.32,83.8,0.2037,0.1565
46.4867,forward_movement,0.1909,0.0923,0.1416,60.9,88.71,0.1909,0.1727
46.5201,forward_movement,0.1878,0.08,0.1339,58.86,88.98,0.1594,0.1878
46.5535,forward_movement,0.1798,0.1928,0.1863,57.21,96.6,0.1248,0.1798
46.5868,forward_movement,0.166,0.0805,0.1233,57.69,100.58,0.166,0.1577
46.6202,forward_movement,0.2571,0.063,0.1601,52.64,98.52,0.1311,0.2571
46.6536,forward_movement,0.3473,0.1677,0.2575,60.03,95.34,0.3473,0.2859
46.6869,kick_low,0.1934,2.7665,1.4799,58.44,91.27,0.0809,0.1934
46.7203,kick_low,0.216,4.6449,2.4304,57.86,85.94,0.085,0.216
46.7537,kick_low,0.0707,1.1368,0.6037,61.28,84.09,0.0707,0.006
46.7871,kick_low,0.2178,1.3763,0.7971,63.37,83.87,0.1037,0.2178
46.8204,kick_low,0.3837,5.7316,3.0577,65.39,86.96,0.2807,0.3837
46.8538,forward_movement,0.3668,0.2533,0.3101,71.3,84.99,0.3668,0.1512
46.8872,forward_movement,0.517,0.1077,0.3123,76.64,82.77,0.3284,0.517
46.9205,guard_position,0.5743,0.3367,0.4555,87.83,84.15,0.5743,0.245
46.9539,guard_position,0.9913,0.2013,0.5963,99.79,92.68,0.5233,0.9913
46.9873,punch_left,1.2355,0.1212,0.6783,107.33,95.79,1.2355,0.2556
47.0207,punch_left,1.7419,0.1786,0.9602,133.9,113.02,1.7419,0.4705
47.054,forward_movement,0.8667,0.227,0.5469,145.8,94.84,0.8667,0.533
47.0874,backward_movement,0.9091,0.0995,0.5043,160.9,95.31,0.9091,0.6658
47.1208,forward_movement,0.2739,0.2365,0.2552,166.15,118.09,0.0661,0.2739
47.1542,forward_movement,0.5588,0.1647,0.3617,171.7,88.79,0.2907,0.5588
47.1875,forward_movement,0.9214,0.2457,0.5836,164.4,104.43,0.2774,0.9214
47.2209,guard_position,1.0702,0.1856,0.6279,141.34,87.46,0.3507,1.0702
47.2543,backward_movement,0.5996,0.2773,0.4385,128.9,89.65,0.5404,0.5996
47.2876,punch_left,1.5917,0.263,0.9273,116.35,86.66,1.5917,0.462
47.321,punch_left,1.3191,0.2802,0.7996,106.27,95.78,1.3191,0.3092
47.3544,backward_movement,0.7479,0.1805,0.4642,94.46,90.52,0.7479,0.5066
47.3878,guard_position,0.6651,0.2117,0.4384,86.75,98.14,0.4698,0.6651
47.4211,guard_position,0.8322,0.158,0.4951,69.81,92.61,0.8322,0.3745
47.4545,punch_right,1.6773,0.3285,1.0029,64.5,129.0,0.3908,1.6773
47.4879,guard_position,2.6421,0.184,1.413,71.95,95.83,0.3874,2.6421
47.5212,forward_movement,0.3479,0.1655,0.2567,70.08,88.54,0.1839,0.3479
47.5546,kick_low,0.3326,4.565,2.4488,78.16,85.34,0.3326,0.2806
47.588,kick_low,0.2775,4.3944,2.3359,69.0,84.16,0.2775,0.1165
47.6214,backward_movement,0.1993,0.3155,0.2574,66.54,82.79,0.1993,0.1701
47.6547,kick_low,0.3098,6.0244,3.1671,66.85,73.61,0.3098,0.1678
47.6881,forward_movement,0.4617,0.6494,0.5556,60.46,68.46,0.4617,0.3671
47.7215,backward_movement,0.2284,0.3164,0.2724,59.71,64.37,0.2284,0.2217
47.7548,backward_movement,0.4074,0.1201,0.2638,61.67,70.25,0.4074,0.1252
47.7882,kick_low,0.3111,5.2652,2.7881,56.9,75.65,0.3111,0.2718
47.8216,kick_low,0.3432,3.2948,1.819,56.3,68.51,0.3432,0.1625
47.855,kick_low,0.2772,1.1709,0.7241,59.07,67.07,0.0773,0.2772
47.8883,guard_position,0.2644,0.3521,0.3083,58.25,58.92,0.1503,0.2644
47.9217,backward_movement,0.3099,0.1867,0.2483,56.36,62.62,0.3099,0.2621
47.9551,backward_movement,0.369,0.2672,0.3181,52.96,62.9,0.369,0.0872
47.9884,kick_low,0.3602,4.1187,2.2395,55.91,62.03,0.1307,0.3602
48.0218,kick_low,0.2467,1.9072,1.077,48.57,63.98,0.2467,0.0168
48.0552,kick_low,0.1126,3.405,1.7588,52.65,63.84,0.0925,0.1126
48.0886,kick_low,0.3174,3.3987,1.858,51.04,59.89,0.3077,0.3174
48.1219,kick_low,0.2122,2.7986,1.5054,45.34,54.52,0.1863,0.2122
48.1553,kick_low,0.1573,6.2981,3.2277,51.09,61.89,0.1573,0.1439
48.1887,forward_movement,0.4513,0.1468,0.2991,48.95,67.72,0.0913,0.4513
48.222,forward_movement,0.3611,0.1488,0.255,50.67,70.92,0.3611,0.2623
48.2554,forward_movement,0.2757,0.1541,0.2149,48.51,75.42,0.2757,0.1071
48.2888,kick_low,0.39,6.1363,3.2632,53.16,81.05,0.39,0.1433
48.3222,kick_low,0.345,4.9049,2.625,55.5,78.79,0.345,0.1578
48.3555,kick_low,0.2617,3.4795,1.8706,53.74,84.53,0.2194,0.2617
48.3889,kick_low,0.3531,4.7998,2.5764,51.28,84.19,0.027,0.3531
48.4223,kick_low,0.1292,1.0328,0.581,50.67,81.27,0.1292,0.0746
48.4556,forward_movement,0.1797,0.435,0.3073,48.75,85.52,0.066,0.1797
48.489,kick_low,0.1146,2.4032,1.2589,48.62,83.7,0.1146,0.1025
48.5224,forward_movement,0.4385,0.1323,0.2854,50.44,86.47,0.1345,0.4385
48.5558,kick_low,0.0746,5.5694,2.822,53.92,80.9,0.0697,0.0746
48.5891,kick_low,0.3117,2.1298,1.2207,59.14,88.47,0.1574,0.3117
48.6225,kick_low,0.5256,6.2089,3.3673,63.77,85.83,0.246,0.5256
48.6559,backward_movement,0.1454,0.2152,0.1803,59.53,90.47,0.1454,0.1398
48.6892,guard_position,0.1882,0.2199,0.204,59.83,95.42,0.0854,0.1882
48.7226,guard_position,0.0808,0.1485,0.1146,62.36,86.38,0.0808,0.0368
48.756,guard_position,0.4829,0.0795,0.2812,71.03,91.82,0.25,0.4829
48.7894,forward_movement,0.1868,0.1163,0.1515,77.37,93.73,0.1102,0.1868
48.8227,kick_low,0.0956,2.6429,1.3692,82.25,88.62,0.0956,0.0654
48.8561,kick_low,0.3973,3.3209,1.8591,84.37,91.35,0.3227,0.3973
48.8895,kick_low,0.5981,1.4768,1.0374,86.84,97.51,0.2792,0.5981
48.9228,guard_position,1.1048,0.7389,0.9218,64.99,99.51,1.1048,0.3881
48.9562,punch_right,1.1781,0.287,0.7325,63.2,125.49,0.1653,1.1781
48.9896,guard_position,0.4949,0.069,0.282,64.79,149.7,0.1537,0.4949
49.023,guard_position,0.654,0.15,0.402,62.86,132.3,0.1311,0.654
49.0563,punch_right,2.6151,0.0579,1.3365,58.61,175.71,0.3662,2.6151
49.0897,forward_movement,0.4768,0.1845,0.3307,73.29,168.88,0.4768,0.2953
49.1231,forward_movement,0.3146,0.1266,0.2206,73.37,167.51,0.189,0.3146
49.1565,backward_movement,1.0251,0.2504,0.6378,52.1,161.47,1.0251,0.7943
49.1898,punch_right,1.3401,0.2905,0.8153,62.33,151.29,0.3211,1.3401
49.2232,guard_position,0.5523,0.3441,0.4482,62.01,140.99,0.1276,0.5523
49.2566,punch_right,1.9099,0.6445,1.2772,72.59,105.27,0.2617,1.9099
49.2899,guard_position,1.9852,0.1428,1.064,75.06,71.01,0.2206,1.9852
49.3233,backward_movement,0.8908,0.3011,0.596,73.03,64.05,0.1588,0.8908
49.3567,backward_movement,0.2401,0.1664,0.2032,70.78,69.24,0.2401,0.1304
49.3901,backward_movement,0.2819,0.2567,0.2693,64.5,76.45,0.0611,0.2819
49.4234,guard_position,0.1596,0.1674,0.1635,67.87,65.21,0.1596,0.1039
49.4568,kick_low,0.5796,6.294,3.4368,72.99,67.27,0.5796,0.1305
49.4902,backward_movement,0.2137,0.2522,0.233,66.21,70.67,0.2137,0.0914
49.5235,guard_position,0.5622,0.108,0.3351,63.44,74.55,0.5622,0.3373
49.5569,backward_movement,0.429,0.1417,0.2853,54.91,77.22,0.3007,0.429
49.5903,backward_movement,0.3156,0.0692,0.1924,58.98,74.23,0.3156,0.2382
49.6237,guard_position,0.3322,0.0868,0.2095,47.04,61.15,0.1583,0.3322
49.657,kick_low,0.2338,5.9645,3.0991,46.59,51.34,0.2338,0.1336
49.6904,kick_low,0.2517,5.9024,3.0771,45.21,53.82,0.1044,0.2517
49.7238,kick_low,0.1783,5.7994,2.9889,49.66,61.22,0.1783,0.0121
49.7571,guard_position,0.2623,0.3867,0.3245,51.59,54.93,0.1007,0.2623
49.7905,kick_low,0.0982,5.7208,2.9095,48.9,59.03,0.089,0.0982
49.8239,kick_low,0.2508,2.6811,1.466,52.72,58.14,0.2508,0.2328
49.8573,kick_low,0.2541,2.6124,1.4332,45.09,58.08,0.2541,0.0479
49.8906,forward_movement,0.3158,0.1277,0.2217,47.57,68.86,0.3158,0.1631
49.924,forward_movement,0.4043,0.3479,0.3761,45.64,72.31,0.4043,0.1641
49.9574,kick_low,0.3023,3.2693,1.7858,50.89,70.3,0.3023,0.2335
49.9907,kick_low,0.1712,3.7993,1.9852,42.01,75.2,0.1031,0.1712
50.0241,backward_movement,0.2801,0.1538,0.2169,47.34,83.55,0.1966,0.2801
50.0575,guard_position,0.2108,0.7625,0.4866,47.68,87.73,0.2108,0.0931
50.0909,guard_position,0.3245,0.4611,0.3928,43.95,86.6,0.1327,0.3245
50.1242,backward_movement,0.2248,0.1172,0.171,46.74,110.48,0.1106,0.2248
50.1576,forward_movement,0.2281,0.096,0.1621,45.32,110.31,0.1004,0.2281
50.191,guard_position,0.105,0.4474,0.2762,47.32,80.81,0.105,0.027
50.2243,guard_position,0.441,0.1578,0.2994,36.55,75.54,0.441,0.1485
50.2577,backward_movement,1.0116,0.1671,0.5894,33.94,83.38,0.1429,1.0116
50.2911,kick_low,0.326,1.5188,0.9224,30.73,93.42,0.326,0.2887
50.3245,kick_low,0.3515,4.4502,2.4009,29.16,80.72,0.3515,0.3452
50.3578,kick_low,0.9764,4.0336,2.505,36.71,74.84,0.3,0.9764
50.3912,kick_low,1.6396,5.0331,3.3363,29.8,76.49,0.777,1.6396
50.4246,kick_low,0.6885,2.9236,1.806,43.26,71.81,0.6885,0.3063
50.4579,kick_low,0.3169,4.3606,2.3387,45.18,86.47,0.3169,0.1858
50.4913,forward_movement,0.3675,0.1848,0.2761,49.89,81.06,0.2476,0.3675
50.5247,backward_movement,0.4579,0.1804,0.3192,51.11,86.72,0.4579,0.1459
50.5581,forward_movement,0.1497,0.1354,0.1426,43.13,83.01,0.1497,0.1111
50.5914,forward_movement,0.0967,0.101,0.0988,35.11,84.18,0.0741,0.0967
50.6248,guard_position,0.2211,0.0872,0.1541,42.18,83.65,0.2211,0.1115
50.6582,forward_movement,0.3947,0.2511,0.3229,39.76,74.42,0.3947,0.3028
50.6915,backward_movement,0.1795,0.1664,0.173,41.12,73.77,0.1795,0.131
50.7249,guard_position,0.6328,0.2665,0.4496,54.42,79.36,0.6328,0.1921
50.7583,forward_movement,0.4329,0.1144,0.2736,54.17,73.31,0.4329,0.3585
50.7917,backward_movement,0.2591,0.2196,0.2393,54.83,76.98,0.2591,0.1008
50.825,backward_movement,0.2105,0.1206,0.1655,55.4,78.4,0.2105,0.0456
50.8584,backward_movement,0.2214,0.0778,0.1496,51.95,82.07,0.1726,0.2214
50.8918,backward_movement,0.2145,0.1284,0.1714,49.15,75.57,0.1722,0.2145
50.9251,guard_position,0.1493,0.0767,0.113,44.61,75.6,0.1185,0.1493
50.9585,backward_movement,0.3519,0.0694,0.2106,47.59,73.49,0.3519,0.2432
50.9919,guard_position,0.2796,0.0548,0.1672,52.8,93.89,0.259,0.2796
51.0253,forward_movement,0.3111,0.0963,0.2037,52.2,85.61,0.0517,0.3111
51.0586,backward_movement,0.5531,0.0706,0.3119,64.9,92.93,0.5531,0.2587
51.092,guard_position,0.1541,0.0601,0.1071,62.57,101.87,0.1541,0.0435
51.1254,forward_movement,0.3693,0.1478,0.2585,59.31,101.67,0.1697,0.3693
51.1587,forward_movement,0.1488,0.143,0.1459,58.4,94.86,0.1488,0.0815
51.1921,guard_position,0.4001,0.1909,0.2955,56.91,90.77,0.2142,0.4001
51.2255,forward_movement,0.788,0.1096,0.4488,55.03,93.19,0.1121,0.788
51.2589,forward_movement,0.4138,0.1917,0.3028,58.35,90.27,0.2011,0.4138
51.2922,guard_position,1.1938,0.1024,0.6481,56.29,91.74,0.1783,1.1938
51.3256,kick_low,1.3477,5.9717,3.6597,65.53,106.0,0.5217,1.3477
51.359,kick_low,0.8358,5.6824,3.2591,74.29,83.89,0.4737,0.8358
51.3924,guard_position,1.8456,0.2095,1.0276,83.07,86.7,0.5311,1.8456
51.4257,forward_movement,1.05,0.1531,0.6015,78.21,99.14,0.2221,1.05
51.4591,forward_movement,0.9073,0.1166,0.512,88.71,107.38,0.8471,0.9073
51.4925,kick_low,1.4467,1.4703,1.4585,68.19,116.53,1.242,1.4467
51.5258,kick_low,2.7372,6.4432,4.5902,68.48,141.84,0.0735,2.7372
51.5592,forward_movement,1.0543,0.2379,0.6461,68.41,150.88,0.6239,1.0543
51.5926,forward_movement,0.2756,0.1962,0.2359,63.06,146.73,0.2497,0.2756
51.626,forward_movement,0.3179,0.2782,0.2981,64.29,153.51,0.1418,0.3179
51.6593,forward_movement,0.2511,0.3685,0.3098,51.38,156.58,0.1665,0.2511
51.6927,forward_movement,0.5329,0.1915,0.3622,52.12,148.06,0.5329,0.2447
51.7261,kick_low,0.4755,1.9403,1.2079,50.76,130.55,0.2218,0.4755
51.7594,kick_low,1.2811,1.6687,1.4749,58.56,111.05,0.1429,1.2811
51.7928,guard_position,2.4287,0.2415,1.3351,69.09,101.74,0.1653,2.4287
51.8262,backward_movement,0.5404,0.2527,0.3966,74.21,97.6,0.4924,0.5404
51.8596,backward_movement,0.9755,0.563,0.7693,72.41,89.95,0.2137,0.9755
51.8929,backward_movement,0.5552,0.2785,0.4168,75.03,86.22,0.4233,0.5552
51.9263,backward_movement,0.9094,0.2714,0.5904,72.63,83.63,0.3407,0.9094
51.9597,backward_movement,0.927,0.2911,0.609,67.45,74.19,0.4351,0.927
51.993,kick_low,0.1916,6.6203,3.4059,64.27,86.77,0.1916,0.1517
52.0264,backward_movement,0.3817,0.2482,0.3149,57.98,79.75,0.3007,0.3817
52.0598,guard_position,0.3412,0.0525,0.1969,54.33,85.1,0.3412,0.1482
52.0932,kick_low,0.1385,3.0378,1.5882,52.58,92.88,0.1385,0.0992
52.1265,kick_low,0.4215,1.2269,0.8242,55.69,72.05,0.1615,0.4215
52.1599,kick_low,0.2566,1.8941,1.0754,50.1,82.54,0.2566,0.215
52.1933,guard_position,0.1944,0.1782,0.1863,46.06,92.02,0.1391,0.1944
52.2266,kick_low,0.3642,5.6753,3.0198,47.23,92.85,0.097,0.3642
52.26,kick_low,0.4712,1.8959,1.1836,45.05,73.58,0.2978,0.4712
52.2934,forward_movement,0.5102,0.2818,0.396,53.92,83.35,0.5102,0.2271
52.3268,kick_low,0.4104,2.8998,1.6551,60.47,101.33,0.3321,0.4104
52.3601,kick_low,0.1857,6.1127,3.1492,63.23,94.91,0.1857,0.1815
52.3935,kick_low,0.3275,5.5832,2.9553,59.64,82.73,0.1906,0.3275
52.4269,kick_low,0.3373,0.9156,0.6265,55.92,77.82,0.3274,0.3373
52.4602,kick_low,0.6886,5.6402,3.1644,51.98,72.94,0.1164,0.6886
52.4936,kick_low,0.2835,3.1625,1.723,47.34,63.09,0.2835,0.179
52.527,kick_low,0.1686,2.5452,1.3569,45.79,69.97,0.0645,0.1686
52.5604,kick_low,0.421,1.6495,1.0352,39.59,73.8,0.421,0.2132
52.5937,kick_low,0.2626,1.3831,0.8228,41.8,89.39,0.2626,0.245
52.6271,kick_low,0.2251,2.2299,1.2275,47.01,76.15,0.0177,0.2251
52.6605,kick_low,0.5136,2.044,1.2788,64.86,67.15,0.4982,0.5136
52.6938,guard_position,0.6726,0.1232,0.3979,57.07,78.0,0.178,0.6726
52.7272,forward_movement,0.2381,0.1862,0.2122,58.33,80.12,0.198,0.2381
52.7606,kick_low,0.1846,5.482,2.8333,60.55,92.7,0.1189,0.1846
52.794,kick_low,0.2869,5.336,2.8115,48.12,99.1,0.2569,0.2869
52.8273,forward_movement,0.3048,0.2911,0.2979,53.83,116.57,0.2866,0.3048
52.8607,backward_movement,0.4913,0.1434,0.3174,47.94,102.43,0.2447,0.4913
52.8941,kick_low,2.3224,6.2552,4.2888,48.57,83.02,0.2826,2.3224
52.9274,backward_movement,0.7436,0.1944,0.469,52.42,79.41,0.1113,0.7436
52.9608,kick_low,0.4391,2.3074,1.3733,51.42,79.03,0.2068,0.4391
52.9942,kick_low,0.2143,2.6674,1.4408,53.59,85.64,0.1682,0.2143
53.0276,kick_low,0.2986,1.3137,0.8061,49.31,88.96,0.2815,0.2986
53.0609,kick_low,0.2244,1.6401,0.9322,40.4,84.43,0.1936,0.2244
53.0943,forward_movement,0.5809,0.1288,0.3548,34.68,83.01,0.1664,0.5809
53.1277,guard_position,1.1272,0.1973,0.6622,36.62,91.88,0.2789,1.1272
53.161,guard_position,1.6663,0.3791,1.0227,40.81,82.07,0.3225,1.6663
53.1944,forward_movement,0.9776,0.1928,0.5852,42.34,93.13,0.1501,0.9776
53.2278,backward_movement,0.5957,0.3913,0.4935,40.6,98.73,0.2304,0.5957
53.2612,kick_low,0.2994,1.2589,0.7792,38.37,102.93,0.2132,0.2994
53.2945,kick_low,0.965,1.6969,1.3309,41.95,103.12,0.0897,0.965
53.3279,forward_movement,0.2428,0.1702,0.2065,43.43,101.3,0.1207,0.2428
53.3613,kick_low,0.3575,6.0512,3.2044,45.89,111.41,0.3154,0.3575
53.3947,kick_low,0.3331,6.0867,3.2099,40.79,106.35,0.3331,0.1872
53.428,guard_position,0.3614,0.3078,0.3346,39.58,101.53,0.3535,0.3614
53.4614,forward_movement,0.2551,0.2466,0.2509,39.31,94.66,0.2077,0.2551
53.4948,guard_position,0.3439,0.191,0.2675,43.24,83.59,0.2563,0.3439
53.5281,forward_movement,0.164,0.1804,0.1722,39.78,104.92,0.1511,0.164
53.5615,guard_position,0.5769,0.1569,0.3669,50.46,103.76,0.3083,0.5769
53.5949,backward_movement,0.2719,0.1318,0.2018,48.64,92.4,0.2719,0.057
53.6283,kick_low,0.4518,3.1193,1.7856,46.92,92.48,0.2507,0.4518
53.6616,kick_low,0.2426,3.0422,1.6424,51.78,84.82,0.1734,0.2426
53.695,forward_movement,0.4738,0.1451,0.3095,51.97,92.26,0.128,0.4738
53.7284,kick_low,0.2654,3.2572,1.7613,53.24,92.07,0.2654,0.1663
53.7617,kick_low,0.1764,3.1914,1.6839,50.27,112.35,0.0115,0.1764
53.7951,forward_movement,0.584,0.2139,0.399,52.31,95.01,0.1227,0.584
53.8285,forward_movement,0.163,0.1586,0.1608,52.69,91.74,0.0183,0.163
53.8619,guard_position,0.1912,0.1184,0.1548,49.57,86.17,0.1912,0.1037
53.8952,guard_position,0.1838,0.1171,0.1505,53.85,84.07,0.1144,0.1838
53.9286,forward_movement,0.3508,0.147,0.2489,65.51,83.03,0.3076,0.3508
53.962,guard_position,0.1763,0.0974,0.1369,62.45,72.51,0.1233,0.1763
53.9953,backward_movement,0.2966,0.0766,0.1866,62.95,108.58,0.0996,0.2966
54.0287,backward_movement,0.2052,0.3058,0.2555,61.72,88.51,0.0318,0.2052
54.0621,backward_movement,0.201,0.0836,0.1423,61.69,90.87,0.201,0.1616
54.0955,forward_movement,0.35,0.1238,0.2369,53.12,85.18,0.163,0.35
54.1288,forward_movement,0.3986,0.0942,0.2464,56.52,101.11,0.1028,0.3986
54.1622,forward_movement,0.6182,0.0969,0.3575,60.12,86.06,0.2525,0.6182
54.1956,guard_position,0.3783,0.1328,0.2556,63.1,87.15,0.2241,0.3783
54.2289,forward_movement,0.3778,0.0492,0.2135,63.85,86.78,0.0608,0.3778
54.2623,backward_movement,0.5972,0.0825,0.3399,66.95,99.65,0.2249,0.5972
54.2957,forward_movement,0.2085,0.1236,0.1661,68.03,90.56,0.2085,0.1727
54.3291,forward_movement,0.2618,0.1082,0.185,63.36,101.19,0.2618,0.0957
54.3624,backward_movement,0.4895,0.1965,0.343,60.59,92.63,0.4895,0.2626
54.3958,forward_movement,0.1299,0.0924,0.1112,62.47,85.26,0.1299,0.0623
54.4292,guard_position,0.118,0.0733,0.0956,57.73,87.2,0.0903,0.118
54.4625,forward_movement,0.0762,0.0594,0.0678,59.96,81.94,0.0663,0.0762
54.4959,forward_movement,0.1959,0.5171,0.3565,62.19,90.86,0.1853,0.1959
54.5293,kick_low,0.2364,2.9744,1.6054,65.26,83.25,0.0454,0.2364
54.5627,kick_low,0.4004,3.2701,1.8352,69.56,95.34,0.2477,0.4004
54.596,backward_movement,0.2578,0.243,0.2504,67.67,89.97,0.2512,0.2578
54.6294,backward_movement,0.2077,0.1012,0.1544,66.54,102.06,0.2077,0.1199
54.6628,backward_movement,0.2485,0.0731,0.1608,62.02,90.73,0.2485,0.1198
54.6961,backward_movement,0.2351,0.0864,0.1607,63.61,103.77,0.1282,0.2351
54.7295,backward_movement,0.2035,0.1948,0.1992,65.53,107.6,0.1947,0.2035
54.7629,backward_movement,0.3745,0.1247,0.2496,69.06,105.86,0.1662,0.3745
54.7963,guard_position,0.4032,0.1239,0.2636,62.87,96.79,0.4032,0.2758
54.8296,kick_low,0.7235,5.7883,3.2559,55.77,83.77,0.7235,0.1602
54.863,kick_low,0.1309,1.0978,0.6144,55.83,76.79,0.1223,0.1309
54.8964,kick_low,0.5325,6.1598,3.3461,52.42,71.11,0.153,0.5325
54.9297,kick_low,0.4164,2.8396,1.628,49.64,70.45,0.4164,0.2755
54.9631,kick_low,0.2099,2.9772,1.5936,53.16,73.67,0.1776,0.2099
54.9965,backward_movement,0.2759,0.1048,0.1904,50.78,76.67,0.2759,0.1917
55.0299,kick_low,0.3451,2.985,1.6651,52.31,68.51,0.0834,0.3451
55.0632,kick_low,0.343,3.0414,1.6922,56.94,83.6,0.343,0.2258
55.0966,backward_movement,0.2502,0.2776,0.2639,52.79,79.06,0.2502,0.113
55.13,guard_position,0.2824,0.0319,0.1572,52.98,76.37,0.2824,0.0079
55.1633,backward_movement,0.3192,0.1752,0.2472,55.81,63.82,0.3192,0.0097
55.1967,backward_movement,0.2787,0.0719,0.1753,57.47,71.28,0.1366,0.2787
55.2301,forward_movement,0.1567,0.0768,0.1168,54.64,69.95,0.0802,0.1567
55.2635,forward_movement,0.227,0.2795,0.2532,52.02,63.9,0.227,0.1242
55.2968,backward_movement,0.8848,0.091,0.4879,53.63,42.02,0.2118,0.8848
55.3302,guard_position,0.2709,0.1398,0.2053,64.02,77.97,0.2709,0.1976
55.3636,forward_movement,0.4649,0.1494,0.3072,73.67,79.9,0.0834,0.4649
55.397,guard_position,1.1255,0.211,0.6682,56.83,91.99,0.2682,1.1255
55.4303,guard_position,0.2692,0.0915,0.1804,58.81,76.94,0.2387,0.2692
55.4637,backward_movement,0.1883,0.2064,0.1974,58.61,81.95,0.0637,0.1883
55.4971,forward_movement,0.339,0.2093,0.2742,46.72,72.01,0.339,0.0151
55.5304,forward_movement,0.2471,0.0998,0.1734,43.22,67.72,0.0827,0.2471
55.5638,backward_movement,0.1938,0.0989,0.1463,48.27,73.89,0.1938,0.1117
55.5972,guard_position,0.1703,0.0924,0.1314,49.58,75.97,0.1703,0.1312
55.6306,backward_movement,0.1309,0.1192,0.1251,52.66,83.96,0.1178,0.1309
55.6639,forward_movement,0.2047,0.0391,0.1219,54.33,81.21,0.0989,0.2047
55.6973,forward_movement,0.1101,0.1567,0.1334,52.72,80.38,0.0743,0.1101
55.7307,forward_movement,0.4433,0.0618,0.2525,51.89,79.5,0.1449,0.4433
55.764,backward_movement,0.3124,0.1887,0.2506,56.21,85.51,0.2508,0.3124
55.7974,backward_movement,0.306,0.1605,0.2332,57.49,90.51,0.1285,0.306
55.8308,kick_low,1.2624,6.114,3.6882,49.63,75.64,0.197,1.2624
55.8642,kick_low,0.542,5.9373,3.2397,51.89,79.12,0.1086,0.542
55.8975,forward_movement,0.5573,0.1924,0.3749,57.02,74.63,0.2692,0.5573
55.9309,forward_movement,0.5274,0.1751,0.3512,61.03,74.34,0.1736,0.5274
55.9643,forward_movement,0.8652,0.145,0.5051,77.1,86.82,0.5393,0.8652
55.9976,kick_low,0.7263,6.6983,3.7123,91.32,69.84,0.7263,0.2576
56.031,guard_position,1.5382,0.5514,1.0448,75.68,61.48,1.5382,0.3377
56.0644,guard_position,1.2734,0.1391,0.7063,76.9,91.89,0.4029,1.2734
56.0978,forward_movement,0.9097,0.286,0.5978,73.81,69.4,0.3268,0.9097
56.1311,punch_right,3.2654,0.5664,1.9159,68.72,121.71,0.2001,3.2654
56.1645,forward_movement,0.2238,0.1192,0.1715,68.3,119.98,0.2238,0.1196
56.1979,guard_position,2.4664,0.1625,1.3145,71.44,87.94,0.1801,2.4664
56.2312,backward_movement,0.5523,0.4192,0.4858,82.59,82.54,0.5523,0.3107
56.2646,forward_movement,0.2926,0.2112,0.2519,78.4,77.36,0.1636,0.2926
56.298,backward_movement,0.3866,0.098,0.2423,74.59,74.84,0.2299,0.3866
56.3314,kick_low,0.4099,2.8659,1.6379,75.17,72.2,0.267,0.4099
56.3647,guard_position,0.5243,0.4038,0.464,68.79,69.8,0.1736,0.5243
56.3981,kick_low,0.2348,6.6057,3.4202,60.09,78.82,0.188,0.2348
56.4315,forward_movement,0.1976,0.1317,0.1646,55.68,69.25,0.1976,0.0748
56.4648,backward_movement,0.2393,0.0647,0.152,47.92,67.98,0.2393,0.0677
56.4982,forward_movement,0.094,0.1035,0.0988,47.69,61.82,0.094,0.0739
56.5316,kick_low,0.3017,6.4422,3.3719,46.65,62.93,0.0126,0.3017
56.565,kick_low,0.1109,6.1761,3.1435,45.78,62.31,0.0851,0.1109
56.5983,forward_movement,0.3545,0.1813,0.2679,38.59,45.09,0.3545,0.3395
56.6317,guard_position,0.2887,0.1391,0.2139,34.56,44.59,0.0504,0.2887
56.6651,forward_movement,0.3014,0.0848,0.1931,40.73,47.39,0.272,0.3014
56.6984,backward_movement,0.1245,0.133,0.1287,38.87,48.31,0.1245,0.044
56.7318,forward_movement,0.423,0.1444,0.2837,38.46,57.91,0.2574,0.423
56.7652,forward_movement,0.2561,0.1248,0.1905,39.28,67.37,0.2561,0.2494
56.7986,backward_movement,0.4088,0.2722,0.3405,50.58,81.56,0.297,0.4088
56.8319,backward_movement,0.5856,0.1118,0.3487,51.98,83.94,0.1879,0.5856
56.8653,guard_position,1.2572,0.2314,0.7443,46.12,62.77,0.1904,1.2572
56.8987,backward_movement,0.5152,0.131,0.3231,45.59,72.54,0.1775,0.5152
56.932,guard_position,0.4676,0.3321,0.3999,46.47,71.74,0.1968,0.4676
56.9654,forward_movement,0.1999,0.0862,0.1431,39.8,93.83,0.1999,0.1178
56.9988,forward_movement,0.3333,0.1863,0.2598,34.52,83.04,0.3333,0.1342
57.0322,backward_movement,0.3632,0.0496,0.2064,36.93,86.5,0.3632,0.2131
57.0655,guard_position,0.2575,0.0693,0.1634,42.31,87.74,0.2575,0.1892
57.0989,guard_position,0.2806,0.047,0.1638,43.84,80.02,0.0643,0.2806
57.1323,backward_movement,0.1408,0.1588,0.1498,49.12,101.59,0.1382,0.1408
57.1656,backward_movement,0.0745,0.085,0.0797,49.98,100.01,0.0745,0.0678
57.199,forward_movement,0.244,0.1414,0.1927,48.9,98.01,0.1075,0.244
57.2324,guard_position,0.0848,0.0915,0.0882,46.88,97.19,0.0848,0.015
57.2658,forward_movement,0.4523,0.1791,0.3157,41.31,101.08,0.1244,0.4523
57.2991,forward_movement,0.3065,0.0878,0.1972,45.02,94.43,0.3065,0.052
57.3325,backward_movement,0.2436,0.1272,0.1854,49.0,94.18,0.2436,0.1357
57.3659,forward_movement,0.2893,0.0995,0.1944,53.97,89.48,0.2209,0.2893
57.3992,guard_position,1.3792,0.8561,1.1177,60.26,85.05,0.4984,1.3792
57.4326,kick_low,0.6125,0.9613,0.7869,62.99,104.27,0.2451,0.6125
57.466,forward_movement,0.8641,0.1036,0.4839,65.58,113.62,0.3609,0.8641
57.4994,forward_movement,0.666,0.5854,0.6257,78.63,101.77,0.666,0.5188
57.5327,forward_movement,0.7401,0.5545,0.6473,90.2,122.0,0.7031,0.7401
57.5661,forward_movement,0.9554,0.0849,0.5201,109.36,100.53,0.9554,0.7005
57.5995,forward_movement,0.8695,0.212,0.5408,113.36,115.39,0.7146,0.8695
57.6329,forward_movement,0.9155,0.1928,0.5541,113.16,99.93,0.268,0.9155
57.6662,forward_movement,0.5031,0.0755,0.2893,99.31,95.84,0.4119,0.5031
57.6996,guard_position,0.5211,0.1039,0.3125,84.71,87.39,0.5211,0.1806
57.733,forward_movement,0.7526,0.1269,0.4397,67.01,63.53,0.7413,0.7526
57.7663,kick_low,3.0373,6.9521,4.9947,69.85,89.64,0.2813,3.0373
57.7997,backward_movement,0.2975,0.4527,0.3751,91.05,88.72,0.0992,0.2975
57.8331,forward_movement,0.6323,0.3128,0.4726,88.11,74.79,0.4572,0.6323
57.8665,forward_movement,0.7161,0.2932,0.5046,79.98,87.43,0.6991,0.7161
57.8998,forward_movement,0.9534,0.3161,0.6348,70.02,130.67,0.4115,0.9534
57.9332,forward_movement,0.6716,0.1731,0.4223,60.94,94.4,0.4552,0.6716
57.9666,punch_right,1.3149,0.1466,0.7308,57.45,114.4,0.3015,1.3149
57.9999,kick_low,0.3195,3.1024,1.711,54.78,120.69,0.0673,0.3195
58.0333,kick_low,0.1327,2.9045,1.5186,59.94,88.72,0.1327,0.0853
58.0667,kick_low,0.2042,1.7878,0.996,63.98,90.58,0.188,0.2042
58.1001,backward_movement,0.5363,0.2487,0.3925,68.67,94.85,0.5363,0.2865
58.1334,kick_low,1.4367,5.8454,3.6411,74.18,71.86,0.6423,1.4367
58.1668,kick_low,1.6772,5.6083,3.6427,71.39,57.01,0.1075,1.6772
58.2002,kick_low,0.4687,0.9887,0.7287,78.65,60.67,0.4687,0.3941
58.2335,backward_movement,0.3132,0.1738,0.2435,76.23,66.54,0.3066,0.3132
58.2669,guard_position,1.3851,0.1546,0.7699,70.68,77.59,0.2629,1.3851
58.3003,backward_movement,0.885,0.2725,0.5788,70.02,73.32,0.1587,0.885
58.3337,guard_position,0.4939,0.1221,0.308,66.77,65.83,0.2512,0.4939
58.367,backward_movement,0.3273,0.1247,0.226,67.39,73.11,0.1616,0.3273
58.4004,backward_movement,0.6431,0.1452,0.3941,59.5,70.9,0.6431,0.6392
58.4338,backward_movement,0.3613,0.1063,0.2338,59.67,64.82,0.3613,0.2141
58.4671,kick_low,0.1999,4.5232,2.3615,57.16,67.2,0.1999,0.0371
58.5005,kick_low,0.2815,3.4173,1.8494,51.7,68.92,0.2815,0.1228
58.5339,kick_low,0.5754,3.6133,2.0943,48.3,72.77,0.5754,0.0909
58.5673,kick_low,0.1841,3.751,1.9675,55.45,66.34,0.0217,0.1841
58.6006,backward_movement,0.2928,0.0773,0.1851,54.99,84.86,0.2928,0.1183
58.634,backward_movement,0.1807,0.2881,0.2344,58.17,84.05,0.0743,0.1807
58.6674,backward_movement,0.3596,0.1323,0.2459,50.59,82.48,0.3596,0.1947
58.7007,kick_low,0.7825,3.4548,2.1186,46.48,53.26,0.2047,0.7825
58.7341,kick_low,0.2164,3.2974,1.7569,41.51,75.54,0.2164,0.0916
58.7675,kick_low,0.2061,7.1188,3.6625,39.55,58.91,0.2061,0.076
58.8009,kick_low,0.2311,7.1364,3.6838,41.94,75.44,0.2311,0.1243
58.8342,forward_movement,0.1779,0.2277,0.2028,42.59,80.92,0.0481,0.1779
58.8676,forward_movement,0.5021,0.2348,0.3685,58.07,86.74,0.5021,0.1479
58.901,guard_position,0.7716,0.1054,0.4385,63.79,85.79,0.7716,0.0491
58.9343,backward_movement,0.4897,0.1725,0.3311,64.93,83.42,0.4897,0.2887
58.9677,backward_movement,0.4321,0.2632,0.3476,56.63,92.18,0.4321,0.2751
59.0011,forward_movement,0.2956,0.1256,0.2106,55.59,97.43,0.2956,0.1122
59.0345,backward_movement,0.5551,0.2936,0.4243,56.07,97.92,0.5551,0.0803
59.0678,backward_movement,0.3198,0.1064,0.2131,59.67,83.97,0.3198,0.3055
59.1012,guard_position,0.6025,0.0957,0.3491,49.46,95.8,0.6025,0.5359
59.1346,guard_position,0.6392,0.0944,0.3668,59.33,85.87,0.1678,0.6392
59.1679,guard_position,0.4229,0.148,0.2854,55.73,93.7,0.1126,0.4229
59.2013,forward_movement,0.7128,0.1641,0.4384,61.82,77.12,0.4143,0.7128
59.2347,forward_movement,0.5277,0.0751,0.3014,61.48,84.92,0.1798,0.5277
59.2681,forward_movement,0.0983,0.065,0.0817,58.95,87.78,0.0692,0.0983
59.3014,guard_position,0.2459,0.1232,0.1846,57.59,84.85,0.2459,0.2071
59.3348,guard_position,0.9063,0.0781,0.4922,56.04,77.33,0.1531,0.9063
59.3682,backward_movement,0.194,0.0937,0.1439,57.84,80.82,0.1195,0.194
59.4015,guard_position,0.3246,0.1048,0.2147,59.59,85.53,0.0845,0.3246
59.4349,guard_position,1.322,0.08,0.701,55.55,93.34,0.0216,1.322
59.4683,guard_position,0.9557,0.0678,0.5117,54.04,84.12,0.1053,0.9557
59.5017,forward_movement,0.0789,0.1055,0.0922,52.82,79.3,0.0257,0.0789
59.535,forward_movement,0.266,0.0658,0.1659,50.41,79.82,0.082,0.266
59.5684,forward_movement,0.9633,0.0859,0.5246,46.87,90.12,0.1608,0.9633
59.6018,guard_position,0.5984,0.0773,0.3378,50.37,96.29,0.1395,0.5984
59.6352,guard_position,0.308,0.0742,0.1911,52.34,93.21,0.1906,0.308
59.6685,guard_position,0.3402,0.0592,0.1997,57.48,92.09,0.3402,0.3177
59.7019,backward_movement,0.7074,0.209,0.4582,68.3,99.83,0.3798,0.7074
59.7353,guard_position,1.5614,0.2031,0.8823,78.44,101.32,0.5067,1.5614
59.7686,guard_position,0.7737,0.1417,0.4577,92.72,96.96,0.7737,0.1619
59.802,forward_movement,0.6849,0.0525,0.3687,104.97,89.39,0.2733,0.6849
59.8354,guard_position,1.4263,0.1569,0.7916,101.53,90.11,0.4881,1.4263
59.8688,guard_position,0.908,0.1922,0.5501,92.6,100.38,0.2937,0.908
59.9021,forward_movement,0.288,0.0856,0.1868,86.57,89.6,0.261,0.288
59.9355,kick_low,1.2305,7.268,4.2492,83.29,95.0,0.2384,1.2305
59.9689,kick_low,0.5116,0.9559,0.7337,85.18,93.43,0.3141,0.5116
60.0022,forward_movement,0.9541,0.4945,0.7243,71.77,85.96,0.9541,0.6002
60.0356,forward_movement,1.0115,0.2015,0.6065,80.42,90.15,0.4035,1.0115
60.069,guard_position,1.4412,0.1602,0.8007,76.17,60.32,0.3292,1.4412
60.069,guard_position,0.0,0.0,0.0,103.07,155.94,0.0,0.0
60.1024,punch_right,5.9975,0.3457,3.1716,83.27,150.1,0.1933,5.9975
60.1357,kick_low,1.0482,2.1618,1.605,85.67,147.77,1.0482,0.7632
60.1691,kick_low,4.928,2.6578,3.7929,64.04,96.59,1.0091,4.928
60.2358,kick_low,4.8485,6.7409,5.7947,89.92,120.38,2.5798,4.8485
60.2692,kick_low,0.649,1.4928,1.0709,115.14,115.35,0.3593,0.649
60.3026,kick_low,2.9217,7.2863,5.104,152.99,140.33,2.9217,1.5512
60.336,kick_low,1.7014,7.2972,4.4993,173.26,123.84,0.5824,1.7014
60.3693,guard_position,1.605,0.3808,0.9929,171.7,90.1,0.5138,1.605
60.4027,backward_movement,0.429,0.2095,0.3193,159.95,86.04,0.429,0.4171
60.4361,guard_position,0.8008,0.0815,0.4412,143.28,90.39,0.8008,0.5024
60.4694,punch_left,1.2392,0.3393,0.7892,146.77,90.56,1.2392,0.5739
60.5028,forward_movement,0.9979,0.0619,0.5299,133.53,83.25,0.9979,0.318
60.5362,guard_position,1.9867,0.1558,1.0713,104.08,98.73,1.4045,1.9867
60.5696,guard_position,2.2715,0.1176,1.1945,91.96,105.24,2.2715,1.2594
60.6029,guard_position,2.5276,0.1523,1.34,94.34,77.18,0.5484,2.5276
60.6363,kick_low,0.7526,6.8606,3.8066,89.05,88.45,0.7526,0.6823
60.6697,guard_position,0.7465,0.4703,0.6084,81.82,70.1,0.7465,0.2617
60.703,punch_right,2.5756,0.8121,1.6939,75.68,123.5,0.538,2.5756
60.7364,punch_right,2.5083,0.5931,1.5507,63.77,145.07,0.8281,2.5083
60.7698,backward_movement,0.5949,0.2651,0.43,58.28,175.15,0.5949,0.4429
60.8032,guard_position,0.223,0.195,0.209,58.19,174.29,0.223,0.0656
60.8365,forward_movement,0.3668,0.1178,0.2423,67.96,161.77,0.3668,0.3542
60.8699,backward_movement,0.6606,0.2698,0.4652,67.31,153.36,0.2567,0.6606
60.9033,guard_position,3.0931,0.1918,1.6425,78.47,98.04,0.6593,3.0931
60.9366,guard_position,2.5167,0.3698,1.4432,81.21,38.36,0.3656,2.5167
60.97,backward_movement,0.6679,0.1958,0.4319,75.42,61.73,0.3158,0.6679
61.0034,backward_movement,0.7943,0.1486,0.4714,71.99,49.86,0.6496,0.7943
61.0368,backward_movement,0.4967,0.1321,0.3144,72.93,48.05,0.1159,0.4967
61.0701,guard_position,1.1618,0.1715,0.6667,66.89,51.06,0.2067,1.1618
61.1035,forward_movement,0.608,0.1409,0.3744,70.9,53.49,0.0324,0.608
61.1369,forward_movement,0.7813,0.1275,0.4544,57.36,52.35,0.7813,0.278
61.1702,forward_movement,0.3629,0.2765,0.3197,50.41,38.26,0.3629,0.1173
61.2036,forward_movement,0.4389,0.2913,0.3651,41.26,52.42,0.4389,0.1213
61.237,kick_low,0.4729,1.5447,1.0088,48.05,65.14,0.4729,0.3745
61.2704,backward_movement,0.5004,0.5569,0.5287,55.13,69.53,0.1039,0.5004
61.3037,forward_movement,0.3678,0.3617,0.3647,60.11,49.79,0.3678,0.0896
61.3371,kick_low,0.299,6.4348,3.3669,55.94,70.65,0.299,0.0821
61.3705,backward_movement,0.2394,0.652,0.4457,60.31,69.83,0.2394,0.0498
61.4038,kick_low,1.9629,2.5685,2.2657,73.04,66.17,0.6301,1.9629
61.4372,kick_low,9.9232,7.4335,8.6784,167.67,120.42,9.9232,5.1628
61.4706,kick_low,2.7034,2.3052,2.5043,161.0,146.58,2.7034,0.7683
61.504,kick_low,3.8832,1.7362,2.8097,168.03,156.24,3.8832,0.7017
61.5373,kick_low,5.4948,3.75,4.6224,90.23,18.06,5.4948,5.1199
61.5707,kick_low,1.7193,1.6316,1.6755,117.22,44.18,0.7297,1.7193
61.6041,kick_low,2.7962,1.564,2.1801,104.98,73.06,0.9853,2.7962
61.6375,kick_low,1.505,1.6025,1.5537,89.49,89.6,0.2987,1.505
61.6708,kick_low,1.6844,1.5422,1.6133,37.11,23.4,1.6844,0.7496
61.7042,kick_low,0.8891,1.7899,1.3395,28.5,17.24,0.8891,0.1877
61.7376,backward_movement,0.6815,0.6852,0.6833,46.54,39.81,0.6273,0.6815
61.7709,backward_movement,0.3519,0.5658,0.4589,55.68,46.83,0.3519,0.216
61.8043,backward_movement,0.3084,0.5035,0.406,52.35,51.54,0.3084,0.2003
61.8377,guard_position,0.3794,0.094,0.2367,56.12,63.78,0.3794,0.2167
61.8711,guard_position,0.2576,0.2931,0.2754,54.88,71.36,0.2064,0.2576
61.9044,backward_movement,0.3862,0.1204,0.2533,61.08,76.18,0.3203,0.3862
61.9378,forward_movement,0.4768,0.1417,0.3092,57.35,82.05,0.2792,0.4768
61.9712,forward_movement,0.3866,0.1294,0.258,61.26,83.69,0.13,0.3866
62.0045,kick_low,0.3127,3.1591,1.7359,67.94,70.74,0.3127,0.0383
62.0379,kick_low,0.1678,3.2964,1.7321,70.64,84.66,0.1678,0.0031
62.0713,forward_movement,0.8871,0.1167,0.5019,63.01,88.87,0.8871,0.3951
62.1047,backward_movement,0.3763,0.3235,0.3499,71.16,98.96,0.3763,0.1127
62.138,forward_movement,0.3593,0.2094,0.2843,71.06,89.51,0.3593,0.0837
62.1714,backward_movement,0.3388,0.219,0.2789,69.92,94.94,0.0363,0.3388
62.2048,backward_movement,0.4923,0.2246,0.3584,72.33,86.86,0.178,0.4923
62.2381,backward_movement,0.2347,0.1609,0.1978,73.85,88.24,0.2099,0.2347
62.2715,forward_movement,0.2124,0.0938,0.1531,67.09,94.13,0.1708,0.2124
62.3049,guard_position,0.2269,0.0972,0.1621,69.23,91.48,0.0965,0.2269
62.3383,forward_movement,0.1509,0.1172,0.134,71.59,92.64,0.101,0.1509
62.3716,guard_position,0.1614,0.1719,0.1667,72.98,96.12,0.1054,0.1614
62.405,forward_movement,0.2188,0.1742,0.1965,72.91,91.49,0.0295,0.2188
62.4384,forward_movement,0.1829,0.1303,0.1566,73.95,85.97,0.0801,0.1829
62.4717,guard_position,0.1695,0.1611,0.1653,74.51,89.3,0.0923,0.1695
62.5051,forward_movement,0.0708,0.1419,0.1064,73.62,90.74,0.0708,0.0642
62.5385,forward_movement,0.1078,0.1782,0.143,74.26,90.28,0.0615,0.1078
62.5719,guard_position,0.2479,0.078,0.1629,74.57,85.93,0.1229,0.2479
62.6052,forward_movement,0.8512,0.0809,0.466,71.41,75.64,0.0902,0.8512
62.6386,forward_movement,0.3209,0.0789,0.1999,79.97,71.6,0.2326,0.3209
62.672,guard_position,1.5588,0.1093,0.834,84.06,90.97,0.5234,1.5588
62.7053,forward_movement,0.4011,0.1334,0.2672,83.41,101.32,0.148,0.4011
62.7387,kick_low,2.0697,7.0291,4.5494,73.08,114.14,0.751,2.0697
62.7721,kick_low,1.2518,1.0524,1.1521,67.92,99.84,0.4738,1.2518
62.8055,punch_right,5.5733,0.2228,2.898,74.06,163.35,0.1328,5.5733
62.8388,guard_position,0.479,0.1105,0.2947,73.23,173.2,0.4725,0.479
62.8722,forward_movement,0.1925,0.2041,0.1983,68.7,169.78,0.1925,0.127
62.9056,forward_movement,0.4722,0.3338,0.403,82.88,167.83,0.1145,0.4722
62.9389,forward_movement,0.3629,0.3129,0.3379,88.18,161.78,0.2411,0.3629
62.9723,forward_movement,0.6347,0.2742,0.4544,85.52,152.92,0.4704,0.6347
63.0057,guard_position,1.6061,0.3232,0.9647,40.8,149.64,1.6061,0.0642
63.0391,guard_position,1.6546,0.3621,1.0084,63.0,145.89,1.6546,1.0339
63.0724,punch_right,2.3762,0.707,1.5416,59.24,129.18,0.2956,2.3762
63.1058,forward_movement,0.333,0.1233,0.2282,68.23,118.34,0.3085,0.333
63.1392,backward_movement,0.9672,0.298,0.6326,67.46,104.72,0.1116,0.9672
63.1725,backward_movement,0.6711,0.4588,0.5649,78.86,105.13,0.5772,0.6711
63.2059,guard_position,1.9742,0.31,1.1421,84.65,83.04,0.4847,1.9742
63.2393,guard_position,1.2253,0.3336,0.7795,86.47,72.43,0.5324,1.2253
63.2727,backward_movement,0.6168,0.2738,0.4453,76.59,74.61,0.5805,0.6168
63.306,kick_low,0.2143,3.2082,1.7112,72.89,76.01,0.2143,0.0554
63.3394,forward_movement,0.386,0.1508,0.2684,66.02,70.71,0.386,0.229
63.3728,kick_low,0.3918,2.6261,1.5089,63.11,70.47,0.0291,0.3918
63.4061,kick_low,0.4837,7.0384,3.7611,58.72,59.72,0.4837,0.4138
63.4395,kick_low,0.206,4.0983,2.1522,59.25,67.7,0.206,0.1902
63.4729,kick_low,0.5607,3.5686,2.0646,52.19,70.72,0.5607,0.0368
63.5063,kick_low,0.4566,6.8129,3.6347,61.13,67.81,0.4566,0.3145
63.5396,backward_movement,0.3325,0.1476,0.24,64.11,70.86,0.0786,0.3325
63.573,backward_movement,0.3921,0.0273,0.2097,74.32,83.24,0.3921,0.2629
63.6064,forward_movement,0.6467,0.1697,0.4082,76.44,81.01,0.6467,0.0558
63.6397,forward_movement,0.6704,0.1929,0.4317,73.66,91.08,0.6704,0.2102
63.6731,forward_movement,0.7415,0.1256,0.4336,83.8,98.46,0.7415,0.5544
63.7065,forward_movement,0.8836,0.122,0.5028,99.9,108.23,0.8836,0.2138
63.7399,kick_low,1.471,2.9975,2.2343,126.32,93.13,1.471,1.3254
63.7732,kick_low,1.43,6.4291,3.9295,150.53,121.01,0.8683,1.43
63.8066,forward_movement,0.9224,0.2652,0.5938,167.43,159.23,0.8738,0.9224
63.84,punch_right,1.286,0.1044,0.6952,174.24,155.31,0.2763,1.286
63.8734,backward_movement,0.2111,0.1278,0.1695,176.59,148.05,0.1765,0.2111
63.9067,punch_right,4.511,0.1796,2.3453,179.45,176.89,0.3989,4.511
63.9401,backward_movement,1.0095,0.1401,0.5748,174.26,179.06,0.3616,1.0095
63.9735,punch_right,3.3521,0.1439,1.748,164.66,145.02,0.0402,3.3521
64.0068,punch_right,1.8407,0.1259,0.9833,154.5,119.67,0.5323,1.8407
64.0402,kick_low,0.8097,2.0712,1.4405,139.42,121.49,0.8097,0.2871
64.0736,kick_low,0.7962,4.7069,2.7516,116.08,121.41,0.7962,0.4141
64.107,kick_low,3.2433,2.518,2.8806,100.32,110.47,1.2062,3.2433
64.1403,forward_movement,0.7873,0.2369,0.5121,83.97,89.16,0.699,0.7873
64.1737,backward_movement,0.5174,0.2577,0.3875,75.81,84.85,0.5174,0.1874
64.2071,backward_movement,0.5821,0.2769,0.4295,70.79,85.05,0.5745,0.5821
64.2404,forward_movement,0.6123,0.2039,0.4081,70.94,81.09,0.6123,0.1488
64.2738,backward_movement,0.7014,0.2335,0.4675,57.64,88.08,0.7014,0.2186
64.3072,forward_movement,0.4314,0.1231,0.2773,57.31,80.94,0.4314,0.2868
64.3406,backward_movement,0.1472,0.0543,0.1007,52.97,84.66,0.1472,0.0759
64.3739,guard_position,0.4582,0.1243,0.2913,44.09,88.85,0.0825,0.4582
64.4073,forward_movement,0.403,0.1272,0.2651,42.22,94.44,0.2477,0.403
64.4407,guard_position,0.3251,0.1083,0.2167,45.71,90.17,0.183,0.3251
64.474,backward_movement,0.6097,0.1256,0.3677,43.24,85.38,0.1808,0.6097
64.5074,guard_position,0.4029,0.1044,0.2537,43.1,82.78,0.0668,0.4029
64.5408,forward_movement,0.8057,0.1245,0.4651,45.46,80.87,0.1628,0.8057
64.5742,backward_movement,0.1719,0.125,0.1485,48.44,89.43,0.1719,0.1239
64.6075,forward_movement,0.391,0.1309,0.2609,46.48,85.75,0.1456,0.391
64.6409,forward_movement,0.2593,0.2228,0.2411,43.65,89.72,0.1745,0.2593
64.6743,backward_movement,0.3798,0.147,0.2634,46.68,88.97,0.1195,0.3798
64.7076,forward_movement,0.9586,0.0853,0.522,49.59,84.75,0.1596,0.9586
64.741,backward_movement,0.5948,0.103,0.3489,47.5,97.56,0.0918,0.5948
64.7744,forward_movement,0.4299,0.039,0.2344,54.83,96.3,0.4299,0.0511
64.8078,backward_movement,0.4927,0.084,0.2883,53.22,95.14,0.1403,0.4927
64.8411,forward_movement,0.4314,0.125,0.2782,51.47,87.17,0.0257,0.4314
64.8745,guard_position,0.758,0.2414,0.4997,59.6,97.72,0.0792,0.758
64.9079,backward_movement,0.3492,0.1625,0.2558,46.03,92.08,0.3492,0.3487
64.9412,forward_movement,0.7687,0.1397,0.4542,42.99,113.21,0.2346,0.7687
64.9746,backward_movement,0.2193,0.171,0.1951,47.47,109.9,0.1141,0.2193
65.008,guard_position,1.2437,0.1721,0.7079,49.22,76.24,0.3896,1.2437
65.0414,forward_movement,1.0492,0.1903,0.6197,48.07,105.57,0.2258,1.0492
65.0747,forward_movement,0.4208,0.2232,0.322,45.46,95.99,0.4208,0.2476
65.1081,forward_movement,0.2872,0.3093,0.2983,46.01,82.16,0.1064,0.2872
65.1415,guard_position,1.2642,0.2591,0.7617,52.17,96.42,0.4286,1.2642
65.1748,guard_position,0.8826,0.0576,0.4701,49.81,83.82,0.1213,0.8826
65.2082,guard_position,0.1796,0.1097,0.1446,47.87,92.77,0.0314,0.1796
65.2416,forward_movement,0.6689,0.0905,0.3797,45.67,77.3,0.4187,0.6689
65.275,forward_movement,0.6294,0.1733,0.4013,45.85,83.12,0.3795,0.6294
65.3083,forward_movement,0.5286,0.1742,0.3514,39.95,101.36,0.1211,0.5286
65.3417,forward_movement,0.3439,0.4403,0.3921,49.81,86.98,0.3439,0.3336
65.3751,forward_movement,0.3621,0.2363,0.2992,38.16,87.02,0.2955,0.3621
65.4084,backward_movement,0.5118,0.2418,0.3768,39.37,93.41,0.2356,0.5118
65.4418,guard_position,0.3444,0.6301,0.4872,33.11,96.12,0.2559,0.3444
65.4752,kick_low,0.1999,1.337,0.7685,39.13,93.38,0.1999,0.1452
65.5086,backward_movement,0.8367,0.2854,0.5611,47.36,79.13,0.461,0.8367
65.5419,guard_position,0.7158,0.2031,0.4594,46.69,83.27,0.1013,0.7158
65.5753,forward_movement,0.5389,0.152,0.3454,32.44,77.08,0.5389,0.1089
65.6087,guard_position,0.232,0.2992,0.2656,37.15,62.08,0.232,0.0398
65.642,backward_movement,0.2363,0.2003,0.2183,35.1,73.56,0.0172,0.2363
65.6754,guard_position,0.3462,0.1455,0.2458,36.27,86.21,0.3228,0.3462
65.7088,guard_position,1.5605,0.2412,0.9008,42.58,75.59,0.2124,1.5605
65.7422,guard_position,0.4775,0.2065,0.342,43.47,80.13,0.2031,0.4775
65.7755,guard_position,0.2066,0.1819,0.1943,42.56,76.41,0.1145,0.2066
65.8089,guard_position,0.4854,0.0675,0.2764,27.18,92.09,0.4854,0.1937
65.8423,backward_movement,0.355,0.1898,0.2724,40.06,82.29,0.355,0.321
65.8757,guard_position,1.3283,0.312,0.8201,44.64,91.57,0.1619,1.3283
65.909,forward_movement,0.7937,0.3002,0.5469,47.71,83.37,0.2086,0.7937
65.9424,backward_movement,0.5715,0.1672,0.3693,53.79,87.51,0.264,0.5715
65.9758,forward_movement,0.1762,0.2228,0.1995,54.05,67.57,0.1503,0.1762
66.0091,backward_movement,0.3457,0.1702,0.258,53.0,77.09,0.3457,0.337
66.0425,guard_position,0.7249,0.1434,0.4341,49.52,88.87,0.1217,0.7249
66.0759,forward_movement,0.3096,0.2162,0.2629,52.37,81.97,0.3096,0.1588
66.1093,forward_movement,0.7862,0.1358,0.461,68.32,77.88,0.4414,0.7862
66.1426,forward_movement,0.9276,0.1619,0.5448,85.85,97.48,0.3502,0.9276
66.176,forward_movement,0.5331,0.1339,0.3335,89.23,93.95,0.4104,0.5331
66.2094,kick_low,0.9268,6.658,3.7924,78.64,92.56,0.7346,0.9268
66.2427,kick_low,3.421,0.9253,2.1732,66.97,151.09,0.7009,3.421
66.2761,backward_movement,1.0104,0.4614,0.7359,75.29,152.74,0.1893,1.0104
66.3095,guard_position,2.8828,0.3198,1.6013,76.73,104.45,0.1034,2.8828
66.3429,forward_movement,0.9485,0.6348,0.7917,61.55,100.19,0.3279,0.9485
66.3762,kick_low,0.8689,3.8584,2.3637,65.98,117.49,0.3667,0.8689
66.4096,backward_movement,0.2489,0.5273,0.3881,69.31,121.34,0.2358,0.2489
66.443,kick_low,0.8507,3.3062,2.0785,80.61,116.44,0.3522,0.8507
66.4763,backward_movement,0.2325,0.1122,0.1724,77.53,118.15,0.2285,0.2325
66.5097,backward_movement,0.8696,0.2286,0.5491,88.29,98.97,0.5518,0.8696
66.5431,guard_position,1.1133,0.2589,0.6861,86.08,98.98,0.0921,1.1133
66.5765,backward_movement,0.6142,0.1392,0.3767,82.77,94.58,0.1851,0.6142
66.6098,backward_movement,0.5895,0.1427,0.3661,80.44,82.8,0.1461,0.5895
66.6432,forward_movement,0.6614,0.2088,0.4351,72.68,81.26,0.6614,0.1239
66.6766,kick_low,0.5179,2.1222,1.3201,57.17,90.73,0.5179,0.3722
66.7099,kick_low,0.4158,4.3202,2.368,46.06,80.49,0.4158,0.4156
66.7433,kick_low,0.6581,2.4163,1.5372,42.77,81.65,0.2947,0.6581
66.7767,forward_movement,0.4918,0.5822,0.537,28.64,71.11,0.4918,0.1694
66.8101,backward_movement,0.1922,0.2473,0.2197,29.7,79.64,0.1286,0.1922
66.8434,forward_movement,0.1365,0.1224,0.1295,30.4,85.15,0.1108,0.1365
66.8768,forward_movement,0.345,0.1212,0.2331,44.98,68.98,0.345,0.1826
66.9102,backward_movement,0.1165,0.059,0.0877,40.02,68.93,0.1165,0.0427
66.9435,kick_low,0.2207,3.081,1.6508,41.0,86.96,0.1723,0.2207
66.9769,kick_low,0.1563,3.9779,2.0671,44.9,76.88,0.1563,0.0673
67.0103,backward_movement,0.2899,0.665,0.4774,46.63,84.59,0.2899,0.0355
67.0437,forward_movement,0.0762,0.1097,0.0929,47.51,81.59,0.0762,0.0528
67.077,guard_position,0.1852,0.1699,0.1776,44.73,79.03,0.1852,0.1012
67.1104,forward_movement,0.0501,0.0941,0.0721,44.24,76.18,0.0501,0.0347
67.1438,forward_movement,0.2778,0.1277,0.2027,50.96,93.19,0.2778,0.1039
67.1771,backward_movement,0.3772,0.2492,0.3132,51.95,91.65,0.136,0.3772
67.2105,forward_movement,0.6458,0.198,0.4219,53.85,90.53,0.2917,0.6458
67.2439,forward_movement,0.4085,0.2097,0.3091,62.2,87.59,0.4085,0.1905
67.2773,backward_movement,0.9623,0.2157,0.589,80.61,92.99,0.9623,0.4056
67.3106,guard_position,0.6349,0.1085,0.3717,99.49,116.52,0.6349,0.2425
67.344,punch_left,2.5904,0.2988,1.4446,135.13,131.38,2.5904,1.9408
67.3774,punch_left,1.1055,0.1392,0.6224,151.82,116.42,1.1055,0.2031
67.4107,punch_right,1.8643,0.3571,1.1107,166.88,114.64,1.8543,1.8643
67.4441,punch_right,1.5065,0.6825,1.0945,172.86,151.67,0.6292,1.5065
67.4775,punch_right,1.5329,0.4217,0.9773,171.17,153.8,0.029,1.5329
67.5109,forward_movement,0.6692,0.539,0.6041,155.22,121.02,0.6015,0.6692
67.5442,punch_right,3.0422,0.4567,1.7494,143.71,169.85,0.7374,3.0422
67.5776,punch_right,2.1965,0.2425,1.2195,124.81,111.31,1.1063,2.1965
67.611,punch_left,1.3031,0.1065,0.7048,105.98,107.32,1.3031,0.7534
67.6443,backward_movement,1.0738,0.0635,0.5686,100.89,111.16,1.0738,0.2336
67.6777,punch_right,1.3281,0.0759,0.702,100.54,126.98,0.7391,1.3281
67.7111,backward_movement,0.8104,0.1088,0.4596,92.64,112.26,0.8104,0.417
67.7445,backward_movement,0.9249,0.1191,0.522,85.77,85.16,0.7947,0.9249
67.7778,backward_movement,1.0928,0.1363,0.6145,83.47,89.63,1.0928,0.4035
67.8112,kick_low,0.4722,4.1273,2.2997,80.71,72.74,0.4722,0.0529
67.8446,kick_low,0.8918,0.9908,0.9413,81.37,68.04,0.8918,0.3856
67.8779,kick_low,0.5371,3.0129,1.775,75.81,77.55,0.5371,0.4147
67.9113,backward_movement,0.4915,0.4363,0.4639,68.25,78.11,0.4915,0.339
67.9447,backward_movement,0.3504,0.2757,0.3131,69.53,92.7,0.3504,0.2951
67.9781,backward_movement,0.4426,0.1769,0.3098,70.07,91.16,0.4426,0.0699
68.0114,backward_movement,0.403,0.206,0.3045,67.54,80.42,0.403,0.3441
68.0448,backward_movement,0.2651,0.1092,0.1872,68.56,78.06,0.0311,0.2651
68.0782,guard_position,0.3901,0.451,0.4205,66.79,74.21,0.3901,0.1274
68.1116,guard_position,0.3323,0.3152,0.3237,64.63,69.25,0.1612,0.3323
68.1449,punch_right,2.0938,0.503,1.2984,62.11,114.04,0.1398,2.0938
68.1783,guard_position,0.8845,0.4014,0.6429,65.24,178.38,0.2578,0.8845
68.2117,guard_position,3.0805,0.4669,1.7737,72.96,66.73,0.189,3.0805
68.245,kick_low,0.4316,1.6043,1.0179,81.95,66.19,0.4316,0.2699
68.2784,kick_low,0.5839,2.022,1.303,79.28,67.98,0.5839,0.1908
68.3118,kick_low,0.248,1.5202,0.8841,81.37,72.25,0.248,0.2317
68.3452,forward_movement,0.226,0.5677,0.3968,83.16,77.82,0.2091,0.226
68.3785,kick_low,0.8477,1.0049,0.9263,79.48,84.2,0.0969,0.8477
68.4119,forward_movement,0.6618,0.6487,0.6553,82.29,97.99,0.5366,0.6618
68.4453,punch_right,1.7167,0.6915,1.2041,89.31,134.53,0.5493,1.7167
68.4786,forward_movement,0.509,0.2705,0.3898,86.43,145.3,0.509,0.3546
68.512,punch_right,2.4745,0.4595,1.467,93.57,128.55,0.9182,2.4745
68.5454,guard_position,0.9894,0.8001,0.8948,98.23,126.97,0.9894,0.5507
68.5788,kick_low,1.6171,0.9154,1.2662,111.01,142.06,1.115,1.6171
68.6121,backward_movement,1.052,0.3691,0.7105,120.37,150.83,0.9726,1.052
68.6455,forward_movement,0.8158,0.6141,0.7149,146.88,149.49,0.8158,0.7681
68.6789,kick_low,0.2824,0.9238,0.6031,153.19,156.36,0.1475,0.2824
68.7122,kick_low,0.96,1.1716,1.0658,150.2,179.6,0.0696,0.96
68.7456,kick_low,2.5052,1.499,2.0021,169.82,147.61,2.5052,1.7662
68.779,kick_low,2.9568,3.5257,3.2413,136.96,162.69,2.9568,2.0947
68.8124,kick_low,1.6877,2.9313,2.3095,127.2,179.28,1.6877,0.9606
68.8457,punch_left,1.333,0.5267,0.9298,133.18,174.59,1.333,0.9789
68.8791,kick_low,0.8892,0.9749,0.9321,128.86,152.23,0.8892,0.697
68.9125,kick_low,1.3536,1.1112,1.2324,107.47,159.43,0.9373,1.3536
68.9458,backward_movement,0.642,0.5506,0.5963,116.88,145.0,0.1964,0.642
68.9792,forward_movement,0.5887,0.8986,0.7437,121.51,163.63,0.4191,0.5887
69.0126,punch_right,1.2921,0.7983,1.0452,135.43,162.86,0.7025,1.2921
69.046,kick_low,0.2833,1.6096,0.9465,136.17,145.69,0.2716,0.2833
69.0793,kick_low,0.2755,0.9648,0.6202,140.07,169.69,0.2755,0.2682
69.1127,punch_left,1.5502,0.8095,1.1798,136.63,112.24,1.5502,0.6774
69.1461,punch_left,4.3295,0.842,2.5857,107.12,151.33,4.3295,0.5752
