timestamp,action_type,hand_speed,leg_speed,movement_intensity,l_elbow_angle,r_elbow_angle,l_hand_speed,r_hand_speed
0.0,guard_position,0.0,0.0,0.0,78.64,112.28,0.0,0.0
0.0334,kick_low,2.3827,1.9615,2.1721,18.54,107.81,2.3827,0.5845
0.0667,guard_position,1.187,0.6643,0.9257,26.74,95.23,1.187,0.1684
0.1001,guard_position,2.4851,0.7307,1.6079,36.25,45.03,0.8267,2.4851
0.1335,guard_position,3.865,0.6405,2.2528,54.92,14.63,0.9095,3.865
0.1669,guard_position,1.6147,0.0964,0.8555,34.79,30.05,1.6147,1.4345
0.2002,backward_movement,0.637,0.2732,0.4551,28.61,35.52,0.637,0.5447
0.2336,guard_position,1.2936,0.2192,0.7564,2.62,35.21,1.2936,0.3812
0.267,guard_position,1.3813,0.2954,0.8383,15.95,28.43,1.3813,0.5779
0.3003,backward_movement,0.661,0.1655,0.4132,32.82,16.7,0.653,0.661
0.3337,kick_low,0.7204,0.9648,0.8426,62.18,23.53,0.7204,0.2584
0.3671,forward_movement,0.7149,0.5417,0.6283,48.4,18.07,0.7149,0.4709
0.4005,guard_position,0.9792,0.3402,0.6597,37.22,14.01,0.8383,0.9792
0.4338,guard_position,1.4312,0.4558,0.9435,24.13,4.12,0.5522,1.4312
0.4672,guard_position,1.0152,0.5559,0.7856,11.17,30.55,0.8462,1.0152
0.5006,backward_movement,0.5873,0.2981,0.4427,21.34,37.05,0.5873,0.3496
0.5339,forward_movement,0.6945,0.488,0.5912,31.12,52.72,0.5915,0.6945
0.5673,backward_movement,0.3894,0.4615,0.4255,22.15,52.84,0.109,0.3894
0.6007,forward_movement,0.7136,0.2958,0.5047,22.19,57.79,0.103,0.7136
0.6341,forward_movement,0.4006,0.1011,0.2508,12.87,60.24,0.4006,0.2468
0.6674,forward_movement,0.7658,0.316,0.5409,31.38,55.12,0.3975,0.7658
0.7008,guard_position,0.7424,0.3025,0.5224,36.07,63.02,0.5553,0.7424
0.7342,forward_movement,0.326,0.2219,0.274,40.92,51.32,0.326,0.325
0.7675,forward_movement,0.6134,0.3902,0.5018,35.17,59.9,0.1589,0.6134
0.8009,forward_movement,0.3051,0.7169,0.511,31.26,35.21,0.1007,0.3051
0.8343,backward_movement,0.5684,0.3616,0.465,42.68,51.31,0.5684,0.5343
0.8677,forward_movement,0.616,0.1829,0.3994,38.85,64.07,0.4621,0.616
0.901,backward_movement,0.4193,0.3513,0.3853,27.7,81.66,0.4193,0.3129
0.9344,forward_movement,0.9304,0.2376,0.584,38.62,49.18,0.4879,0.9304
0.9678,forward_movement,0.2979,0.2853,0.2916,44.19,49.03,0.2979,0.1682
1.0011,guard_position,0.4842,0.1546,0.3194,40.53,66.13,0.2039,0.4842
1.0345,guard_position,0.4112,0.3602,0.3857,38.28,77.37,0.4112,0.1604
1.0679,backward_movement,0.3249,0.4667,0.3958,34.73,55.94,0.112,0.3249
1.1013,guard_position,1.4849,0.1239,0.8044,39.94,29.31,0.3719,1.4849
1.1346,backward_movement,0.1995,0.065,0.1323,40.71,33.66,0.07,0.1995
1.168,backward_movement,0.1895,0.2741,0.2318,43.97,27.2,0.123,0.1895
1.2014,backward_movement,0.6772,0.2362,0.4567,39.77,25.91,0.3338,0.6772
1.2348,forward_movement,0.7937,0.2408,0.5173,41.63,42.16,0.2943,0.7937
1.2681,kick_low,0.2435,1.1389,0.6912,36.09,46.18,0.2435,0.1231
1.3015,kick_low,0.4735,1.2018,0.8376,33.36,53.79,0.2008,0.4735
1.3349,forward_movement,0.5577,0.3533,0.4555,44.42,54.92,0.5577,0.2887
1.3682,guard_position,1.4943,0.1725,0.8334,53.31,79.75,0.2841,1.4943
1.4016,guard_position,1.1773,0.2172,0.6972,47.62,96.59,0.2434,1.1773
1.435,forward_movement,0.7159,0.3262,0.521,38.19,113.36,0.5004,0.7159
1.4684,punch_right,1.9675,0.3284,1.148,52.13,128.05,0.882,1.9675
1.5017,forward_movement,0.8506,0.0439,0.4473,35.52,166.14,0.8506,0.308
1.5351,guard_position,1.1301,0.6604,0.8952,56.98,168.2,1.1301,0.4396
1.5685,guard_position,1.3346,0.3692,0.8519,19.99,173.57,1.3346,0.9468
1.6018,punch_right,1.9197,0.4876,1.2036,8.39,170.86,1.0669,1.9197
1.6352,guard_position,2.0612,0.5222,1.2917,43.76,167.4,2.0612,0.781
1.6686,backward_movement,0.4822,0.424,0.4531,38.24,126.27,0.3688,0.4822
1.702,guard_position,2.0897,0.3128,1.2012,61.85,104.42,1.0357,2.0897
1.7353,punch_left,1.2356,0.3891,0.8124,106.47,102.28,1.2356,0.3837
1.7687,backward_movement,0.3996,0.1449,0.2722,130.27,82.77,0.3996,0.2147
1.8021,punch_left,2.9951,0.3567,1.6759,150.36,98.55,2.9951,1.5557
1.8354,forward_movement,0.9479,0.7755,0.8617,153.23,44.32,0.6313,0.9479
1.8688,guard_position,1.7147,0.3314,1.023,153.72,1.15,0.2943,1.7147
1.9022,forward_movement,0.3882,0.3329,0.3606,151.75,4.44,0.3073,0.3882
1.9356,punch_left,1.6917,0.2145,0.9531,130.39,2.54,1.6917,0.4467
1.9689,guard_position,1.595,0.605,1.1,58.96,33.62,1.595,1.2487
2.0023,guard_position,1.2701,0.2448,0.7575,73.74,36.23,0.6947,1.2701
2.0357,guard_position,1.4142,0.212,0.8131,46.29,83.63,0.7659,1.4142
2.069,guard_position,1.2539,0.2713,0.7626,12.39,84.85,1.2539,0.9937
2.1024,guard_position,1.8574,0.3476,1.1025,21.98,96.19,1.8574,1.0072
2.1358,backward_movement,0.4007,0.2961,0.3484,0.02,90.19,0.4007,0.2421
2.1692,backward_movement,0.3887,0.17,0.2794,3.25,86.89,0.3017,0.3887
2.2025,guard_position,1.3194,0.2415,0.7804,17.3,74.92,1.3194,0.1943
2.2359,forward_movement,0.9855,0.184,0.5847,0.64,70.69,0.9855,0.1152
2.2693,forward_movement,0.8204,0.2624,0.5414,19.74,58.77,0.8204,0.2089
2.3026,forward_movement,0.9704,0.5485,0.7594,15.79,48.36,0.4227,0.9704
2.336,forward_movement,0.415,0.4096,0.4123,10.86,34.21,0.3682,0.415
2.3694,forward_movement,0.5661,0.1064,0.3362,5.76,79.19,0.2694,0.5661
2.4028,punch_right,2.4328,0.2241,1.3285,25.55,179.1,0.6597,2.4328
2.4361,guard_position,1.4854,0.2306,0.858,30.25,75.27,0.5872,1.4854
2.4695,guard_position,1.2871,0.3906,0.8389,29.56,65.22,0.1734,1.2871
2.5029,guard_position,1.9175,0.1884,1.053,24.15,50.91,0.2373,1.9175
2.5362,forward_movement,0.9134,0.2083,0.5609,32.95,44.05,0.3016,0.9134
2.5696,guard_position,2.0604,0.3664,1.2134,34.52,29.14,0.0873,2.0604
2.603,punch_right,5.004,0.1292,2.5666,22.3,131.33,0.3255,5.004
2.6364,punch_right,2.2411,0.1883,1.2147,28.44,163.38,0.7792,2.2411
2.6697,guard_position,3.6704,0.1481,1.9093,33.02,46.32,0.5461,3.6704
2.7031,kick_low,1.6415,1.5501,1.5958,64.26,52.93,1.6415,0.4027
2.7365,guard_position,2.5536,0.2718,1.4127,19.64,62.56,2.5536,0.5165
2.7698,backward_movement,0.3067,0.2878,0.2972,31.03,55.31,0.3067,0.2312
2.8032,backward_movement,0.9119,0.1285,0.5202,21.37,52.16,0.9119,0.7316
2.8366,backward_movement,0.7285,0.1683,0.4484,25.88,59.95,0.2554,0.7285
2.87,guard_position,1.1377,0.374,0.7559,32.32,86.78,0.2898,1.1377
2.9033,guard_position,3.346,0.5094,1.9277,69.92,36.93,1.9237,3.346
2.9367,kick_low,2.2117,1.4567,1.8342,24.93,56.5,0.8076,2.2117
2.9701,backward_movement,0.6016,0.3924,0.497,33.07,83.54,0.2132,0.6016
3.0034,punch_right,2.6766,0.2419,1.4592,72.28,108.37,1.4391,2.6766
3.0368,punch_right,3.3903,0.522,1.9562,98.99,125.1,3.089,3.3903
3.0702,guard_position,3.0519,0.7469,1.8994,25.79,61.93,1.7522,3.0519
3.1036,kick_low,3.7226,2.2241,2.9734,125.91,20.73,1.3995,3.7226
3.1369,guard_position,5.5916,0.7502,3.1709,2.55,153.24,5.5916,4.2806
3.1703,punch_right,2.7209,0.3015,1.5112,33.21,120.91,1.3239,2.7209
3.2037,guard_position,3.6968,0.5962,2.1465,13.23,53.34,0.9172,3.6968
3.2371,backward_movement,0.6888,0.5028,0.5958,24.35,38.88,0.3406,0.6888
3.2704,guard_position,1.6829,0.4706,1.0768,50.4,43.67,1.6829,0.5947
3.3038,forward_movement,0.5883,0.4498,0.519,52.84,61.33,0.5883,0.5768
3.3372,backward_movement,0.1411,0.1401,0.1406,57.84,64.72,0.1411,0.1348
3.3705,guard_position,1.3228,0.3966,0.8597,49.89,45.74,0.6287,1.3228
3.4039,guard_position,1.373,0.2961,0.8346,55.46,68.62,0.8187,1.373
3.4373,guard_position,1.25,0.2923,0.7712,33.77,74.59,1.25,0.4524
3.4707,guard_position,0.2615,0.2158,0.2387,30.38,66.14,0.1801,0.2615
3.504,forward_movement,0.3812,0.6274,0.5043,26.4,56.75,0.3028,0.3812
3.5374,guard_position,0.5816,0.2862,0.4339,23.29,55.09,0.0812,0.5816
3.5708,kick_low,0.3146,1.9929,1.1538,13.29,54.3,0.3146,0.2014
3.6041,backward_movement,0.5746,0.1769,0.3757,23.47,48.96,0.5746,0.3047
3.6375,guard_position,0.3447,0.352,0.3484,24.43,50.64,0.3447,0.0536
3.6709,forward_movement,0.5309,0.385,0.4579,17.83,50.79,0.5309,0.1332
3.7043,forward_movement,0.6176,0.8416,0.7296,24.16,47.71,0.2292,0.6176
3.7376,forward_movement,0.8406,0.7652,0.8029,22.64,45.47,0.8406,0.5622
3.771,kick_low,0.5693,1.251,0.9101,19.34,39.29,0.2981,0.5693
3.8044,backward_movement,0.2469,0.276,0.2615,20.37,58.73,0.1291,0.2469
3.8377,forward_movement,0.714,0.1513,0.4326,34.79,60.14,0.714,0.4582
3.8711,forward_movement,1.0122,0.1061,0.5592,47.72,68.36,1.0122,0.3607
3.9045,forward_movement,0.5286,0.4778,0.5032,44.36,68.55,0.2267,0.5286
3.9379,punch_right,2.179,0.12,1.1495,29.76,132.17,1.0395,2.179
3.9712,forward_movement,0.7031,0.235,0.469,23.02,162.94,0.4759,0.7031
4.0046,punch_right,3.9145,0.0928,2.0037,19.51,162.54,0.2282,3.9145
4.038,forward_movement,0.6253,0.2112,0.4183,28.22,169.24,0.6253,0.3538
4.0713,punch_right,1.2696,0.5324,0.901,12.5,161.35,0.4549,1.2696
4.1047,punch_right,1.5592,0.3282,0.9437,15.61,160.47,0.5004,1.5592
4.1381,backward_movement,0.8827,0.3212,0.602,26.46,171.57,0.7165,0.8827
4.1715,guard_position,3.5352,0.1563,1.8457,44.35,92.07,1.2991,3.5352
4.2048,punch_right,1.5813,0.1444,0.8628,52.72,114.49,0.4352,1.5813
4.2382,punch_left,2.2192,0.2478,1.2335,106.96,131.14,2.2192,1.767
4.2716,punch_right,1.7032,0.2448,0.974,149.61,111.52,0.9972,1.7032
4.3049,backward_movement,0.7239,0.2208,0.4724,164.11,105.04,0.7239,0.3801
4.3383,backward_movement,0.5477,0.3779,0.4628,165.66,100.48,0.5477,0.534
4.3717,forward_movement,0.5365,0.5994,0.568,159.57,72.59,0.5215,0.5365
4.4051,forward_movement,0.5189,0.5534,0.5361,143.89,86.27,0.5189,0.2864
4.4384,punch_left,1.2499,0.1568,0.7033,130.69,88.98,1.2499,0.1317
4.4718,guard_position,1.4744,0.3707,0.9226,95.79,80.17,1.4744,0.7341
4.5052,guard_position,1.129,0.5261,0.8276,54.74,85.23,1.129,0.9385
4.5385,punch_right,1.898,0.481,1.1895,26.63,134.63,1.1974,1.898
4.5719,backward_movement,1.0382,0.1697,0.604,5.24,162.35,1.0382,0.8095
4.6053,forward_movement,0.769,0.3004,0.5347,34.12,167.27,0.769,0.5505
4.6387,guard_position,1.3249,0.1525,0.7387,11.82,178.11,1.3249,0.3983
4.672,backward_movement,0.6135,0.233,0.4233,5.81,175.39,0.6135,0.3072
4.7054,backward_movement,1.0196,0.274,0.6468,14.93,171.45,1.0196,0.5466
4.7388,backward_movement,0.529,0.3146,0.4218,5.96,166.16,0.529,0.4073
4.7721,punch_right,1.7365,0.4844,1.1104,26.69,108.78,1.2837,1.7365
4.8055,guard_position,2.8658,0.2419,1.5538,52.69,99.44,2.8658,0.6286
4.8389,forward_movement,0.8703,0.0777,0.474,51.67,96.9,0.2687,0.8703
4.8723,backward_movement,0.4431,0.131,0.2871,51.62,103.4,0.2143,0.4431
4.9056,forward_movement,0.7641,0.4216,0.5929,32.81,80.03,0.3103,0.7641
4.939,guard_position,0.9503,0.3829,0.6666,28.54,59.46,0.2023,0.9503
4.9724,guard_position,1.6393,0.7099,1.1746,25.91,37.51,0.2324,1.6393
5.0057,kick_low,0.4015,0.9548,0.6782,24.2,39.12,0.4015,0.3156
5.0391,kick_low,0.7479,1.0495,0.8987,21.08,47.7,0.7479,0.547
5.0725,kick_low,1.9058,2.7464,2.3261,33.79,29.95,1.9058,0.8021
5.1059,guard_position,1.9754,0.2071,1.0912,71.4,24.93,1.9754,1.42
5.1392,kick_low,3.0399,1.9653,2.5026,19.75,75.62,1.4818,3.0399
5.1726,kick_low,6.2797,0.9162,3.5979,12.13,178.8,0.4243,6.2797
5.206,kick_low,8.8588,2.2784,5.5686,134.99,107.67,8.8588,3.7692
5.2394,kick_low,8.5526,11.4733,10.013,165.28,71.49,3.169,8.5526
5.2727,kick_low,4.6899,3.1347,3.9123,134.89,156.66,1.9526,4.6899
5.3061,kick_low,4.6477,3.437,4.0423,137.97,101.82,4.6477,2.7627
5.3395,kick_low,3.5372,11.7925,7.6649,38.0,140.52,1.6226,3.5372
5.3728,kick_low,8.505,8.185,8.345,20.21,154.6,8.505,3.1524
5.4062,kick_low,6.4264,4.9067,5.6666,146.01,130.88,6.4264,1.1271
5.4396,kick_low,9.7132,12.8129,11.263,104.97,176.04,6.3958,9.7132
5.473,kick_low,4.8229,8.9421,6.8825,103.51,106.94,3.4416,4.8229
5.5063,kick_low,5.8108,4.9482,5.3795,166.99,71.48,5.8108,3.025
5.5397,kick_low,28.1178,21.3619,24.7398,70.89,96.17,28.1178,13.4631
5.5731,guard_position,0.0,0.0,0.0,180.0,180.0,0.0,0.0
5.6064,kick_low,34.0328,29.9744,32.0036,45.43,74.36,34.0328,16.3382
5.6398,forward_movement,0.6386,0.5797,0.6092,39.23,78.57,0.1567,0.6386
5.6732,forward_movement,0.4643,0.3721,0.4182,47.59,64.2,0.4643,0.0251
5.7066,kick_low,0.2486,1.6272,0.9379,44.88,64.15,0.2486,0.1241
5.7399,kick_low,0.6962,1.3713,1.0337,44.87,81.49,0.3188,0.6962
5.7733,forward_movement,0.214,0.4022,0.3081,41.96,76.07,0.1604,0.214
5.8067,kick_low,0.3332,2.2134,1.2733,42.3,78.24,0.1131,0.3332
5.84,forward_movement,0.3118,0.3767,0.3442,40.81,73.91,0.2271,0.3118
5.8734,guard_position,0.5661,0.5996,0.5828,45.1,84.34,0.3655,0.5661
5.9068,forward_movement,0.2826,0.3032,0.2929,51.64,64.68,0.1572,0.2826
5.9402,backward_movement,0.2658,0.1198,0.1928,55.45,66.14,0.0697,0.2658
5.9735,backward_movement,0.3177,0.2144,0.266,54.4,73.31,0.3177,0.0944
6.0069,guard_position,0.3835,0.2402,0.3119,54.75,65.18,0.091,0.3835
6.0403,guard_position,0.1039,0.1211,0.1125,51.85,65.19,0.1039,0.0677
6.0736,backward_movement,0.5593,0.2072,0.3832,45.25,73.22,0.5593,0.3415
6.107,backward_movement,0.053,0.0787,0.0659,48.08,83.4,0.053,0.0186
6.1404,backward_movement,0.345,0.1309,0.2379,50.34,75.34,0.2054,0.345
6.1738,backward_movement,0.2687,0.1139,0.1913,52.08,74.81,0.1473,0.2687
6.2071,backward_movement,0.3469,0.3338,0.3403,50.0,75.07,0.3469,0.1647
6.2405,backward_movement,0.2013,0.1286,0.1649,51.91,70.43,0.194,0.2013
6.2739,backward_movement,0.4256,0.2094,0.3175,47.25,72.1,0.4256,0.2077
6.3072,backward_movement,0.6348,0.1507,0.3927,49.07,64.91,0.1015,0.6348
6.3406,backward_movement,0.7151,0.2134,0.4643,53.33,55.17,0.0382,0.7151
6.374,backward_movement,0.3681,0.1094,0.2387,52.86,58.68,0.1646,0.3681
6.4074,forward_movement,0.248,0.149,0.1985,53.06,61.75,0.0699,0.248
6.4407,forward_movement,0.3962,0.1195,0.2578,58.36,70.83,0.1778,0.3962
6.4741,guard_position,0.5524,0.0781,0.3152,51.77,85.6,0.2275,0.5524
6.5075,guard_position,1.1089,0.1258,0.6173,52.44,103.08,0.046,1.1089
6.5408,punch_right,1.1373,0.1807,0.659,52.91,132.93,0.0454,1.1373
6.5742,forward_movement,1.032,0.2676,0.6498,55.3,164.49,0.9425,1.032
6.6076,punch_right,1.7525,0.1771,0.9648,44.2,174.83,0.079,1.7525
6.641,guard_position,1.0479,0.2863,0.6671,53.1,171.02,0.5108,1.0479
6.6743,punch_right,1.8453,0.1062,0.9757,45.89,176.38,0.1493,1.8453
6.7077,forward_movement,0.5957,0.1268,0.3613,51.72,172.96,0.5957,0.4566
6.7411,forward_movement,0.5018,0.3209,0.4114,43.76,173.13,0.5018,0.42
6.7744,punch_right,2.2604,0.1314,1.1959,60.46,177.81,0.8805,2.2604
6.8078,backward_movement,0.9751,0.7344,0.8547,46.34,162.64,0.196,0.9751
6.8412,punch_right,1.4101,0.5039,0.957,64.18,129.05,0.6987,1.4101
6.8746,backward_movement,0.6919,0.1719,0.4319,55.07,112.28,0.1775,0.6919
6.9079,backward_movement,0.9161,0.2457,0.5809,55.2,100.69,0.1512,0.9161
6.9413,backward_movement,0.7514,0.1268,0.4391,52.92,87.13,0.2473,0.7514
6.9747,backward_movement,0.7364,0.0697,0.403,48.67,78.64,0.461,0.7364
7.008,backward_movement,0.5649,0.1182,0.3416,42.67,62.02,0.4548,0.5649
7.0414,backward_movement,0.5264,0.1397,0.3331,37.54,60.73,0.5264,0.4578
7.0748,forward_movement,0.1987,0.2961,0.2474,37.82,58.85,0.1987,0.1467
7.1082,backward_movement,0.3337,0.1916,0.2626,36.27,60.15,0.1189,0.3337
7.1415,backward_movement,0.3027,0.1548,0.2288,34.48,63.32,0.3027,0.2106
7.1749,backward_movement,0.3441,0.1348,0.2395,32.72,70.35,0.3441,0.0816
7.2083,forward_movement,0.0749,0.2255,0.1502,40.28,64.44,0.0173,0.0749
7.2416,backward_movement,0.2563,0.1882,0.2222,26.82,59.87,0.2563,0.2434
7.275,backward_movement,0.1164,0.251,0.1837,32.48,61.89,0.1164,0.0747
7.3084,forward_movement,0.1522,0.1074,0.1298,40.35,63.78,0.1409,0.1522
7.3418,backward_movement,0.2824,0.1859,0.2342,43.74,74.63,0.1406,0.2824
7.3751,forward_movement,0.2376,0.115,0.1763,39.59,63.51,0.1258,0.2376
7.4085,guard_position,0.5246,0.159,0.3418,38.39,75.24,0.0745,0.5246
7.4419,guard_position,0.1522,0.2523,0.2022,44.32,69.84,0.0993,0.1522
7.4753,forward_movement,0.3072,0.1335,0.2203,47.46,69.84,0.3072,0.1459
7.5086,forward_movement,0.3222,0.0841,0.2032,41.9,63.37,0.3222,0.1142
7.542,forward_movement,0.4146,0.2297,0.3221,36.39,63.04,0.1001,0.4146
7.5754,forward_movement,0.4301,0.1392,0.2846,36.11,69.0,0.2971,0.4301
7.6087,forward_movement,0.5616,0.1154,0.3385,38.78,84.07,0.4496,0.5616
7.6421,forward_movement,0.2998,0.1154,0.2076,40.63,81.65,0.1815,0.2998
7.6755,forward_movement,0.3965,0.1002,0.2484,39.91,72.01,0.1598,0.3965
7.7089,kick_low,1.3008,0.9226,1.1117,67.14,68.88,1.3008,0.2783
7.7422,forward_movement,0.9354,0.3421,0.6388,85.98,68.96,0.9354,0.3523
7.7756,punch_left,1.5178,0.2572,0.8875,119.98,76.45,1.5178,0.3688
7.809,kick_low,1.2889,1.6423,1.4656,152.99,72.43,1.2889,0.0715
7.8423,kick_low,0.8662,4.8212,2.8437,157.59,75.54,0.8662,0.4084
7.8757,kick_low,0.5494,1.244,0.8967,154.76,67.61,0.1418,0.5494
7.9091,backward_movement,0.5317,0.2591,0.3954,142.98,69.25,0.5317,0.1447
7.9425,guard_position,0.3648,0.3368,0.3508,110.86,68.44,0.343,0.3648
7.9758,backward_movement,1.0405,0.3202,0.6804,95.04,65.39,1.0405,0.386
8.0092,guard_position,0.8788,0.251,0.5649,69.36,64.98,0.8788,0.1262
8.0426,backward_movement,0.6594,0.2202,0.4398,54.59,64.87,0.6594,0.1531
8.0759,backward_movement,0.3569,0.0789,0.2179,55.79,69.49,0.2069,0.3569
8.1093,forward_movement,0.2467,0.1875,0.2171,49.76,71.58,0.2467,0.1923
8.1427,forward_movement,0.7198,0.0828,0.4013,43.83,79.53,0.2007,0.7198
8.1761,forward_movement,0.6354,0.1307,0.383,41.5,86.87,0.078,0.6354
8.2094,guard_position,0.3666,0.2363,0.3015,42.05,87.67,0.0641,0.3666
8.2428,guard_position,0.2139,0.1853,0.1996,41.27,82.56,0.186,0.2139
8.2762,forward_movement,0.1413,0.2285,0.1849,48.21,66.3,0.1044,0.1413
8.3095,forward_movement,0.3981,0.1291,0.2636,45.62,57.05,0.3981,0.2805
8.3429,forward_movement,0.4371,0.1681,0.3026,35.07,66.81,0.1069,0.4371
8.3763,forward_movement,0.4568,0.7829,0.6199,40.2,76.43,0.1814,0.4568
8.4097,backward_movement,0.3694,0.4439,0.4066,50.82,86.51,0.3694,0.2883
8.443,guard_position,0.279,0.6308,0.4549,56.96,80.65,0.279,0.0611
8.4764,kick_low,0.3299,1.1237,0.7268,58.62,85.61,0.3299,0.0682
8.5098,kick_low,0.4016,1.8342,1.1179,50.07,88.18,0.1745,0.4016
8.5431,kick_low,0.5287,1.8731,1.2009,49.03,104.6,0.5287,0.2526
8.5765,kick_low,0.2784,2.2788,1.2786,55.82,106.05,0.2414,0.2784
8.6099,kick_low,0.4069,2.8865,1.6467,61.78,104.7,0.4069,0.2189
8.6433,kick_low,0.9888,2.499,1.7439,49.19,93.77,0.9888,0.4747
8.6766,kick_low,1.597,5.945,3.771,8.63,83.76,1.597,0.4738
8.71,kick_low,1.5005,5.3594,3.4299,41.23,83.52,1.5005,0.3641
8.7434,kick_low,3.5891,4.0938,3.8414,35.42,105.81,0.3603,3.5891
8.7767,kick_low,2.7697,3.4487,3.1092,45.33,41.19,2.7697,0.5229
8.8101,kick_low,3.2746,2.7156,2.9951,45.78,83.46,3.2746,2.6048
8.8435,kick_low,1.2817,2.1126,1.6971,17.77,93.03,1.2788,1.2817
8.8769,kick_low,0.8412,1.7752,1.3082,34.38,110.72,0.8412,0.8407
8.9102,kick_low,0.1065,2.0287,1.0676,44.57,119.23,0.0832,0.1065
8.9436,kick_low,0.3533,3.2122,1.7827,61.82,114.02,0.1769,0.3533
8.977,kick_low,0.2036,1.9377,1.0706,64.73,106.6,0.1126,0.2036
9.0103,kick_low,0.3023,1.2677,0.785,62.94,89.87,0.3023,0.0674
9.0437,kick_low,0.5412,1.5889,1.065,64.13,90.33,0.5412,0.379
9.0771,kick_low,0.7246,1.4957,1.1101,70.31,86.85,0.3252,0.7246
9.1105,kick_low,0.6342,1.1098,0.872,67.89,60.36,0.3631,0.6342
9.1438,kick_low,0.563,5.8044,3.1837,65.73,67.74,0.12,0.563
9.1772,kick_low,0.4375,5.7802,3.1089,66.79,69.02,0.2728,0.4375
9.2106,backward_movement,1.088,0.5353,0.8117,60.26,68.72,0.148,1.088
9.2439,kick_low,0.7698,1.5509,1.1604,55.69,62.12,0.1039,0.7698
9.2773,forward_movement,0.519,0.2729,0.396,61.22,65.27,0.519,0.3706
9.3107,forward_movement,0.2834,0.2534,0.2684,50.33,104.76,0.2025,0.2834
9.3441,guard_position,0.5427,0.6558,0.5993,64.88,87.7,0.5427,0.1597
9.3774,guard_position,1.2836,0.4475,0.8655,49.34,59.33,0.6194,1.2836
9.4108,kick_low,1.393,1.439,1.416,49.77,85.38,0.8622,1.393
9.4442,kick_low,1.3282,1.1789,1.2535,75.65,75.7,0.7153,1.3282
9.4776,kick_low,1.226,2.8319,2.0289,29.72,82.07,1.226,0.3775
9.5109,backward_movement,0.4927,0.4373,0.465,28.83,65.8,0.452,0.4927
9.5443,kick_low,0.8609,2.7962,1.8286,41.63,53.01,0.7682,0.8609
9.5777,kick_low,0.2898,1.072,0.6809,40.1,50.45,0.2732,0.2898
9.611,kick_low,0.302,1.4482,0.8751,40.24,44.59,0.1906,0.302
9.6444,guard_position,0.3291,0.8056,0.5673,44.3,46.7,0.1219,0.3291
9.6778,kick_low,1.9755,0.9868,1.4811,58.11,81.6,0.9056,1.9755
9.7112,forward_movement,0.3757,0.4947,0.4352,63.25,71.7,0.2447,0.3757
9.7445,kick_low,0.3875,1.087,0.7373,33.22,68.5,0.3875,0.2922
9.7779,kick_low,0.9394,1.3919,1.1657,30.54,60.73,0.1635,0.9394
9.8113,forward_movement,0.3601,0.344,0.352,28.59,59.45,0.3601,0.2145
9.8446,forward_movement,1.0694,0.7893,0.9293,54.56,60.27,1.0694,0.4053
9.878,kick_low,1.6089,1.4675,1.5382,30.27,59.05,1.6089,0.1064
9.9114,kick_low,0.5418,1.3003,0.921,36.94,77.56,0.2275,0.5418
9.9448,forward_movement,0.2394,0.4457,0.3426,36.17,71.19,0.2394,0.1163
9.9781,backward_movement,0.481,0.6109,0.5459,40.06,75.18,0.1146,0.481
10.0115,guard_position,0.648,0.7255,0.6868,41.07,71.75,0.648,0.5662
10.0449,forward_movement,0.2803,0.7049,0.4926,33.51,67.37,0.1398,0.2803
10.0782,guard_position,0.4735,0.7937,0.6336,31.91,60.24,0.4735,0.2393
10.1116,kick_low,1.0649,1.1908,1.1278,29.02,70.79,0.973,1.0649
10.145,kick_low,0.7288,2.805,1.7669,45.04,71.99,0.7288,0.2273
10.1784,kick_low,0.401,2.2261,1.3135,25.88,76.98,0.401,0.333
10.2117,kick_low,1.4584,1.4436,1.451,55.66,81.18,1.4584,0.5154
10.2451,kick_low,1.34,1.5003,1.4202,31.51,57.87,1.34,0.6832
10.2785,guard_position,1.1938,0.6737,0.9338,1.24,59.36,1.1938,0.8891
10.3118,kick_low,0.2846,0.9028,0.5937,9.86,63.76,0.1484,0.2846
10.3452,backward_movement,0.647,0.573,0.61,21.22,59.87,0.0064,0.647
10.3786,kick_low,0.3171,2.8119,1.5645,19.3,58.56,0.3171,0.245
10.412,kick_low,0.8092,5.3997,3.1045,30.38,83.58,0.3085,0.8092
10.4453,kick_low,0.1558,5.6554,2.9056,41.73,77.72,0.0589,0.1558
10.4787,backward_movement,0.5008,0.511,0.5059,50.46,72.13,0.5008,0.2159
10.5121,kick_low,0.2794,3.6091,1.9443,48.21,66.02,0.171,0.2794
10.5454,kick_low,0.4503,2.7056,1.578,38.75,73.82,0.4503,0.2366
10.5788,kick_low,0.4425,1.4771,0.9598,47.28,71.97,0.4425,0.187
10.6122,forward_movement,0.2087,0.3717,0.2902,44.74,57.38,0.2087,0.2038
10.6456,kick_low,0.6626,2.2008,1.4317,46.12,72.22,0.2232,0.6626
10.6789,kick_low,0.285,0.9211,0.6031,50.92,79.17,0.1723,0.285
10.7123,backward_movement,0.167,0.1266,0.1468,52.06,78.33,0.167,0.1473
10.7457,forward_movement,0.6423,0.2575,0.4499,49.34,82.64,0.1832,0.6423
10.779,kick_low,0.1954,2.1556,1.1755,46.13,76.58,0.1028,0.1954
10.8124,kick_low,0.3019,2.2101,1.256,44.86,77.24,0.3019,0.1952
10.8458,forward_movement,0.2979,0.1688,0.2334,47.96,76.98,0.1608,0.2979
10.8792,forward_movement,0.254,0.1552,0.2046,52.03,84.19,0.254,0.1898
10.9125,guard_position,0.4339,0.1933,0.3136,49.79,85.08,0.3301,0.4339
10.9459,forward_movement,0.2415,0.746,0.4938,43.03,85.67,0.0173,0.2415
10.9793,forward_movement,0.2283,0.6107,0.4195,43.98,77.88,0.2283,0.0556
11.0126,backward_movement,0.5299,0.4671,0.4985,45.76,86.59,0.1131,0.5299
11.046,guard_position,0.4018,0.4526,0.4272,45.93,83.85,0.1152,0.4018
11.0794,forward_movement,0.1452,0.2097,0.1774,50.05,83.76,0.1444,0.1452
11.1128,guard_position,0.5491,0.2154,0.3822,50.16,91.35,0.1024,0.5491
11.1461,kick_low,0.207,3.1811,1.6941,52.13,84.57,0.207,0.1888
11.1795,guard_position,0.4967,0.1528,0.3247,56.36,80.98,0.2672,0.4967
11.2129,kick_low,0.4948,2.8547,1.6748,59.8,69.93,0.2297,0.4948
11.2462,guard_position,1.1339,0.4197,0.7768,83.95,77.66,1.1339,0.2678
11.2796,punch_left,1.5195,0.4489,0.9842,120.95,78.6,1.5195,0.3527
11.313,punch_left,1.8374,0.6471,1.2422,155.27,74.99,1.8374,0.2742
11.3464,forward_movement,0.8226,0.1291,0.4759,165.27,76.6,0.8226,0.5588
11.3797,forward_movement,0.205,0.2457,0.2254,151.45,68.14,0.1728,0.205
11.4131,guard_position,0.5368,0.2423,0.3896,118.16,71.13,0.5368,0.2958
11.4465,guard_position,1.4192,0.4686,0.9439,91.58,84.41,1.4192,0.3392
11.4798,guard_position,1.116,0.3186,0.7173,63.58,94.2,1.116,0.6055
11.5132,forward_movement,0.9886,0.2841,0.6364,47.37,118.14,0.9886,0.9836
11.5466,forward_movement,1.0743,0.3046,0.6895,37.41,102.62,0.6686,1.0743
11.58,punch_right,2.0401,0.0772,1.0587,44.52,168.49,0.2296,2.0401
11.6133,punch_right,1.9745,0.1997,1.0871,65.56,178.35,0.5814,1.9745
11.6467,guard_position,0.9243,0.4097,0.667,55.9,174.59,0.9243,0.4601
11.6801,forward_movement,0.9915,0.3568,0.6741,59.58,159.58,0.2976,0.9915
11.7135,backward_movement,0.909,0.4604,0.6847,54.51,155.51,0.4671,0.909
11.7468,kick_low,1.1268,1.2627,1.1948,57.28,147.34,0.2885,1.1268
11.7802,forward_movement,0.415,0.141,0.278,66.03,137.88,0.415,0.3613
11.8136,forward_movement,0.5645,0.2878,0.4262,69.96,129.98,0.1711,0.5645
11.8469,guard_position,0.2235,0.2229,0.2232,61.53,116.92,0.2235,0.1758
11.8803,forward_movement,0.7,0.4508,0.5754,52.62,89.06,0.7,0.2257
11.9137,forward_movement,0.757,0.315,0.536,71.24,56.36,0.757,0.4139
11.9471,guard_position,1.4798,0.838,1.1589,78.8,39.3,0.714,1.4798
11.9804,guard_position,0.6756,0.6843,0.68,88.77,33.85,0.5225,0.6756
12.0138,kick_low,0.9002,1.3172,1.1087,89.16,39.62,0.2241,0.9002
12.0472,kick_low,1.6378,3.0901,2.3639,86.55,43.35,0.2717,1.6378
12.0805,kick_low,2.0466,3.0279,2.5373,63.05,179.87,0.6332,2.0466
12.1139,kick_low,0.865,2.9865,1.9258,69.0,156.14,0.5547,0.865
12.1473,kick_low,3.1996,1.7834,2.4915,21.19,17.86,1.1998,3.1996
12.1807,kick_low,4.2169,1.1095,2.6632,19.92,158.19,0.4162,4.2169
12.214,kick_low,2.3519,1.2897,1.8208,19.9,122.34,0.6189,2.3519
12.2474,kick_low,4.3568,2.3146,3.3357,43.0,119.37,1.0612,4.3568
12.2808,guard_position,4.844,0.8389,2.8414,25.45,55.81,1.7366,4.844
12.3141,kick_low,3.2177,2.5451,2.8814,55.12,28.99,0.7206,3.2177
12.3475,kick_low,1.4698,2.1391,1.8045,89.17,48.45,1.4698,1.2062
12.3809,kick_low,0.9546,1.4119,1.1833,85.88,57.87,0.5554,0.9546
12.4143,kick_low,0.5026,1.5829,1.0427,79.15,59.01,0.148,0.5026
12.4476,kick_low,0.7995,1.1439,0.9717,68.62,73.71,0.4407,0.7995
12.481,kick_low,0.5212,1.2204,0.8708,60.11,80.79,0.5212,0.4676
12.5144,kick_low,0.5007,1.0516,0.7761,64.0,88.03,0.5007,0.0831
12.5477,backward_movement,0.4078,0.3379,0.3729,57.87,93.31,0.2755,0.4078
12.5811,kick_low,1.0335,2.6067,1.8201,44.39,79.66,0.711,1.0335
12.6145,kick_low,0.4823,1.9617,1.222,38.81,91.64,0.4823,0.1218
12.6479,guard_position,0.5436,0.2378,0.3907,41.6,96.28,0.2779,0.5436
12.6812,kick_low,0.4973,2.9734,1.7354,35.32,95.22,0.2694,0.4973
12.7146,kick_low,0.3415,2.9017,1.6216,48.94,128.72,0.3415,0.3059
12.748,kick_low,0.5977,1.415,1.0063,46.8,104.17,0.5977,0.5399
12.7813,kick_low,1.9927,1.6075,1.8001,35.27,93.8,0.6519,1.9927
12.8147,guard_position,3.0714,0.2854,1.6784,42.29,25.59,3.0714,1.4034
12.8481,kick_low,1.1409,1.0541,1.0975,12.91,30.93,1.1409,0.2812
12.8815,guard_position,2.507,0.4951,1.501,32.03,10.64,0.6174,2.507
12.9148,kick_low,2.2437,0.9103,1.577,20.24,11.88,0.4034,2.2437
12.9482,kick_low,1.0023,1.858,1.4302,8.13,49.13,1.0023,0.1019
12.9816,forward_movement,0.5029,0.4453,0.4741,1.01,41.14,0.5029,0.2842
13.0149,kick_low,0.5483,4.689,2.6186,7.65,38.74,0.2702,0.5483
13.0483,kick_low,1.4223,1.5104,1.4664,34.78,71.52,1.3474,1.4223
13.0817,guard_position,0.4219,0.6782,0.5501,36.81,71.98,0.2159,0.4219
13.1151,kick_low,1.2799,1.7359,1.5079,44.05,70.92,1.2799,1.1276
13.1484,forward_movement,0.5961,0.2051,0.4006,38.01,87.42,0.2795,0.5961
13.1818,punch_left,5.2875,0.7278,3.0076,117.6,76.93,5.2875,0.4506
13.2152,kick_low,2.8354,2.7521,2.7937,30.35,117.86,2.8354,0.9633
13.2485,kick_low,2.6942,1.9202,2.3072,95.64,118.97,2.6942,0.3794
13.2819,kick_low,6.2132,2.0547,4.134,126.38,101.31,6.2132,0.5592
13.3153,kick_low,5.2653,1.3631,3.3142,59.65,36.52,5.2653,1.0934
13.3487,guard_position,2.0673,0.8404,1.4538,102.7,77.64,2.0673,0.3081
13.382,kick_low,4.4976,1.5269,3.0122,66.28,131.39,1.236,4.4976
13.4154,kick_low,1.8073,1.85,1.8287,125.37,123.31,0.8409,1.8073
13.4488,kick_low,1.2086,0.9264,1.0675,155.24,135.86,1.2086,0.1774
13.4821,kick_low,6.5233,1.5079,4.0156,111.09,90.28,1.7391,6.5233
13.5155,kick_low,1.2379,1.1456,1.1917,92.99,90.1,1.2379,0.3605
13.5489,kick_low,1.0345,3.137,2.0857,74.11,105.91,1.0345,0.3817
13.5823,kick_low,3.3912,1.496,2.4436,8.41,49.84,3.3912,0.3692
13.6156,kick_low,1.7923,1.1757,1.484,51.25,53.71,1.7923,0.7604
13.649,guard_position,2.2832,0.7251,1.5041,23.34,41.43,2.2832,0.6045
13.6824,guard_position,1.5868,0.7846,1.1857,10.47,34.95,1.5868,0.4533
13.7158,guard_position,1.1014,0.8345,0.9679,25.24,61.71,1.1014,0.3807
13.7491,guard_position,1.3445,0.7986,1.0715,49.02,85.16,1.3445,0.6514
13.7825,guard_position,1.1146,0.486,0.8003,58.94,54.46,0.7731,1.1146
13.8159,forward_movement,0.3743,0.7402,0.5572,62.06,56.74,0.3296,0.3743
13.8492,guard_position,0.9313,0.7735,0.8524,62.91,69.52,0.1827,0.9313
13.8826,forward_movement,0.5869,0.3421,0.4645,58.0,79.06,0.283,0.5869
13.916,forward_movement,0.2986,0.3794,0.339,59.44,78.52,0.283,0.2986
13.9494,forward_movement,0.5608,0.7404,0.6506,58.47,84.14,0.2931,0.5608
13.9827,forward_movement,0.9568,0.3856,0.6712,54.95,99.92,0.1907,0.9568
14.0161,forward_movement,0.2704,0.2649,0.2676,53.44,102.32,0.2704,0.2407
14.0495,forward_movement,0.2145,0.4061,0.3103,51.54,97.72,0.1294,0.2145
14.0828,forward_movement,0.2429,0.3064,0.2746,52.23,103.85,0.2429,0.1118
14.1162,forward_movement,0.3795,0.3403,0.3599,49.25,100.05,0.1722,0.3795
14.1496,forward_movement,0.3677,0.1351,0.2514,47.67,100.91,0.1798,0.3677
14.183,guard_position,0.0294,0.1879,0.1086,47.92,96.21,0.0131,0.0294
14.2163,guard_position,0.185,0.1536,0.1693,43.65,94.66,0.185,0.0764
14.2497,backward_movement,0.4728,0.2835,0.3781,37.67,90.57,0.169,0.4728
14.2831,backward_movement,0.3673,0.2154,0.2914,40.83,95.25,0.0505,0.3673
14.3164,backward_movement,0.1912,0.0991,0.1452,41.39,91.39,0.1912,0.1821
14.3498,backward_movement,0.2435,0.1347,0.1891,48.88,98.43,0.2203,0.2435
14.3832,backward_movement,0.4823,0.132,0.3071,47.51,92.05,0.2181,0.4823
14.4166,backward_movement,0.1426,0.1426,0.1426,49.71,98.46,0.0794,0.1426
14.4499,backward_movement,0.4122,0.1222,0.2672,45.79,96.52,0.2708,0.4122
14.4833,backward_movement,0.3032,0.202,0.2526,48.3,102.86,0.1922,0.3032
14.5167,guard_position,0.7125,0.1704,0.4415,37.84,112.56,0.7125,0.4602
14.55,backward_movement,0.9269,0.172,0.5495,26.55,129.58,0.602,0.9269
14.5834,punch_right,1.1103,0.0943,0.6023,45.94,151.55,0.5214,1.1103
14.6168,punch_right,1.2002,0.1149,0.6575,42.27,162.69,0.3082,1.2002
14.6502,punch_right,1.7489,0.1089,0.9289,51.03,171.66,0.3524,1.7489
14.6835,punch_left,1.8923,0.1688,1.0306,141.89,175.37,1.8923,0.4084
14.7169,guard_position,0.6783,0.4528,0.5655,120.75,175.3,0.6783,0.6757
14.7503,kick_low,1.6096,2.0403,1.825,68.01,170.35,1.6096,0.4796
14.7836,kick_low,2.4343,1.6221,2.0282,10.69,159.85,2.4343,1.3979
14.817,kick_low,1.9879,0.9171,1.4525,1.35,136.19,0.3658,1.9879
14.8504,guard_position,1.2879,0.2377,0.7628,50.32,121.52,1.2879,0.9881
14.8838,backward_movement,1.0768,0.2271,0.6519,71.79,113.92,1.0768,0.5655
14.9171,guard_position,1.1161,0.3397,0.7279,87.04,108.2,1.1161,0.4982
14.9505,guard_position,0.9612,0.0799,0.5206,114.85,98.73,0.9612,0.833
14.9839,backward_movement,0.6992,0.3792,0.5392,146.71,89.04,0.6992,0.2617
15.0172,punch_left,1.1463,0.2522,0.6993,172.7,83.22,1.1463,0.5285
15.0506,guard_position,0.3878,0.0781,0.2329,166.27,76.96,0.2085,0.3878
15.084,forward_movement,0.3884,0.0779,0.2331,153.12,74.69,0.198,0.3884
15.1174,punch_left,1.1238,0.2152,0.6695,133.97,75.51,1.1238,0.2645
15.1507,backward_movement,1.0933,0.1354,0.6144,109.92,85.41,1.0933,0.2357
15.1841,guard_position,1.203,0.1349,0.6689,85.6,88.22,1.203,0.4535
15.2175,punch_right,2.051,0.174,1.1125,80.39,117.06,0.7618,2.051
15.2508,guard_position,1.1799,0.1957,0.6878,66.49,128.82,1.1799,0.2604
15.2842,backward_movement,0.4041,0.4856,0.4449,53.5,131.19,0.4041,0.3766
15.3176,forward_movement,0.8515,0.3077,0.5796,16.01,135.87,0.8515,0.3708
15.351,backward_movement,0.2137,0.4526,0.3332,19.59,130.26,0.2025,0.2137
15.3843,guard_position,0.341,0.2539,0.2974,27.01,120.62,0.0852,0.341
15.4177,kick_low,0.4008,2.1498,1.2753,43.77,112.07,0.1857,0.4008
15.4511,kick_low,0.7587,1.4294,1.094,31.75,100.61,0.7587,0.6876
15.4844,forward_movement,0.3842,0.1178,0.251,12.5,100.64,0.3842,0.2939
15.5178,backward_movement,0.5783,0.1628,0.3705,36.61,85.43,0.4118,0.5783
15.5512,forward_movement,0.7171,0.5643,0.6407,4.1,83.56,0.7171,0.2752
15.5846,kick_low,0.4903,3.1074,1.7988,19.56,76.91,0.4903,0.4724
15.6179,kick_low,0.5086,1.7418,1.1252,21.12,86.98,0.5086,0.0866
15.6513,backward_movement,0.5734,0.2356,0.4045,24.48,65.46,0.5734,0.3073
15.6847,forward_movement,0.8171,0.4323,0.6247,31.91,67.53,0.8171,0.0955
15.7181,forward_movement,0.4711,0.3049,0.388,33.1,69.91,0.4711,0.2365
15.7514,guard_position,2.6506,0.4128,1.5317,90.68,82.35,2.6506,0.5759
15.7848,forward_movement,0.6228,0.1712,0.397,70.95,67.93,0.6228,0.2445
15.8182,guard_position,1.3495,0.4948,0.9221,50.89,63.11,1.3495,0.4059
15.8515,kick_low,3.8427,2.9284,3.3856,14.47,179.29,3.8427,3.4425
15.8849,kick_low,3.0683,3.3418,3.2051,153.75,73.27,1.5206,3.0683
15.9183,kick_low,5.5241,3.37,4.4471,104.15,79.6,5.5241,2.6515
15.9517,guard_position,5.7251,0.3498,3.0375,94.72,51.03,5.7251,1.2725
15.985,kick_low,3.7352,2.1646,2.9499,74.04,12.61,3.7352,1.3528
16.0184,kick_low,4.1404,1.3453,2.7429,139.19,178.56,0.7671,4.1404
16.0518,kick_low,12.1739,5.6674,8.9206,118.57,170.64,3.6112,12.1739
16.0851,kick_low,6.8518,5.8736,6.3627,129.16,160.67,6.8518,5.0512
16.1185,kick_low,2.902,5.155,4.0285,167.89,141.79,2.5321,2.902
16.1519,kick_low,20.8725,12.3294,16.601,167.29,137.15,1.6482,20.8725
16.1853,kick_low,31.238,29.3212,30.2796,113.18,12.91,14.3197,31.238
16.2186,kick_low,23.4765,32.4826,27.9796,83.83,80.94,21.1934,23.4765
16.252,kick_low,1.2401,5.6569,3.4485,15.44,61.14,0.2887,1.2401
16.2854,backward_movement,0.7202,0.4535,0.5869,15.46,70.78,0.7202,0.3946
16.3187,kick_low,1.9418,3.5283,2.7351,42.6,120.78,1.9418,1.4211
16.3521,kick_low,1.9194,1.747,1.8332,22.12,97.06,1.9194,0.9186
16.3855,kick_low,2.2841,2.9349,2.6095,95.87,20.35,1.9204,2.2841
16.4189,kick_low,1.7144,1.4093,1.5618,106.34,172.98,1.6025,1.7144
16.4522,kick_low,0.8483,1.8147,1.3315,160.38,95.61,0.7852,0.8483
16.4856,kick_low,2.3972,1.5572,1.9772,22.45,21.38,1.7758,2.3972
16.519,punch_right,1.1509,0.5716,0.8612,43.45,107.13,0.9145,1.1509
16.5523,kick_low,0.6436,3.3441,1.9938,78.62,88.23,0.6436,0.3792
16.5857,kick_low,1.2988,1.7247,1.5118,36.63,57.68,1.2988,0.3316
16.6191,kick_low,3.0123,2.1198,2.566,0.38,174.78,0.8746,3.0123
16.6525,kick_low,3.2079,1.4395,2.3237,33.8,61.09,0.6036,3.2079
16.6858,kick_low,1.2395,1.182,1.2108,21.3,42.29,1.2395,0.8696
16.7192,backward_movement,1.0426,0.472,0.7573,37.88,60.14,1.0426,0.2937
16.7526,forward_movement,0.2292,0.368,0.2986,37.59,68.9,0.1966,0.2292
16.7859,kick_low,0.2959,0.961,0.6285,40.03,61.3,0.2959,0.1725
16.8193,kick_low,0.222,1.3632,0.7926,46.67,63.82,0.222,0.0149
16.8527,forward_movement,0.6441,0.1886,0.4163,56.97,74.03,0.5741,0.6441
16.8861,forward_movement,0.5396,0.3311,0.4354,60.69,68.15,0.5396,0.0743
16.9194,forward_movement,0.2287,0.2126,0.2206,54.19,69.07,0.2287,0.1175
16.9528,forward_movement,0.2163,0.3701,0.2932,53.31,71.41,0.0442,0.2163
16.9862,forward_movement,0.5565,0.1166,0.3366,53.44,57.03,0.3441,0.5565
17.0195,forward_movement,0.3867,0.1851,0.2859,53.44,66.82,0.1356,0.3867
17.0529,guard_position,0.195,0.454,0.3245,52.29,73.05,0.0307,0.195
17.0863,kick_low,0.3459,1.2429,0.7944,51.82,76.08,0.3459,0.1415
17.1197,kick_low,0.6141,2.228,1.4211,39.81,87.57,0.5564,0.6141
17.153,kick_low,1.5494,4.5669,3.0581,33.06,112.95,0.3482,1.5494
17.1864,kick_low,0.435,4.7599,2.5974,46.26,131.6,0.435,0.2468
17.2198,kick_low,2.9649,2.4006,2.6828,65.81,170.49,0.3936,2.9649
17.2531,kick_low,0.4032,2.7145,1.5589,11.47,178.72,0.4032,0.187
17.2865,kick_low,1.0923,1.569,1.3307,71.9,170.94,1.0923,0.6477
17.3199,kick_low,1.4923,1.8583,1.6753,38.42,173.95,1.4923,1.226
17.3533,kick_low,2.3739,2.3063,2.3401,63.14,159.43,1.3241,2.3739
17.3866,kick_low,1.2143,1.9421,1.5782,99.85,124.1,1.2143,0.4199
17.42,kick_low,2.01,1.4432,1.7266,125.67,88.18,1.4569,2.01
17.4534,kick_low,1.3552,3.8021,2.5787,166.88,76.49,1.3552,0.3045
17.4867,kick_low,0.8316,4.8017,2.8167,167.98,61.55,0.8316,0.6117
17.5201,kick_low,0.7154,3.2493,1.9824,156.49,69.51,0.7154,0.7123
17.5535,kick_low,1.0083,1.0748,1.0416,129.79,62.8,1.0083,0.9466
17.5869,kick_low,1.3067,2.3375,1.8221,107.38,92.49,1.3067,0.7885
17.6202,guard_position,1.1301,0.2271,0.6786,79.67,55.1,1.1301,0.4809
17.6536,kick_low,0.656,2.2093,1.4327,56.78,70.71,0.656,0.616
17.687,forward_movement,0.5577,0.3868,0.4723,41.82,80.33,0.496,0.5577
17.7203,backward_movement,0.3806,0.2846,0.3326,46.06,87.45,0.3806,0.2858
17.7537,kick_low,0.4132,2.8874,1.6503,49.66,89.71,0.4132,0.2542
17.7871,backward_movement,0.3412,0.4553,0.3983,56.54,85.52,0.3412,0.2603
17.8205,kick_low,0.5446,2.2258,1.3852,60.72,75.09,0.5446,0.2411
17.8538,forward_movement,0.2946,0.5867,0.4406,53.45,66.62,0.2309,0.2946
17.8872,kick_low,0.2814,1.2148,0.7481,50.12,68.25,0.2814,0.1607
17.9206,forward_movement,0.1122,0.8543,0.4832,46.09,66.17,0.0585,0.1122
17.954,forward_movement,0.3993,0.1717,0.2855,42.77,57.24,0.3993,0.1371
17.9873,guard_position,0.4493,0.236,0.3427,47.41,64.33,0.4493,0.3903
18.0207,forward_movement,0.501,0.1093,0.3052,52.21,66.51,0.501,0.1748
18.0541,kick_low,0.3427,2.8086,1.5757,50.04,66.84,0.3427,0.0851
18.0874,kick_low,0.2391,0.9065,0.5728,43.29,68.07,0.1371,0.2391
18.1208,forward_movement,0.2242,0.7127,0.4684,41.21,63.43,0.2242,0.0954
18.1542,kick_low,0.5168,2.3489,1.4329,43.38,55.57,0.5168,0.3963
18.1876,forward_movement,0.3124,0.5458,0.4291,44.47,63.65,0.1846,0.3124
18.2209,kick_low,0.2076,1.9277,1.0677,45.0,62.44,0.1948,0.2076
18.2543,kick_low,0.4192,1.9594,1.1893,40.01,69.86,0.0797,0.4192
18.2877,guard_position,1.2775,0.3396,0.8085,45.14,72.82,0.2491,1.2775
18.321,forward_movement,0.4996,0.3609,0.4303,43.93,66.0,0.4996,0.3946
18.3544,kick_low,0.7695,0.9571,0.8633,38.77,89.05,0.1879,0.7695
18.3878,guard_position,1.1541,0.3478,0.7509,52.42,103.7,0.3015,1.1541
18.4212,forward_movement,0.9009,0.6512,0.7761,56.5,119.68,0.3359,0.9009
18.4545,punch_right,1.4479,0.3857,0.9168,57.26,143.96,0.6399,1.4479
18.4879,kick_low,2.0437,2.3717,2.2077,106.63,128.41,2.0437,0.8136
18.5213,kick_low,1.6079,0.9734,1.2906,127.93,121.32,1.6079,0.5531
18.5546,kick_low,4.7478,1.7343,3.2411,9.39,121.41,4.7007,4.7478
18.588,kick_low,4.0563,2.7535,3.4049,114.19,4.7,4.0563,0.8851
18.6214,kick_low,2.7365,5.8272,4.2818,70.8,12.28,2.7365,1.5733
18.6548,kick_low,5.6316,2.9356,4.2836,24.05,57.01,2.4171,5.6316
18.6881,kick_low,5.7048,7.7997,6.7523,114.72,37.54,2.1787,5.7048
18.7215,kick_low,6.2334,6.1204,6.1769,139.5,60.29,1.3732,6.2334
18.7549,kick_low,7.209,7.0284,7.1187,146.44,160.64,1.0689,7.209
18.7882,kick_low,5.2221,16.8522,11.0372,128.16,103.57,5.2221,3.5294
18.8216,kick_low,8.4066,17.0743,12.7404,154.23,101.54,8.4066,6.7361
18.855,kick_low,2.4767,1.6391,2.0579,130.22,31.19,2.4767,1.9066
18.8884,backward_movement,0.3291,0.3211,0.3251,125.33,55.37,0.1739,0.3291
18.9217,forward_movement,0.467,0.3521,0.4095,108.25,38.22,0.467,0.368
18.9551,kick_low,0.8632,1.7187,1.291,89.17,5.88,0.6853,0.8632
18.9885,kick_low,0.9655,0.9181,0.9418,70.12,57.88,0.9655,0.54
19.0218,kick_low,0.7129,0.9699,0.8414,44.17,50.63,0.7129,0.456
19.0552,kick_low,0.9693,1.5929,1.2811,29.81,65.42,0.9693,0.436
19.0886,guard_position,2.6685,0.2764,1.4724,13.45,58.65,2.6685,0.4286
19.122,guard_position,2.4482,0.456,1.4521,34.5,55.85,2.4482,0.5988
19.1553,backward_movement,0.4287,0.1583,0.2935,29.48,53.87,0.4287,0.3075
19.1887,forward_movement,0.8277,0.896,0.8618,40.94,69.43,0.5284,0.8277
19.2221,guard_position,0.5045,0.1474,0.3259,45.98,73.16,0.2076,0.5045
19.2554,forward_movement,0.2953,0.802,0.5486,40.66,57.98,0.2953,0.2563
19.2888,forward_movement,0.4785,0.4534,0.4659,26.88,49.82,0.4213,0.4785
19.3222,forward_movement,0.8138,0.5847,0.6992,11.55,52.98,0.8138,0.1501
19.3556,forward_movement,0.5737,0.2442,0.409,7.32,50.03,0.4566,0.5737
19.3889,backward_movement,0.4688,0.2444,0.3566,31.18,63.77,0.4688,0.1791
19.4223,forward_movement,0.6961,0.888,0.7921,35.3,55.89,0.6961,0.1095
19.4557,forward_movement,0.4263,0.7986,0.6124,41.67,48.08,0.4263,0.1822
19.489,kick_low,0.6134,1.1327,0.8731,64.01,37.85,0.6134,0.4663
19.5224,kick_low,0.6374,1.6073,1.1224,68.48,57.05,0.5153,0.6374
19.5558,kick_low,0.1829,1.8515,1.0172,67.34,59.07,0.1829,0.0457
19.5892,kick_low,0.5369,3.9654,2.2512,69.38,56.81,0.5369,0.1591
19.6225,kick_low,0.2821,1.9796,1.1309,64.72,45.88,0.2821,0.0605
19.6559,kick_low,0.6867,1.8304,1.2585,48.87,37.09,0.6867,0.1418
19.6893,kick_low,2.192,11.0042,6.5981,25.64,28.11,2.192,0.8385
19.7226,kick_low,8.0823,12.0901,10.0862,128.53,37.76,8.0823,0.9107
19.756,kick_low,8.3998,16.2151,12.3074,158.83,138.53,8.3713,8.3998
19.7894,guard_position,0.0,0.0,0.0,180.0,180.0,0.0,0.0
19.8228,kick_low,14.5388,20.4144,17.4766,70.36,76.58,14.5388,9.6233
19.8561,kick_low,0.5348,1.6442,1.0895,78.25,75.23,0.1262,0.5348
19.8895,kick_low,0.4866,5.02,2.7533,55.68,66.89,0.1673,0.4866
19.9229,kick_low,0.629,2.4908,1.5599,40.23,71.72,0.629,0.3005
19.9563,kick_low,0.9711,1.2849,1.128,53.52,91.76,0.7227,0.9711
19.9896,kick_low,1.1245,1.1421,1.1333,12.26,62.89,0.7755,1.1245
20.023,kick_low,0.9657,1.5687,1.2672,65.03,103.71,0.9657,0.6126
20.0564,kick_low,0.4842,1.3263,0.9052,78.12,91.97,0.1057,0.4842
20.0897,kick_low,0.5803,1.352,0.9662,82.61,99.29,0.5803,0.5556
20.1231,kick_low,0.5652,0.9293,0.7473,77.4,78.99,0.5652,0.1495
20.1565,forward_movement,0.886,0.3575,0.6217,64.29,73.18,0.0738,0.886
20.1899,backward_movement,0.3399,0.2167,0.2783,57.79,78.49,0.3399,0.3016
20.2232,kick_low,0.4542,1.0328,0.7435,43.66,83.9,0.4542,0.3029
20.2566,backward_movement,0.4515,0.3752,0.4134,49.99,86.65,0.0782,0.4515
20.29,backward_movement,0.6767,0.5001,0.5884,48.73,86.69,0.0524,0.6767
20.3233,guard_position,1.1996,0.4824,0.841,49.45,72.94,0.0671,1.1996
20.3567,guard_position,1.0469,0.2749,0.6609,42.56,52.84,0.1287,1.0469
20.3901,kick_low,0.3714,1.9355,1.1534,42.53,47.46,0.3714,0.195
20.4235,backward_movement,0.4999,0.4713,0.4856,32.06,51.64,0.4999,0.0867
20.4568,forward_movement,0.2828,0.4352,0.359,19.13,57.81,0.2828,0.2446
20.4902,kick_low,0.3988,1.1779,0.7883,5.48,37.8,0.3876,0.3988
20.5236,kick_low,0.7007,1.2021,0.9514,6.63,31.13,0.7007,0.0716
20.5569,forward_movement,0.5162,0.6023,0.5592,10.34,19.99,0.5162,0.1632
20.5903,kick_low,1.5066,2.6765,2.0915,29.9,54.75,1.5066,0.3044
20.6237,kick_low,1.6278,1.3025,1.4652,15.99,43.64,1.571,1.6278
20.6571,kick_low,0.7774,1.4705,1.1239,29.08,6.88,0.4223,0.7774
20.6904,kick_low,0.7787,1.6439,1.2113,15.34,158.79,0.1262,0.7787
20.7238,kick_low,0.8385,1.6228,1.2307,32.79,70.86,0.3709,0.8385
20.7572,kick_low,1.3363,1.7429,1.5396,6.53,11.92,1.0961,1.3363
20.7905,kick_low,3.196,0.9984,2.0972,31.14,87.47,3.196,2.7095
20.8239,guard_position,3.7824,0.8657,2.324,0.93,24.54,3.7824,1.3526
20.8573,kick_low,2.2008,1.2899,1.7454,71.27,60.51,2.2008,1.4233
20.8907,kick_low,1.5908,4.2349,2.9129,54.37,42.29,0.2699,1.5908
20.924,kick_low,0.3666,3.4038,1.8852,44.89,44.66,0.3666,0.3662
20.9574,forward_movement,0.4412,0.5086,0.4749,63.37,35.05,0.4412,0.2473
20.9908,backward_movement,0.4593,0.3835,0.4214,60.18,40.11,0.0556,0.4593
21.0241,forward_movement,0.7065,0.7769,0.7417,49.57,61.35,0.0953,0.7065
21.0575,forward_movement,1.0306,0.6584,0.8445,60.67,36.27,0.8004,1.0306
21.0909,guard_position,0.6944,0.704,0.6992,53.95,56.25,0.1062,0.6944
21.1243,forward_movement,0.5665,0.1378,0.3522,43.43,76.12,0.1186,0.5665
21.1576,guard_position,0.4371,0.3278,0.3824,47.44,84.63,0.036,0.4371
21.191,guard_position,0.3921,0.524,0.458,56.69,80.12,0.3921,0.2893
21.2244,guard_position,0.1837,0.2588,0.2212,50.02,78.37,0.176,0.1837
21.2577,forward_movement,0.4201,0.1394,0.2797,47.29,83.55,0.1998,0.4201
21.2911,backward_movement,0.227,0.2142,0.2206,51.36,88.89,0.227,0.2006
21.3245,guard_position,0.2161,0.165,0.1905,49.2,72.26,0.2161,0.1226
21.3579,guard_position,0.6193,0.0916,0.3555,43.24,68.8,0.2243,0.6193
21.3912,guard_position,0.3254,0.3786,0.352,54.98,70.21,0.3254,0.2257
21.4246,forward_movement,0.5749,0.0612,0.3181,55.1,68.16,0.5216,0.5749
21.458,guard_position,0.9049,0.5488,0.7268,21.02,74.92,0.9049,0.688
21.4913,backward_movement,0.2948,0.2071,0.2509,20.45,74.67,0.1967,0.2948
21.5247,backward_movement,0.5551,0.2745,0.4148,16.52,77.21,0.3462,0.5551
21.5581,backward_movement,0.6463,0.2228,0.4346,27.88,76.91,0.3742,0.6463
21.5915,backward_movement,0.2312,0.3821,0.3067,39.05,71.5,0.1708,0.2312
21.6248,guard_position,1.2196,0.4195,0.8195,58.37,65.14,0.3771,1.2196
21.6582,backward_movement,0.9839,0.4139,0.6989,58.5,71.02,0.9839,0.2547
21.6916,backward_movement,0.9019,0.2002,0.551,60.41,60.03,0.4533,0.9019
21.7249,backward_movement,0.7834,0.1732,0.4783,73.04,50.54,0.2251,0.7834
21.7583,guard_position,2.2935,0.3117,1.3026,40.49,100.65,0.8715,2.2935
21.7917,forward_movement,0.9848,0.8839,0.9343,32.17,86.83,0.2569,0.9848
21.8251,backward_movement,0.4776,0.6155,0.5465,32.21,93.98,0.4776,0.2317
21.8584,kick_low,1.1131,0.9828,1.0479,49.7,76.76,0.2823,1.1131
21.8918,kick_low,3.0001,1.4609,2.2305,45.12,47.84,0.7717,3.0001
21.9252,kick_low,1.2119,1.8201,1.516,32.89,48.99,1.2119,0.1075
21.9586,forward_movement,0.5557,0.8891,0.7224,30.65,40.75,0.4418,0.5557
21.9919,guard_position,1.1927,0.2869,0.7398,15.73,29.85,0.3043,1.1927
22.0253,kick_low,0.6113,1.9122,1.2618,12.22,44.85,0.2,0.6113
22.0587,kick_low,1.0652,1.5695,1.3174,19.42,33.28,1.0652,0.6756
22.092,guard_position,1.3822,0.521,0.9516,31.79,57.26,0.6219,1.3822
22.1254,kick_low,1.2281,3.881,2.5545,59.63,48.22,1.2281,0.1425
22.1588,kick_low,1.7981,1.3693,1.5837,21.43,10.61,1.7981,1.0166
22.1922,kick_low,1.2017,2.0627,1.6322,6.05,6.0,1.2017,0.2926
22.2255,kick_low,1.587,1.2881,1.4375,40.0,12.66,1.587,0.2846
22.2589,forward_movement,0.9052,0.4034,0.6543,17.69,47.57,0.9052,0.3167
22.2923,forward_movement,0.3543,0.2959,0.3251,20.73,46.95,0.1595,0.3543
22.3256,kick_low,0.646,3.7728,2.2094,12.08,40.71,0.646,0.5794
22.359,kick_low,0.5199,1.8316,1.1758,12.3,32.02,0.4551,0.5199
22.3924,kick_low,0.4293,4.4316,2.4305,17.79,4.84,0.2311,0.4293
22.4258,kick_low,0.3946,2.6268,1.5107,25.92,9.82,0.3946,0.1185
22.4591,kick_low,0.926,1.3955,1.1607,4.3,14.27,0.926,0.7172
22.4925,kick_low,0.3857,1.9282,1.157,6.18,18.15,0.3857,0.3496
22.5259,kick_low,0.6076,0.9242,0.7659,6.59,30.23,0.6076,0.4119
22.5592,backward_movement,0.1762,0.5651,0.3706,8.27,34.62,0.1762,0.1739
22.5926,forward_movement,0.8662,0.3358,0.601,25.83,8.38,0.8662,0.2085
22.626,guard_position,0.4948,0.3865,0.4407,30.57,5.27,0.4948,0.2845
22.6594,forward_movement,0.541,0.6078,0.5744,36.3,25.58,0.541,0.1222
22.6927,backward_movement,0.5951,0.3701,0.4826,39.35,16.96,0.1648,0.5951
22.7261,guard_position,1.3329,0.5272,0.9301,40.66,31.04,0.2101,1.3329
22.7595,forward_movement,0.8854,0.1316,0.5085,27.25,27.03,0.4205,0.8854
22.7928,guard_position,1.163,0.2694,0.7162,41.42,54.8,0.4044,1.163
22.8262,guard_position,2.4529,0.5227,1.4878,12.49,6.26,2.4529,0.1444
22.8596,guard_position,2.8222,0.7008,1.7615,21.15,20.8,2.8222,0.1865
22.893,kick_low,2.0984,1.5727,1.8356,2.05,17.49,2.0984,0.6
22.9263,kick_low,0.9636,0.9863,0.975,4.37,28.44,0.7469,0.9636
22.9597,kick_low,1.2928,3.6733,2.483,33.2,84.51,1.215,1.2928
22.9931,kick_low,3.6908,1.7518,2.7213,11.51,105.02,3.6908,0.1917
23.0264,kick_low,0.9712,1.1264,1.0488,99.61,94.74,0.9712,0.4068
23.0598,punch_left,1.2407,0.2478,0.7443,152.28,87.3,1.2407,0.346
23.0932,forward_movement,0.8652,0.2802,0.5727,145.11,60.25,0.1351,0.8652
23.1266,kick_low,1.1384,3.5312,2.3348,15.09,7.94,0.5836,1.1384
23.1599,guard_position,6.6248,0.6781,3.6514,19.23,33.36,6.6248,0.3387
23.1933,kick_low,4.1371,1.0187,2.5779,70.84,51.51,4.1371,0.3138
23.2267,kick_low,1.2291,1.4477,1.3384,58.42,53.47,0.058,1.2291
23.26,kick_low,0.7825,1.2408,1.0117,49.97,48.88,0.7825,0.2838
23.2934,guard_position,1.4466,0.5879,1.0173,38.66,36.17,0.7781,1.4466
23.3268,punch_right,1.4433,0.6977,1.0705,27.08,149.43,0.6502,1.4433
23.3602,forward_movement,0.6807,0.6175,0.6491,11.65,175.79,0.6807,0.4116
23.3935,kick_low,1.5096,1.092,1.3008,1.98,154.17,1.5096,0.89
23.4269,kick_low,0.7446,1.6617,1.2031,42.05,153.15,0.7153,0.7446
23.4603,backward_movement,0.965,0.5968,0.7809,6.3,172.6,0.965,0.3767
23.4936,backward_movement,0.9378,0.8743,0.9061,11.68,121.09,0.9378,0.9192
23.527,guard_position,3.2812,0.4865,1.8839,10.56,49.87,1.1391,3.2812
23.5604,guard_position,0.8223,0.3592,0.5907,1.2,67.87,0.1775,0.8223
23.5938,guard_position,1.4465,0.1892,0.8178,15.9,42.15,0.8124,1.4465
23.6271,guard_position,1.939,0.4062,1.1726,16.69,94.21,0.1271,1.939
23.6605,guard_position,0.6136,0.5974,0.6055,22.61,86.97,0.4827,0.6136
23.6939,backward_movement,0.718,0.3923,0.5552,7.17,69.76,0.6791,0.718
23.7272,backward_movement,0.761,0.2622,0.5116,8.46,51.29,0.5607,0.761
23.7606,backward_movement,0.3342,0.1565,0.2453,5.54,46.81,0.3342,0.121
23.794,forward_movement,0.495,0.1233,0.3091,5.73,43.51,0.495,0.1783
23.8274,forward_movement,0.5024,0.025,0.2637,2.68,50.61,0.5024,0.3555
23.8607,guard_position,0.5221,0.177,0.3495,8.69,44.21,0.5221,0.2218
23.8941,backward_movement,0.3707,0.2365,0.3036,3.7,38.22,0.3707,0.1326
23.9275,guard_position,1.4868,0.2092,0.848,9.96,45.85,0.4421,1.4868
23.9608,forward_movement,0.4822,0.5138,0.498,9.84,41.96,0.4822,0.3813
23.9942,backward_movement,0.6143,0.5716,0.593,5.85,55.87,0.6143,0.3211
24.0276,backward_movement,0.4188,0.287,0.3529,8.09,68.09,0.4188,0.0343
24.061,forward_movement,0.8392,0.596,0.7176,2.19,73.0,0.8392,0.3085
24.0943,backward_movement,0.859,0.3636,0.6113,60.94,78.49,0.859,0.3531
24.1277,guard_position,1.1591,0.2199,0.6895,25.66,78.82,1.1591,0.2972
24.1611,backward_movement,0.6775,0.276,0.4768,51.32,77.84,0.6775,0.3409
24.1945,backward_movement,0.5297,0.3482,0.439,51.2,81.33,0.5297,0.1251
24.2278,backward_movement,0.5185,0.6528,0.5857,46.76,77.1,0.4696,0.5185
24.2612,forward_movement,0.2849,0.1507,0.2178,49.73,66.54,0.0399,0.2849
24.2946,guard_position,0.3866,0.2984,0.3425,37.3,69.88,0.3866,0.2528
24.3279,guard_position,0.1341,0.31,0.2221,42.87,70.76,0.1341,0.0742
24.3613,forward_movement,0.2296,0.2451,0.2374,46.74,66.2,0.2296,0.0423
24.3947,forward_movement,0.3525,0.2432,0.2979,39.43,57.69,0.3525,0.2663
24.4281,guard_position,0.3059,0.1054,0.2056,33.22,51.28,0.1613,0.3059
24.4614,forward_movement,0.5636,0.2973,0.4304,40.57,42.81,0.5476,0.5636
24.4948,forward_movement,0.172,0.4224,0.2972,39.07,37.97,0.0699,0.172
24.5282,forward_movement,0.6171,0.477,0.5471,33.37,47.52,0.5616,0.6171
24.5615,forward_movement,0.5661,0.2427,0.4044,35.86,54.55,0.4464,0.5661
24.5949,forward_movement,0.4378,0.434,0.4359,28.05,45.52,0.4378,0.147
24.6283,forward_movement,0.4165,0.259,0.3377,17.29,45.85,0.4165,0.1921
24.6617,forward_movement,0.514,0.0635,0.2887,9.83,54.11,0.4087,0.514
24.695,forward_movement,0.4154,0.319,0.3672,6.28,51.56,0.406,0.4154
24.7284,forward_movement,0.2982,0.1152,0.2067,6.61,48.58,0.2877,0.2982
24.7618,forward_movement,0.2984,0.3179,0.3082,2.43,44.72,0.2984,0.2066
24.7951,backward_movement,0.2051,0.3023,0.2537,0.47,56.17,0.16,0.2051
24.8285,backward_movement,0.9986,0.2629,0.6307,0.09,41.58,0.0444,0.9986
24.8619,backward_movement,0.6903,0.2597,0.475,0.57,55.54,0.3673,0.6903
24.8953,guard_position,0.2436,0.3023,0.273,2.75,55.13,0.1519,0.2436
24.9286,guard_position,0.3946,0.067,0.2308,2.72,55.04,0.3946,0.2135
24.962,forward_movement,0.1572,0.3338,0.2455,2.54,64.48,0.1462,0.1572
24.9954,forward_movement,0.3449,0.2552,0.3,0.14,51.63,0.3449,0.2719
25.0287,backward_movement,0.343,0.6151,0.4791,0.02,58.62,0.1817,0.343
25.0621,backward_movement,0.465,0.1918,0.3284,2.6,64.01,0.3761,0.465
25.0955,guard_position,1.308,0.2744,0.7912,34.07,54.52,1.308,0.8337
25.1289,guard_position,1.9906,0.0807,1.0357,6.65,27.83,1.9906,0.501
25.1622,forward_movement,0.3615,0.5547,0.4581,6.46,13.49,0.2094,0.3615
25.1956,guard_position,1.2317,0.7251,0.9784,19.56,20.25,1.2317,0.5017
25.229,guard_position,1.9648,0.7542,1.3595,23.13,51.93,0.3926,1.9648
25.2623,forward_movement,0.83,0.4891,0.6595,26.42,6.12,0.6245,0.83
25.2957,backward_movement,0.6753,0.411,0.5431,37.18,22.31,0.6753,0.2224
25.3291,kick_low,1.0698,1.0364,1.0531,32.53,10.1,0.0947,1.0698
25.3625,backward_movement,0.4293,0.4799,0.4546,34.11,32.41,0.4293,0.4253
25.3958,forward_movement,0.3132,0.2887,0.3009,33.36,44.24,0.3132,0.306
25.4292,backward_movement,0.8807,0.361,0.6208,29.3,62.34,0.1515,0.8807
25.4626,forward_movement,0.4617,0.8326,0.6472,21.27,63.81,0.1717,0.4617
25.4959,backward_movement,0.3204,0.8341,0.5772,32.13,70.94,0.3204,0.1408
25.5293,forward_movement,0.0822,0.3662,0.2242,36.24,66.21,0.0822,0.0704
25.5627,forward_movement,0.3385,0.5367,0.4376,36.55,67.29,0.3385,0.1415
25.5961,guard_position,0.211,0.4225,0.3168,37.64,70.1,0.1788,0.211
25.6294,forward_movement,0.2083,0.3901,0.2992,30.98,60.16,0.161,0.2083
25.6628,forward_movement,0.2134,0.2623,0.2378,32.86,41.06,0.2134,0.0899
25.6962,forward_movement,0.3379,0.0779,0.2079,27.58,26.91,0.0852,0.3379
25.7295,forward_movement,0.2546,0.064,0.1593,24.55,37.03,0.0388,0.2546
25.7629,guard_position,0.1425,0.1913,0.1669,24.45,41.75,0.1425,0.0492
25.7963,forward_movement,0.3573,0.3739,0.3656,16.78,33.35,0.226,0.3573
25.8297,backward_movement,0.2469,0.1537,0.2003,28.73,34.62,0.1656,0.2469
25.863,forward_movement,0.303,0.5735,0.4382,45.47,28.5,0.303,0.2894
25.8964,kick_low,3.1821,4.752,3.967,29.31,77.17,3.0211,3.1821
25.9298,kick_low,0.543,2.8929,1.7179,10.43,52.93,0.2749,0.543
25.9631,kick_low,2.578,0.9475,1.7628,14.84,92.13,1.4358,2.578
25.9965,kick_low,0.5858,1.3768,0.9813,75.43,52.28,0.5432,0.5858
26.0299,kick_low,1.6054,1.258,1.4317,5.28,50.69,1.6054,0.481
26.0633,guard_position,2.7774,0.7011,1.7393,71.61,41.53,2.7774,1.8116
26.0966,kick_low,2.9605,1.7539,2.3572,1.58,1.32,2.9605,2.4123
26.13,guard_position,2.9794,0.4672,1.7233,13.63,65.61,0.5019,2.9794
26.1634,guard_position,2.7475,0.664,1.7058,27.36,81.99,2.7475,0.9256
26.1968,kick_low,1.0984,1.0792,1.0888,12.44,63.67,1.0984,0.8055
26.2301,kick_low,1.1453,1.86,1.5027,1.66,52.23,0.5935,1.1453
26.2635,guard_position,1.118,0.5122,0.8151,0.76,31.35,0.5604,1.118
26.2969,guard_position,2.0049,0.2353,1.1201,9.22,10.72,0.3129,2.0049
26.3302,guard_position,2.7564,0.3012,1.5288,41.74,8.66,2.7564,0.7722
26.3636,guard_position,2.2004,0.2314,1.2159,66.58,38.84,2.2004,1.7662
26.397,kick_low,2.809,3.6923,3.2506,18.9,49.49,2.809,0.6603
26.4304,kick_low,1.3693,2.5278,1.9486,41.04,43.85,1.3693,0.1275
26.4637,kick_low,1.4826,3.6547,2.5687,59.68,12.35,1.4826,0.7633
26.4971,kick_low,3.3714,1.8615,2.6165,12.82,21.44,3.3714,0.3303
26.5305,kick_low,2.3766,1.4128,1.8947,18.77,9.95,0.5097,2.3766
26.5638,kick_low,0.6321,2.8545,1.7433,29.73,23.02,0.6321,0.5721
26.5972,kick_low,2.6303,2.5059,2.5681,6.46,20.56,0.725,2.6303
26.6306,guard_position,1.4551,0.47,0.9625,2.37,45.62,0.3762,1.4551
26.664,guard_position,2.7943,0.4518,1.6231,20.23,34.77,0.1531,2.7943
26.6973,guard_position,2.5163,0.6719,1.5941,10.24,92.09,0.4787,2.5163
26.7307,kick_low,0.3942,1.2928,0.8435,25.31,80.37,0.3942,0.3048
26.7641,guard_position,1.7269,0.5104,1.1187,15.28,17.91,0.4779,1.7269
26.7974,kick_low,3.0165,1.4595,2.238,62.12,77.93,2.5284,3.0165
26.8308,guard_position,3.2918,0.5117,1.9018,3.29,72.35,3.2918,0.5695
26.8642,kick_low,3.4875,0.9275,2.2075,63.37,68.62,3.4875,1.3414
26.8976,kick_low,2.7496,1.0893,1.9194,4.5,89.84,2.7496,0.9752
26.9309,kick_low,0.9717,1.2976,1.1347,23.77,153.43,0.9717,0.0677
26.9643,kick_low,0.9202,1.5207,1.2204,31.83,155.76,0.1937,0.9202
26.9977,kick_low,1.8951,3.4584,2.6767,1.21,5.03,1.8951,0.8991
27.031,kick_low,0.9868,2.5017,1.7442,4.3,8.45,0.0689,0.9868
27.0644,guard_position,1.1167,0.1169,0.6168,0.79,91.47,0.3616,1.1167
27.0978,kick_low,1.9456,1.8863,1.916,7.63,124.67,1.9456,0.2704
27.1312,punch_right,1.1699,0.712,0.941,0.6,130.67,1.0517,1.1699
27.1645,kick_low,2.1381,2.1252,2.1316,136.73,96.51,2.1381,1.1908
27.1979,kick_low,1.9444,1.7657,1.855,161.81,51.66,1.9444,0.6341
27.2313,kick_low,0.3382,2.6536,1.4959,78.89,110.18,0.3382,0.2365
27.2646,kick_low,1.1128,1.8785,1.4956,89.26,102.13,0.4314,1.1128
27.298,kick_low,1.4854,1.9525,1.7189,59.26,72.39,1.4854,1.0439
27.3314,kick_low,0.2616,1.7109,0.9863,43.2,43.14,0.1471,0.2616
27.3648,kick_low,0.9593,0.9689,0.9641,39.55,55.83,0.2665,0.9593
27.3981,guard_position,3.0288,0.4064,1.7176,21.21,22.2,0.3069,3.0288
27.4315,guard_position,1.7785,0.7568,1.2677,25.4,31.53,0.5136,1.7785
27.4649,guard_position,1.7002,0.6203,1.1602,54.13,25.45,0.7476,1.7002
27.4982,guard_position,1.8775,0.6294,1.2534,11.84,46.89,0.5505,1.8775
27.5316,kick_low,1.735,2.1828,1.9589,1.72,47.98,1.735,1.4256
27.565,guard_position,1.3255,0.6208,0.9731,9.98,36.77,0.9692,1.3255
27.5984,kick_low,1.4734,1.2979,1.3857,7.1,16.34,0.6934,1.4734
27.6317,kick_low,0.713,1.4806,1.0968,0.58,8.81,0.1165,0.713
27.6651,kick_low,0.5661,1.3509,0.9585,34.13,13.06,0.5661,0.2373
27.6985,kick_low,0.2573,2.0692,1.1632,30.56,79.2,0.2337,0.2573
27.7318,kick_low,1.1875,1.6655,1.4265,57.07,11.9,0.8253,1.1875
27.7652,kick_low,1.7839,1.1147,1.4493,86.81,4.87,1.7839,1.0678
27.7986,kick_low,2.4225,0.9387,1.6806,12.12,43.93,2.4225,0.4305
27.832,kick_low,8.3209,2.0555,5.1882,94.23,25.3,8.3209,1.8861
27.8653,kick_low,5.4181,1.0904,3.2542,85.28,146.69,3.5648,5.4181
27.8987,guard_position,4.6061,0.7866,2.6963,21.52,57.02,2.8865,4.6061
27.9321,kick_low,1.5123,1.8648,1.6886,3.91,48.61,1.5123,0.2171
27.9654,backward_movement,0.6107,0.7161,0.6634,6.62,87.35,0.4932,0.6107
27.9988,backward_movement,0.1466,0.6029,0.3748,17.06,100.07,0.1344,0.1466
28.0322,punch_right,3.6023,0.4008,2.0016,124.81,167.63,3.1629,3.6023
28.0656,punch_right,3.8654,0.2027,2.034,129.99,116.33,0.9056,3.8654
28.0989,guard_position,3.9011,0.3585,2.1298,18.58,89.98,3.9011,0.6863
28.1323,guard_position,1.1195,0.2266,0.6731,36.89,78.62,0.2405,1.1195
28.1657,guard_position,2.2338,0.1813,1.2076,29.31,42.94,0.7311,2.2338
28.199,guard_position,2.6647,0.6076,1.6362,79.13,26.66,2.6647,0.6626
28.2324,guard_position,4.0217,0.5869,2.3043,6.7,15.72,4.0217,1.7984
28.2658,kick_low,3.155,3.3981,3.2765,11.55,65.48,1.2697,3.155
28.2992,kick_low,1.5378,1.1551,1.3465,0.69,123.83,1.5378,1.3254
28.3325,kick_low,2.426,1.081,1.7535,25.05,104.51,2.426,0.6893
28.3659,backward_movement,0.2915,0.2747,0.2831,23.02,126.4,0.2915,0.2596
28.3993,forward_movement,0.6802,0.1718,0.426,46.24,86.06,0.6802,0.3269
28.4327,guard_position,1.1979,0.4502,0.824,34.05,50.78,1.1979,0.1981
28.466,guard_position,1.7197,0.2144,0.9671,4.52,64.5,1.7197,0.5715
28.4994,guard_position,2.7908,0.5369,1.6639,27.36,10.6,0.6941,2.7908
28.5328,forward_movement,0.857,0.3871,0.622,36.71,41.08,0.857,0.5073
28.5661,kick_low,0.6553,4.7246,2.6899,31.4,2.42,0.2342,0.6553
28.5995,kick_low,0.8122,3.8516,2.3319,18.96,34.86,0.1428,0.8122
28.6329,kick_low,0.6031,1.0083,0.8057,24.41,40.03,0.5189,0.6031
28.6663,kick_low,0.6273,0.9328,0.78,62.83,10.5,0.6273,0.3699
28.6996,backward_movement,0.8216,0.5229,0.6723,37.68,0.09,0.8216,0.2279
28.733,kick_low,1.4997,4.6795,3.0896,4.11,41.88,1.4997,0.4021
28.7664,kick_low,0.0883,1.2358,0.662,12.9,17.66,0.0493,0.0883
28.7997,kick_low,0.9212,3.6199,2.2706,4.19,1.28,0.9212,0.4153
28.8331,forward_movement,0.843,0.6128,0.7279,0.25,8.14,0.2475,0.843
28.8665,kick_low,1.5806,2.1236,1.8521,20.06,69.69,1.1429,1.5806
28.8999,kick_low,1.3377,1.5363,1.437,20.67,89.89,0.7813,1.3377
28.9332,kick_low,2.1419,1.7944,1.9682,10.33,170.44,1.551,2.1419
28.9666,guard_position,1.8269,0.7907,1.3088,18.37,176.3,1.8269,0.6216
29.0,kick_low,3.6319,3.6878,3.6598,58.02,176.85,3.6319,0.4805
29.0333,kick_low,1.4328,2.8369,2.1348,88.5,143.72,0.4521,1.4328
29.0667,kick_low,2.9769,3.2578,3.1174,13.68,56.24,2.9769,1.3491
29.1001,kick_low,2.9154,2.0061,2.4608,7.44,53.9,0.5886,2.9154
29.1335,kick_low,3.1515,2.4684,2.8099,49.31,88.29,3.1515,2.8625
29.1668,guard_position,5.2335,0.8378,3.0356,33.43,100.85,5.2335,0.7787
29.2002,guard_position,1.5535,0.6465,1.1,57.63,58.73,1.5535,0.4779
29.2336,kick_low,2.2242,1.1634,1.6938,6.86,5.47,2.2242,0.6799
29.2669,backward_movement,0.9722,0.6765,0.8243,35.22,11.37,0.046,0.9722
29.3003,kick_low,1.9323,1.6789,1.8056,6.04,10.75,1.9323,0.7411
29.3337,guard_position,3.7247,0.2174,1.9711,92.21,7.99,3.7247,0.9656
29.3671,forward_movement,0.8584,0.309,0.5837,92.61,8.91,0.0652,0.8584
29.4004,backward_movement,0.6027,0.0491,0.3259,82.9,22.39,0.6027,0.3273
29.4338,guard_position,0.504,0.5636,0.5338,68.45,21.94,0.504,0.2344
29.4672,backward_movement,0.4167,0.282,0.3494,58.0,23.31,0.3778,0.4167
29.5005,backward_movement,0.6096,0.5233,0.5665,48.22,31.23,0.6096,0.3927
29.5339,guard_position,1.271,0.3014,0.7862,32.87,25.2,1.271,0.5303
29.5673,guard_position,1.3807,0.2578,0.8193,50.54,38.62,1.3807,0.1909
29.6007,guard_position,1.1641,0.241,0.7025,55.1,41.84,0.5176,1.1641
29.634,guard_position,1.3226,0.7416,1.0321,107.75,37.45,0.8866,1.3226
29.6674,kick_low,3.0383,1.3578,2.198,88.26,161.7,0.4399,3.0383
29.7008,kick_low,1.4577,7.0373,4.2475,97.14,179.73,1.4577,0.5989
29.7341,punch_right,1.5108,0.3811,0.946,35.02,172.6,0.4467,1.5108
29.7675,kick_low,0.3008,2.4924,1.3966,82.4,163.49,0.2966,0.3008
29.8009,kick_low,3.0674,2.5921,2.8297,48.05,22.99,0.9664,3.0674
29.8343,punch_right,2.9873,0.4863,1.7368,56.58,155.68,1.0136,2.9873
29.8676,kick_low,3.9644,9.1419,6.5532,117.48,77.29,3.9644,0.6741
29.901,kick_low,3.5565,2.2367,2.8966,11.33,166.2,3.5565,0.2891
29.9344,kick_low,3.0196,2.3467,2.6832,112.55,161.31,3.0196,0.2314
29.9677,kick_low,1.5617,1.2443,1.403,84.83,157.63,1.5617,0.7397
30.0011,kick_low,1.2056,4.163,2.6843,58.62,142.18,0.8101,1.2056
30.0345,kick_low,1.3989,5.199,3.2989,55.04,75.82,0.5694,1.3989
30.0679,kick_low,0.6987,4.9833,2.841,42.72,83.89,0.1458,0.6987
30.1012,kick_low,1.2237,1.0096,1.1166,25.31,76.81,0.6782,1.2237
30.1346,backward_movement,0.5956,0.6034,0.5995,78.17,93.96,0.0656,0.5956
30.168,backward_movement,1.0017,0.2837,0.6427,36.56,83.52,0.3669,1.0017
30.2013,forward_movement,0.6413,0.5019,0.5716,17.96,66.19,0.6413,0.6107
30.2347,kick_low,0.5588,1.3475,0.9531,15.72,62.9,0.5588,0.2735
30.2681,kick_low,0.6059,2.1826,1.3942,7.83,20.77,0.6059,0.3404
30.3015,kick_low,1.0725,1.9888,1.5306,28.0,48.73,0.5741,1.0725
30.3348,kick_low,2.2374,1.3447,1.7911,19.77,75.43,0.2048,2.2374
30.3682,forward_movement,0.9745,0.6499,0.8122,6.32,84.64,0.546,0.9745
30.4016,kick_low,2.2515,0.9231,1.5873,21.89,68.18,0.4703,2.2515
30.435,backward_movement,1.0426,0.3804,0.7115,7.93,14.52,1.0426,0.396
30.4683,kick_low,1.3585,0.9935,1.176,5.09,2.55,1.1583,1.3585
30.5017,backward_movement,0.9863,0.7174,0.8519,12.35,20.39,0.9636,0.9863
30.5351,guard_position,1.2756,0.6989,0.9872,14.73,21.48,0.6985,1.2756
30.5684,kick_low,0.6148,2.0546,1.3347,17.12,1.96,0.0269,0.6148
30.6018,kick_low,1.3759,4.0924,2.7342,37.78,0.01,1.3759,0.5677
30.6352,kick_low,1.5302,1.1257,1.3279,65.49,25.34,1.5302,1.4622
30.6686,kick_low,2.3677,2.0815,2.2246,17.57,25.16,2.3677,1.2692
30.7019,kick_low,1.2876,1.3615,1.3245,1.85,32.67,1.2876,0.3726
30.7353,backward_movement,0.6492,0.4478,0.5485,15.24,33.92,0.6492,0.4138
30.7687,forward_movement,0.8497,0.8627,0.8562,17.93,21.47,0.3325,0.8497
30.802,guard_position,0.6977,0.3277,0.5127,7.87,32.31,0.6977,0.6414
30.8354,kick_low,2.6491,5.0651,3.8571,68.62,44.56,2.0013,2.6491
30.8688,kick_low,2.5016,3.843,3.1723,12.43,66.8,1.9774,2.5016
30.9022,kick_low,1.8221,1.7567,1.7894,2.94,50.71,0.4588,1.8221
30.9355,kick_low,0.4514,0.9478,0.6996,2.69,40.67,0.1929,0.4514
30.9689,guard_position,1.232,0.3737,0.8029,3.65,44.5,0.1503,1.232
31.0023,forward_movement,0.7627,0.0568,0.4097,41.52,18.16,0.7627,0.6396
31.0356,guard_position,2.3612,0.2719,1.3166,18.41,87.92,0.3515,2.3612
31.069,guard_position,1.94,0.2645,1.1023,63.86,74.56,1.94,0.4656
31.1024,guard_position,2.0385,0.3093,1.1739,3.51,46.81,2.0385,1.0117
31.1358,backward_movement,0.7218,0.3801,0.551,2.47,25.04,0.4808,0.7218
31.1691,punch_right,2.5293,0.102,1.3157,27.03,114.28,1.4066,2.5293
31.2025,guard_position,2.3614,0.2097,1.2856,13.38,41.68,1.4618,2.3614
31.2359,forward_movement,1.0644,0.4217,0.743,11.18,25.74,1.0644,0.442
31.2692,guard_position,3.785,0.4587,2.1218,50.35,16.97,3.785,0.8178
31.3026,guard_position,1.9613,0.5942,1.2778,38.21,25.63,1.9613,1.1976
31.336,guard_position,2.7733,0.4718,1.6226,37.64,30.69,2.7733,0.2775
31.3694,guard_position,1.2032,0.319,0.7611,10.9,13.18,1.0874,1.2032
31.4027,backward_movement,0.857,0.2065,0.5318,17.39,18.96,0.857,0.3992
31.4361,backward_movement,0.4277,0.4462,0.4369,49.33,9.8,0.328,0.4277
31.4695,guard_position,1.2191,0.4545,0.8368,63.44,13.02,1.2191,0.0836
31.5028,punch_left,2.2556,0.1208,1.1882,110.19,26.17,2.2556,0.2816
31.5362,guard_position,0.3007,0.1998,0.2502,94.34,26.87,0.2055,0.3007
31.5696,guard_position,0.5376,0.8453,0.6915,89.62,24.69,0.2594,0.5376
31.603,forward_movement,0.8664,0.3213,0.5938,65.76,15.62,0.8664,0.5369
31.6363,kick_low,1.4176,1.6522,1.5349,35.85,25.07,1.4176,0.3428
31.6697,kick_low,0.8218,2.0904,1.4561,17.7,16.66,0.8218,0.4668
31.7031,guard_position,1.1836,0.6293,0.9064,20.47,41.75,0.0342,1.1836
31.7364,forward_movement,0.6633,0.4571,0.5602,11.12,72.86,0.3798,0.6633
31.7698,forward_movement,0.5837,0.3348,0.4592,0.76,44.33,0.1204,0.5837
31.8032,forward_movement,0.4374,0.4783,0.4578,4.71,30.52,0.2818,0.4374
31.8366,kick_low,1.0049,3.0392,2.022,5.43,53.06,0.1846,1.0049
31.8699,kick_low,0.5242,2.2368,1.3805,15.98,40.97,0.4341,0.5242
31.9033,backward_movement,0.9287,0.3663,0.6475,34.02,139.01,0.9287,0.6903
31.9367,kick_low,0.3279,1.4988,0.9134,41.11,64.33,0.3279,0.145
31.97,kick_low,0.9974,0.9027,0.9501,46.21,26.95,0.1539,0.9974
32.0034,guard_position,0.4386,0.5569,0.4977,50.67,21.43,0.4285,0.4386
32.0368,backward_movement,0.4169,0.6849,0.5509,52.91,16.42,0.4169,0.2025
32.0702,backward_movement,0.5868,0.5832,0.585,43.0,13.17,0.1751,0.5868
32.1035,kick_low,2.1443,8.2618,5.203,1.31,17.5,0.1376,2.1443
32.1369,kick_low,2.2625,8.0153,5.1389,70.87,55.39,2.2625,1.1947
32.1703,kick_low,3.4032,2.5339,2.9685,13.04,17.51,3.4032,2.2647
32.2036,kick_low,0.667,2.3012,1.4841,13.57,13.24,0.2869,0.667
32.237,kick_low,0.9242,2.6021,1.7631,28.57,7.97,0.9242,0.6224
32.2704,backward_movement,0.4957,0.8704,0.6831,26.36,8.44,0.4957,0.091
32.3038,kick_low,0.5876,1.8,1.1938,22.01,23.97,0.5876,0.5288
32.3371,kick_low,1.3974,3.986,2.6917,9.98,49.57,0.5158,1.3974
32.3705,kick_low,1.8438,3.6325,2.7382,16.64,24.06,0.9051,1.8438
32.4039,guard_position,1.2601,0.6027,0.9314,6.67,50.96,1.2601,0.3802
32.4373,kick_low,0.9072,2.6561,1.7816,8.7,40.82,0.9072,0.2126
32.4706,kick_low,1.5839,2.4892,2.0366,7.39,45.06,1.5839,0.4454
32.504,guard_position,1.1018,0.4639,0.7828,13.11,64.79,0.6095,1.1018
32.5374,kick_low,0.4565,1.0029,0.7297,13.37,18.76,0.4565,0.378
32.5707,kick_low,1.1839,1.416,1.3,23.26,26.77,0.8212,1.1839
32.6041,kick_low,0.4839,1.7087,1.0963,23.89,30.27,0.3074,0.4839
32.6375,backward_movement,0.5616,0.7493,0.6554,31.38,32.38,0.4574,0.5616
32.6709,kick_low,0.307,1.0307,0.6688,28.35,9.91,0.1201,0.307
32.7042,forward_movement,0.2245,0.3091,0.2668,13.17,10.58,0.1284,0.2245
32.7376,guard_position,0.7028,0.849,0.7759,13.56,33.23,0.2573,0.7028
32.771,backward_movement,0.5851,0.4505,0.5178,12.97,30.54,0.5408,0.5851
32.8043,punch_right,2.5845,0.3349,1.4597,10.51,179.53,0.5455,2.5845
32.8377,kick_low,0.8757,1.0414,0.9585,25.96,178.84,0.8757,0.6428
32.8711,kick_low,0.4253,3.9099,2.1676,74.79,162.5,0.4253,0.2684
32.9045,kick_low,4.9043,1.4776,3.191,104.01,162.94,4.9043,0.495
32.9378,kick_low,2.7225,0.9719,1.8472,8.11,57.03,1.1002,2.7225
32.9712,kick_low,1.8047,5.8148,3.8098,75.22,14.01,1.8047,1.6996
33.0046,kick_low,3.291,1.0776,2.1843,31.37,64.98,3.291,0.1111
33.0379,kick_low,1.2561,3.8368,2.5464,22.85,109.9,0.518,1.2561
33.0713,kick_low,0.6551,4.4209,2.538,31.17,103.48,0.6551,0.1062
33.1047,guard_position,1.2153,0.4733,0.8443,2.81,86.54,1.2153,0.204
33.1381,kick_low,0.9523,4.1076,2.53,19.32,98.93,0.9523,0.5657
33.1714,kick_low,0.8774,1.0993,0.9884,2.12,81.84,0.8774,0.5791
33.2048,kick_low,1.3159,2.6526,1.9843,28.11,82.4,1.3159,0.9174
33.2382,kick_low,1.5765,2.79,2.1832,3.73,71.92,1.5765,0.5376
33.2715,backward_movement,0.4216,0.8108,0.6162,4.94,64.7,0.1633,0.4216
33.3049,kick_low,1.0956,2.5145,1.805,24.12,49.36,0.5328,1.0956
33.3383,kick_low,0.8946,1.0033,0.949,22.6,41.18,0.8946,0.8015
33.3717,kick_low,0.7127,3.2394,1.9761,1.68,37.39,0.7127,0.6199
33.405,kick_low,1.8186,2.0394,1.929,9.22,17.89,0.6005,1.8186
33.4384,kick_low,1.4346,1.3571,1.3959,2.2,24.89,0.2202,1.4346
33.4718,kick_low,0.1564,0.9407,0.5485,8.0,25.76,0.1356,0.1564
33.5051,backward_movement,0.4551,0.7454,0.6003,14.88,58.06,0.2535,0.4551
33.5385,guard_position,0.6627,0.4558,0.5593,16.79,59.4,0.1664,0.6627
33.5719,backward_movement,0.3209,0.5719,0.4464,21.15,69.43,0.2819,0.3209
33.6053,forward_movement,0.5003,0.5443,0.5223,5.03,64.89,0.5003,0.4336
33.6386,kick_low,1.3544,3.8578,2.6061,1.39,4.83,1.0237,1.3544
33.672,kick_low,0.6828,2.767,1.7249,9.46,55.88,0.0656,0.6828
33.7054,backward_movement,0.415,0.3696,0.3923,11.8,7.31,0.415,0.2973
33.7387,backward_movement,0.1536,0.2685,0.211,13.97,10.48,0.1536,0.1279
33.7721,backward_movement,0.5666,0.5098,0.5382,21.22,17.92,0.5666,0.1479
33.8055,kick_low,1.1183,1.488,1.3032,40.5,20.14,1.1183,0.3817
33.8389,kick_low,0.9399,1.9918,1.4659,20.38,50.98,0.9399,0.8294
33.8722,kick_low,0.6419,1.2166,0.9292,22.85,65.09,0.3473,0.6419
33.9056,kick_low,1.4926,0.9528,1.2227,46.3,61.68,1.4926,0.4379
33.939,kick_low,2.8498,1.4072,2.1285,21.29,31.64,2.8498,0.1087
33.9723,backward_movement,0.6097,0.5022,0.5559,26.83,20.19,0.6097,0.2497
34.0057,forward_movement,0.853,0.4414,0.6472,44.89,13.66,0.853,0.5922
34.0391,backward_movement,0.841,0.8731,0.857,59.26,46.21,0.7575,0.841
34.0725,kick_low,0.5329,4.6569,2.5949,55.61,48.77,0.335,0.5329
34.1058,kick_low,0.5542,1.8765,1.2153,57.7,52.28,0.5542,0.4695
34.1392,kick_low,0.5488,2.362,1.4554,65.62,54.85,0.5488,0.1742
34.1726,kick_low,0.2213,3.7197,1.9705,63.76,36.18,0.2213,0.2061
34.2059,kick_low,0.4094,2.9686,1.689,53.26,5.38,0.4094,0.0316
34.2393,kick_low,2.1099,7.655,4.8824,3.92,29.54,2.1099,1.2224
34.2727,kick_low,1.3959,5.3621,3.379,31.93,13.84,1.3959,0.8388
34.3061,kick_low,4.7791,8.0261,6.4026,106.13,23.32,4.7791,1.5018
34.3394,kick_low,10.4319,9.2106,9.8213,165.85,156.07,10.4319,10.4106
34.3728,kick_low,11.136,9.1519,10.1439,126.92,3.73,6.8624,11.136
34.4062,kick_low,5.7736,4.3411,5.0574,84.45,68.49,5.7736,1.358
34.4395,kick_low,4.3268,1.6221,2.9744,2.7,20.44,4.3268,1.0497
34.4729,kick_low,3.1098,1.5791,2.3444,36.74,129.21,3.1098,2.1704
34.5063,kick_low,3.6676,0.9686,2.3181,58.18,0.05,1.3167,3.6676
34.5397,kick_low,2.4421,4.0751,3.2586,37.02,17.99,2.4421,0.6398
34.573,guard_position,3.5355,0.7676,2.1515,33.95,120.22,3.5355,3.1687
34.6064,kick_low,1.7912,1.4409,1.616,35.95,104.78,1.2521,1.7912
34.6398,guard_position,1.6556,0.5018,1.0787,49.87,94.28,0.6253,1.6556
34.6732,kick_low,0.5735,1.818,1.1957,57.36,73.7,0.2266,0.5735
34.7065,kick_low,1.3126,1.0778,1.1952,72.85,82.45,0.4876,1.3126
34.7399,guard_position,0.7794,0.7053,0.7424,85.42,80.95,0.7794,0.6987
34.7733,backward_movement,0.356,0.5426,0.4493,86.28,78.16,0.2894,0.356
34.8066,forward_movement,0.602,0.3898,0.4959,79.86,83.32,0.602,0.2192
34.84,guard_position,2.0546,0.2966,1.1756,75.39,56.79,0.2433,2.0546
34.8734,backward_movement,0.7439,0.3915,0.5677,67.55,87.74,0.1689,0.7439
34.9068,guard_position,1.7745,0.2074,0.9909,59.81,51.09,0.3761,1.7745
34.9401,kick_low,1.2381,0.923,1.0806,50.05,32.68,0.6223,1.2381
34.9735,backward_movement,0.5624,0.8938,0.7281,44.39,54.9,0.3185,0.5624
35.0069,guard_position,0.4603,0.6125,0.5364,35.08,63.37,0.4603,0.4221
35.0402,guard_position,1.1131,0.4561,0.7846,35.64,36.01,0.1292,1.1131
35.0736,kick_low,0.5881,1.0829,0.8355,47.72,55.14,0.2329,0.5881
35.107,kick_low,0.7877,0.9043,0.846,43.88,37.41,0.2359,0.7877
35.1404,forward_movement,0.6771,0.4437,0.5604,28.5,33.85,0.6771,0.46
35.1737,guard_position,1.6614,0.5124,1.0869,11.52,37.79,1.6614,0.2541
35.2071,kick_low,0.9713,2.2359,1.6036,32.52,25.99,0.9713,0.0691
35.2405,kick_low,1.0137,1.1197,1.0667,45.25,8.59,1.0137,0.2673
35.2738,kick_low,2.2471,2.1201,2.1836,22.08,8.77,2.2471,0.5882
35.3072,kick_low,0.45,2.675,1.5625,25.64,3.17,0.035,0.45
35.3406,forward_movement,0.8737,0.7623,0.818,40.77,3.45,0.1895,0.8737
35.374,kick_low,1.3612,1.4425,1.4019,10.45,21.67,1.3612,0.6793
35.4073,kick_low,1.5012,3.4575,2.4794,31.99,45.82,1.5012,0.0958
35.4407,kick_low,0.9237,2.3094,1.6165,14.9,7.9,0.9237,0.638
35.4741,kick_low,0.4092,2.1478,1.2785,23.18,17.85,0.4092,0.4089
35.5074,kick_low,0.6667,1.058,0.8624,36.09,21.09,0.4217,0.6667
35.5408,guard_position,1.5049,0.3741,0.9395,2.5,56.04,0.9406,1.5049
35.5742,guard_position,1.1735,0.2576,0.7155,2.63,23.89,0.1244,1.1735
35.6076,guard_position,1.2569,0.3631,0.81,33.45,52.42,1.1047,1.2569
35.6409,kick_low,1.9624,2.4925,2.2275,5.86,47.77,1.9624,0.2739
35.6743,kick_low,1.1998,1.5986,1.3992,36.33,47.97,1.1998,0.3927
35.7077,kick_low,0.2777,1.0441,0.6609,27.47,52.2,0.237,0.2777
35.741,kick_low,0.6296,1.8146,1.2221,27.87,64.61,0.6296,0.3797
35.7744,kick_low,2.1961,4.5137,3.3549,50.92,68.43,2.1961,0.1713
35.8078,kick_low,2.8469,1.5058,2.1763,25.7,24.7,2.8469,1.8916
35.8412,guard_position,2.1017,0.8261,1.4639,16.13,53.39,0.3724,2.1017
35.8745,kick_low,3.1035,1.7573,2.4304,40.39,52.54,3.1035,0.3801
35.9079,kick_low,1.96,1.788,1.874,11.32,58.01,1.96,0.4905
35.9413,kick_low,1.6612,3.3367,2.4989,25.92,24.03,1.6612,0.3758
35.9746,forward_movement,0.0938,0.3242,0.209,23.7,11.44,0.0683,0.0938
36.008,kick_low,1.5377,1.015,1.2764,1.78,8.64,1.5377,0.386
36.0414,kick_low,1.0956,1.2838,1.1897,22.91,4.21,1.0956,0.3223
36.0748,kick_low,2.0464,1.5794,1.8129,28.56,50.07,2.0464,0.5778
36.1081,kick_low,0.9298,1.4686,1.1992,53.07,77.53,0.9298,0.5305
36.1415,kick_low,0.3155,1.3001,0.8078,58.04,85.97,0.1566,0.3155
36.1749,kick_low,0.3343,1.6388,0.9866,62.31,84.46,0.3343,0.2868
36.2082,kick_low,0.2285,1.4202,0.8244,65.31,85.75,0.2285,0.1823
36.2416,kick_low,0.4335,1.0133,0.7234,64.33,80.8,0.3476,0.4335
36.275,kick_low,0.5396,0.9523,0.746,62.99,79.9,0.5396,0.1601
36.3084,kick_low,0.5499,1.2652,0.9076,58.16,76.2,0.4049,0.5499
36.3417,kick_low,0.8762,1.108,0.9921,43.74,84.47,0.8762,0.4995
36.3751,backward_movement,0.8061,0.8312,0.8186,40.69,75.95,0.3039,0.8061
36.4085,kick_low,2.1446,1.3022,1.7234,1.68,27.57,2.1446,1.8868
36.4418,kick_low,1.7906,1.3593,1.575,7.55,13.44,1.7906,0.7589
36.4752,kick_low,0.8618,1.3184,1.0901,6.8,39.0,0.8618,0.6124
36.5086,kick_low,3.5308,5.7521,4.6415,79.43,43.92,3.5308,0.2359
36.542,kick_low,0.9269,1.8608,1.3939,81.51,23.58,0.9269,0.1668
36.5753,kick_low,2.8286,2.2741,2.5513,15.18,10.51,2.8286,0.8621
36.6087,kick_low,1.2322,2.6858,1.959,41.88,16.22,1.2322,0.0965
36.6421,kick_low,1.0081,1.675,1.3415,68.81,18.95,1.0081,0.1762
36.6755,guard_position,2.0101,0.4114,1.2108,29.51,26.23,2.0101,0.1228
36.7088,kick_low,1.3596,1.4139,1.3867,4.89,33.47,1.3596,0.2982
36.7422,forward_movement,0.9732,0.419,0.6961,15.82,35.84,0.9732,0.3303
36.7756,guard_position,1.363,0.3524,0.8577,8.97,44.05,1.363,0.2827
36.8089,guard_position,0.6645,0.4762,0.5703,0.24,51.97,0.2846,0.6645
36.8423,forward_movement,0.5879,0.741,0.6645,8.88,28.95,0.5879,0.0461
36.8757,kick_low,0.395,1.4684,0.9317,18.77,22.59,0.395,0.1274
36.9091,backward_movement,0.5238,0.5039,0.5138,30.19,43.68,0.4822,0.5238
36.9424,kick_low,0.4654,0.9308,0.6981,28.39,59.07,0.2167,0.4654
36.9758,guard_position,0.5926,0.3265,0.4595,37.03,43.43,0.3959,0.5926
37.0092,forward_movement,0.7779,0.7844,0.7811,34.68,62.21,0.1881,0.7779
37.0425,backward_movement,0.2663,0.6729,0.4696,36.1,61.48,0.2663,0.1678
37.0759,forward_movement,0.2881,0.6235,0.4558,39.72,53.94,0.0212,0.2881
37.1093,backward_movement,0.3836,0.4854,0.4345,40.39,45.55,0.1659,0.3836
37.1427,forward_movement,0.2422,0.3326,0.2874,37.87,43.92,0.2422,0.1254
37.176,backward_movement,0.6359,0.2243,0.4301,35.76,24.41,0.0988,0.6359
37.2094,backward_movement,1.0309,0.2373,0.6341,39.18,50.99,0.2087,1.0309
37.2428,kick_low,1.1709,1.4159,1.2934,40.97,24.27,0.2957,1.1709
37.2761,kick_low,0.1658,1.7455,0.9557,39.73,34.65,0.0843,0.1658
37.3095,backward_movement,0.429,0.2956,0.3623,36.59,46.38,0.429,0.2649
37.3429,backward_movement,0.766,0.6441,0.7051,46.89,68.4,0.3049,0.766
37.3763,backward_movement,0.441,0.6267,0.5339,38.71,68.03,0.2692,0.441
37.4096,kick_low,0.3811,1.1545,0.7678,16.59,81.34,0.3811,0.3138
37.443,kick_low,0.9772,1.9194,1.4483,9.63,65.6,0.9772,0.1274
37.4764,kick_low,1.6231,1.4399,1.5315,0.51,86.24,0.4467,1.6231
37.5097,kick_low,0.9779,1.1071,1.0425,30.18,73.09,0.623,0.9779
37.5431,kick_low,0.3959,1.1926,0.7942,35.51,96.86,0.3861,0.3959
37.5765,kick_low,2.6984,1.1768,1.9376,93.18,87.93,2.6984,0.2287
37.6099,kick_low,0.3158,1.4318,0.8738,62.75,101.4,0.1673,0.3158
37.6432,kick_low,2.3301,1.441,1.8856,69.73,81.63,0.3355,2.3301
37.6766,kick_low,1.3816,3.5125,2.447,41.33,85.68,1.3816,0.1476
37.71,kick_low,1.6086,1.9409,1.7747,1.99,79.01,1.6086,0.2764
37.7433,backward_movement,0.5806,0.4993,0.5399,0.58,80.22,0.5806,0.0925
37.7767,kick_low,1.4958,2.5047,2.0002,20.91,69.18,1.4958,0.1772
37.8101,forward_movement,0.3519,0.7161,0.534,30.96,58.96,0.3362,0.3519
37.8435,forward_movement,0.4813,0.3814,0.4313,41.22,32.38,0.3461,0.4813
37.8768,forward_movement,0.4787,0.3286,0.4037,56.37,28.52,0.4787,0.3782
37.9102,kick_low,1.1585,1.2856,1.222,61.77,47.52,0.7622,1.1585
37.9436,kick_low,0.5355,4.3387,2.4371,58.22,14.21,0.3174,0.5355
37.9769,kick_low,0.7024,1.2984,1.0004,34.86,40.35,0.7024,0.2566
38.0103,kick_low,0.9556,2.4423,1.699,17.69,54.23,0.9556,0.6479
38.0437,kick_low,0.8008,1.5991,1.2,21.54,53.9,0.4542,0.8008
38.0771,kick_low,0.4156,1.2467,0.8311,20.28,57.03,0.4156,0.2599
38.1104,backward_movement,0.3386,0.5937,0.4661,11.67,44.54,0.3386,0.2758
38.1438,forward_movement,0.4844,0.5399,0.5122,7.2,35.34,0.4382,0.4844
38.1772,backward_movement,0.8818,0.8175,0.8497,37.58,39.02,0.8818,0.3486
38.2105,guard_position,1.7492,0.2958,1.0225,10.17,47.58,1.7492,0.5833
38.2439,forward_movement,0.8217,0.3578,0.5897,7.06,47.61,0.6977,0.8217
38.2773,forward_movement,0.8075,0.4053,0.6064,1.17,48.46,0.2656,0.8075
38.3107,guard_position,1.1783,0.5445,0.8614,4.03,79.44,0.3978,1.1783
38.344,forward_movement,1.0056,0.2134,0.6095,9.44,64.62,0.5823,1.0056
38.3774,forward_movement,0.5352,0.2106,0.3729,0.59,53.97,0.4073,0.5352
38.4108,forward_movement,1.0565,0.1771,0.6168,9.69,58.08,0.2362,1.0565
38.4441,guard_position,2.6305,0.2328,1.4317,53.59,88.54,0.9811,2.6305
38.4775,guard_position,2.3914,0.1463,1.2689,54.15,61.45,0.4035,2.3914
38.5109,forward_movement,0.9993,0.5465,0.7729,58.51,37.04,0.5418,0.9993
38.5443,guard_position,1.7568,0.1251,0.941,53.33,62.7,0.4492,1.7568
38.5776,kick_low,5.4009,0.9887,3.1948,20.82,55.64,1.9877,5.4009
38.611,backward_movement,0.7403,0.4595,0.5999,35.03,84.26,0.7403,0.6034
38.6444,kick_low,3.8887,1.3906,2.6397,36.88,12.72,0.61,3.8887
38.6778,kick_low,1.6895,2.3578,2.0236,66.86,11.83,1.2939,1.6895
38.7111,kick_low,0.2339,3.1504,1.6922,73.45,36.02,0.2226,0.2339
38.7445,kick_low,2.0297,3.2301,2.6299,24.33,18.48,2.0297,1.0908
38.7779,backward_movement,0.3537,0.4261,0.3899,27.25,16.52,0.3537,0.2871
38.8112,kick_low,1.0688,1.1768,1.1228,30.36,13.09,0.6799,1.0688
38.8446,kick_low,0.6616,1.0421,0.8518,17.62,38.45,0.6616,0.5243
38.878,kick_low,0.9947,1.4602,1.2275,12.75,29.58,0.509,0.9947
38.9114,kick_low,1.7143,1.0666,1.3904,1.29,28.1,1.7143,0.7027
38.9447,backward_movement,0.2274,0.5338,0.3806,14.38,17.28,0.156,0.2274
38.9781,kick_low,0.2999,1.0783,0.6891,14.55,4.61,0.2999,0.1886
39.0115,guard_position,2.2665,0.5331,1.3998,30.26,8.17,2.2665,0.9456
39.0448,backward_movement,0.8783,0.8629,0.8706,12.72,0.55,0.8783,0.0972
39.0782,kick_low,1.2351,2.4608,1.8479,44.97,1.37,1.2351,0.2022
39.1116,backward_movement,0.8982,0.6949,0.7966,54.58,3.3,0.8982,0.409
39.145,kick_low,1.1644,2.1422,1.6533,72.59,35.63,0.6691,1.1644
39.1783,kick_low,0.8069,1.9895,1.3982,58.77,47.36,0.8069,0.6007
39.2117,kick_low,0.6478,2.0632,1.3555,57.88,60.36,0.6478,0.1145
39.2451,kick_low,2.515,3.7695,3.1423,17.3,10.08,2.515,2.3613
39.2784,kick_low,1.4629,3.9438,2.7034,11.66,26.29,0.1737,1.4629
39.3118,kick_low,0.7447,1.65,1.1973,26.54,10.94,0.7447,0.2836
39.3452,kick_low,0.6409,1.5967,1.1188,33.87,1.49,0.2483,0.6409
39.3786,guard_position,1.74,0.5555,1.1477,65.06,18.31,1.74,0.1449
39.4119,kick_low,1.4235,3.9299,2.6767,50.67,7.69,0.8601,1.4235
39.4453,kick_low,0.9248,1.203,1.0639,31.12,25.18,0.9248,0.7349
39.4787,kick_low,1.3142,2.5236,1.9189,43.09,25.07,0.5468,1.3142
39.512,kick_low,2.2652,3.0692,2.6672,79.64,39.31,2.2652,0.5722
39.5454,kick_low,3.1031,3.8022,3.4527,19.01,17.66,3.1031,2.814
39.5788,kick_low,0.8358,3.7538,2.2948,22.82,8.39,0.8358,0.5441
39.6122,kick_low,3.6339,1.5566,2.5953,66.61,13.04,3.6339,0.3438
39.6455,kick_low,5.1535,1.0705,3.112,59.25,46.68,5.1535,1.8282
39.6789,kick_low,1.6657,2.0659,1.8658,35.77,79.86,0.2081,1.6657
39.7123,guard_position,1.8128,0.8882,1.3505,5.31,105.24,1.8128,1.3147
39.7456,forward_movement,1.0765,0.1313,0.6039,26.68,83.61,1.0765,0.8254
39.779,guard_position,1.8443,0.201,1.0226,50.07,51.99,1.4682,1.8443
39.8124,guard_position,1.7478,0.4908,1.1193,41.62,11.44,0.2818,1.7478
39.8458,kick_low,1.2715,1.4323,1.3519,46.75,14.41,1.2715,1.1
39.8791,kick_low,2.3851,1.0886,1.7369,67.27,19.78,2.3851,0.5143
39.9125,kick_low,4.648,1.0513,2.8496,0.34,7.22,4.648,0.7934
39.9459,guard_position,2.5829,0.6702,1.6265,45.83,11.34,2.5829,0.6086
39.9792,kick_low,1.9016,1.0331,1.4674,19.74,3.73,1.1081,1.9016
40.0126,backward_movement,0.9888,0.5692,0.779,21.73,23.53,0.5457,0.9888
40.046,kick_low,1.0062,1.29,1.1481,15.07,8.9,0.0366,1.0062
40.0794,backward_movement,0.7792,0.6112,0.6952,11.43,8.1,0.1651,0.7792
40.1127,guard_position,1.2969,0.151,0.724,11.37,31.52,1.2969,0.6126
40.1461,guard_position,1.102,0.1373,0.6197,13.68,19.68,1.102,0.5884
40.1795,backward_movement,1.0827,0.253,0.6679,7.07,19.15,1.0827,0.016
40.2128,guard_position,2.0418,0.5933,1.3175,38.26,29.53,2.0418,0.5563
40.2462,guard_position,1.322,0.2004,0.7612,5.41,14.09,1.322,0.7689
40.2796,guard_position,4.4825,0.3314,2.407,54.22,13.28,4.4825,0.3506
40.313,kick_low,3.5232,1.0986,2.3109,13.68,16.06,3.5232,0.2228
40.3463,guard_position,2.4151,0.4091,1.4121,42.46,54.24,1.651,2.4151
40.3797,guard_position,1.3781,0.0799,0.729,13.19,29.11,1.3781,0.7846
40.4131,kick_low,1.5403,4.1322,2.8362,12.48,101.23,1.3659,1.5403
40.4464,kick_low,1.9576,1.3985,1.6781,7.05,158.18,0.4764,1.9576
40.4798,kick_low,3.7878,1.1981,2.4929,103.29,167.22,3.7878,0.6854
40.5132,kick_low,2.3581,1.9261,2.1421,1.93,70.24,2.3581,1.6104
40.5466,kick_low,0.5615,0.9066,0.734,42.13,155.07,0.3736,0.5615
40.5799,kick_low,2.1128,1.9151,2.0139,1.36,162.19,2.1128,1.4512
40.6133,kick_low,2.3795,3.7107,3.0451,81.82,105.02,2.3795,0.5364
40.6467,kick_low,1.4431,1.5895,1.5163,3.21,109.78,1.4431,0.246
40.68,kick_low,2.294,2.5154,2.4047,22.63,57.74,1.3182,2.294
40.7134,forward_movement,1.0332,0.2811,0.6572,12.49,94.52,1.0332,0.9625
40.7468,guard_position,2.7712,0.7563,1.7637,64.41,112.7,2.7712,0.2861
40.7802,guard_position,1.9613,0.2103,1.0858,11.83,97.01,1.9613,0.507
40.8135,guard_position,1.2625,0.3819,0.8222,0.37,93.66,1.2625,0.2059
40.8469,kick_low,0.4143,2.0646,1.2395,23.54,89.51,0.3814,0.4143
40.8803,forward_movement,0.9649,0.4068,0.6859,9.96,89.22,0.9649,0.4464
40.9137,kick_low,1.2394,1.6397,1.4396,17.45,80.03,1.2394,0.7467
40.947,forward_movement,0.5283,0.5512,0.5398,15.36,84.0,0.0945,0.5283
40.9804,backward_movement,0.6773,0.4034,0.5404,21.34,64.49,0.3899,0.6773
41.0138,forward_movement,0.4429,0.2109,0.3269,16.68,44.76,0.4429,0.0372
41.0471,kick_low,0.9768,2.9675,1.9721,5.15,31.45,0.9768,0.3773
41.0805,kick_low,3.006,2.3441,2.675,78.01,113.9,3.006,1.1999
41.1139,kick_low,5.1609,1.7451,3.453,33.15,37.14,5.1609,0.4041
41.1473,kick_low,0.6068,2.0453,1.3261,34.4,33.95,0.5809,0.6068
41.1806,guard_position,0.849,0.8792,0.8641,42.36,50.63,0.6719,0.849
41.214,forward_movement,0.5664,0.195,0.3807,27.57,83.38,0.4226,0.5664
41.2474,forward_movement,0.8218,0.2408,0.5313,20.96,80.28,0.2614,0.8218
41.2807,backward_movement,0.4077,0.1975,0.3026,30.03,89.56,0.4077,0.2713
41.3141,kick_low,2.0692,2.1491,2.1092,22.84,32.33,0.4237,2.0692
41.3475,kick_low,1.202,1.8131,1.5075,10.22,80.31,0.2062,1.202
41.3809,backward_movement,0.6496,0.4652,0.5574,14.65,85.19,0.6496,0.4811
41.4142,guard_position,0.5857,0.2625,0.4241,21.56,95.85,0.5857,0.4249
41.4476,forward_movement,0.4609,0.3942,0.4276,20.27,71.31,0.1275,0.4609
41.481,guard_position,1.2385,0.1109,0.6747,33.93,97.34,0.2174,1.2385
41.5143,forward_movement,0.8398,0.1776,0.5087,43.84,83.81,0.3132,0.8398
41.5477,guard_position,0.5791,0.1438,0.3615,47.64,79.77,0.0864,0.5791
41.5811,guard_position,1.4658,0.3898,0.9278,29.92,50.67,1.1884,1.4658
41.6145,backward_movement,0.9189,0.3473,0.6331,25.23,47.72,0.3889,0.9189
41.6478,guard_position,1.3012,0.5962,0.9487,14.35,25.49,0.8517,1.3012
41.6812,forward_movement,0.6472,0.8938,0.7705,7.9,20.92,0.2875,0.6472
41.7146,guard_position,1.745,0.8853,1.3152,29.34,44.26,1.745,0.7723
41.7479,guard_position,1.8064,0.5846,1.1955,22.33,10.66,0.5754,1.8064
41.7813,guard_position,1.6815,0.8336,1.2575,9.63,20.73,1.6815,0.7897
41.8147,kick_low,1.9376,1.371,1.6543,3.3,92.44,0.7249,1.9376
41.8481,kick_low,0.7041,1.1894,0.9467,3.38,93.99,0.7041,0.2809
41.8814,kick_low,1.9681,1.4686,1.7183,28.58,91.68,1.9681,0.522
41.9148,kick_low,0.5565,0.901,0.7288,39.82,83.85,0.5565,0.1348
41.9482,backward_movement,0.5651,0.162,0.3635,45.23,80.14,0.0315,0.5651
41.9815,backward_movement,0.8278,0.508,0.6679,39.66,84.83,0.8278,0.3276
42.0149,backward_movement,1.0832,0.1817,0.6325,24.69,70.89,1.0832,0.9118
42.0483,guard_position,1.7982,0.2739,1.0361,12.06,69.68,1.7982,0.1736
42.0817,guard_position,1.609,0.3064,0.9577,36.67,76.0,1.609,0.4581
42.115,guard_position,1.6334,0.2664,0.9499,37.0,50.12,1.6334,1.1888
42.1484,guard_position,1.1763,0.2078,0.692,63.45,35.86,0.7425,1.1763
42.1818,guard_position,2.1003,0.2215,1.1609,41.27,64.87,1.326,2.1003
42.2151,guard_position,1.4341,0.1699,0.802,76.98,37.13,1.4341,1.4132
42.2485,guard_position,2.4872,0.6015,1.5443,27.17,7.47,2.4872,0.2654
42.2819,forward_movement,0.366,0.165,0.2655,20.85,11.65,0.2632,0.366
42.3153,guard_position,1.1297,0.241,0.6854,30.57,35.19,0.1259,1.1297
42.3486,guard_position,0.2923,0.3444,0.3183,36.06,24.32,0.0939,0.2923
42.382,forward_movement,0.5731,0.215,0.3941,23.91,41.17,0.5731,0.5321
42.4154,kick_low,1.2767,1.5393,1.408,50.36,9.32,1.2767,0.702
42.4487,kick_low,0.979,1.3698,1.1744,65.43,13.24,0.979,0.3193
42.4821,guard_position,1.2269,0.5666,0.8967,64.59,11.0,0.7795,1.2269
42.5155,guard_position,2.401,0.6672,1.5341,10.2,33.49,2.401,1.6125
42.5489,guard_position,0.3827,0.5506,0.4666,17.07,23.64,0.2997,0.3827
42.5822,guard_position,2.5504,0.3432,1.4468,6.88,71.08,0.7836,2.5504
42.6156,kick_low,1.801,0.9518,1.3764,6.73,56.13,0.1021,1.801
42.649,backward_movement,0.9061,0.625,0.7655,20.32,52.1,0.1855,0.9061
42.6823,forward_movement,0.371,0.284,0.3275,7.68,43.15,0.119,0.371
42.7157,guard_position,1.7658,0.2469,1.0063,12.77,75.67,0.3036,1.7658
42.7491,backward_movement,0.6903,0.1376,0.4139,9.87,45.58,0.4817,0.6903
42.7825,forward_movement,0.3054,0.1704,0.2379,3.51,59.42,0.0751,0.3054
42.8158,forward_movement,0.6659,0.5698,0.6178,15.19,16.03,0.6659,0.0826
42.8492,kick_low,1.0184,2.304,1.6612,4.45,4.22,1.0184,0.7989
42.8826,kick_low,2.1614,0.9565,1.559,47.91,1.14,2.1614,0.5706
42.916,kick_low,0.5086,1.2249,0.8667,56.79,4.11,0.2831,0.5086
42.9493,guard_position,2.7401,0.7917,1.7659,5.77,26.78,2.7401,0.6544
42.9827,backward_movement,0.5726,0.8752,0.7239,2.69,14.88,0.4857,0.5726
43.0161,kick_low,1.4796,1.4973,1.4884,6.47,93.01,0.9539,1.4796
43.0494,kick_low,1.6294,2.33,1.9797,65.36,112.27,1.6294,1.5551
43.0828,kick_low,2.5581,1.3046,1.9314,46.59,101.5,1.8259,2.5581
43.1162,kick_low,1.6083,3.0587,2.3335,38.86,87.03,1.6083,0.3163
43.1496,kick_low,2.1041,3.299,2.7015,18.57,111.61,2.1041,1.2766
43.1829,kick_low,1.659,1.0234,1.3412,13.58,97.69,0.9467,1.659
43.2163,punch_right,1.29,0.7403,1.0152,24.67,119.4,0.5168,1.29
43.2497,backward_movement,0.8526,0.6218,0.7372,45.7,65.88,0.5086,0.8526
43.283,backward_movement,0.1413,0.1184,0.1299,31.65,86.86,0.1348,0.1413
43.3164,backward_movement,0.4232,0.234,0.3286,37.66,94.51,0.153,0.4232
43.3498,guard_position,0.3152,0.2209,0.2681,34.89,87.72,0.1799,0.3152
43.3832,guard_position,0.9219,0.2401,0.581,26.03,82.25,0.9219,0.503
43.4165,kick_low,1.4033,4.1899,2.7966,19.17,64.64,1.4033,0.5885
43.4499,kick_low,0.9332,2.4191,1.6761,8.4,41.92,0.9332,0.6231
43.4833,kick_low,3.6933,3.0877,3.3905,99.82,102.91,3.1569,3.6933
43.5166,kick_low,5.5615,5.9634,5.7625,146.6,90.44,5.5615,3.4464
43.55,kick_low,11.3501,4.2539,7.802,22.46,54.41,11.3501,8.5106
43.5834,kick_low,2.7491,3.9275,3.3383,9.21,64.99,2.0564,2.7491
43.6168,kick_low,2.0109,1.1816,1.5962,20.44,25.12,0.6792,2.0109
43.6501,kick_low,0.3053,1.5064,0.9059,21.05,40.84,0.1507,0.3053
43.6835,kick_low,0.8994,1.9547,1.4271,3.24,39.86,0.8994,0.5095
43.7169,kick_low,0.7826,1.0761,0.9293,18.96,19.31,0.7826,0.6034
43.7502,kick_low,0.9476,1.653,1.3003,20.08,16.91,0.3798,0.9476
43.7836,kick_low,0.3498,1.4006,0.8752,52.45,41.72,0.3498,0.3083
43.817,kick_low,2.1839,0.9098,1.5468,91.37,25.32,2.1839,1.4517
43.8504,forward_movement,0.3941,0.2708,0.3325,90.0,20.1,0.3941,0.2247
43.8837,guard_position,2.8794,0.3517,1.6155,27.16,31.1,2.8794,1.1283
43.9171,forward_movement,0.7807,0.7955,0.7881,35.41,19.39,0.7173,0.7807
43.9505,guard_position,1.3808,0.5539,0.9673,27.24,37.95,1.3535,1.3808
43.9838,kick_low,1.2535,1.9498,1.6017,41.66,35.73,1.2535,1.0201
44.0172,kick_low,4.0772,1.572,2.8246,50.21,38.64,4.0772,0.8275
44.0506,kick_low,1.1726,3.8965,2.5346,14.23,62.39,0.8205,1.1726
44.084,kick_low,1.0656,1.7969,1.4313,37.38,52.41,1.0656,0.3702
44.1173,kick_low,0.273,1.5817,0.9273,46.73,46.35,0.273,0.2012
44.1507,backward_movement,0.4699,0.4861,0.478,51.13,58.57,0.4699,0.3373
44.1841,forward_movement,0.7912,0.8951,0.8431,62.67,66.82,0.1471,0.7912
44.2174,kick_low,1.3752,1.7656,1.5704,40.58,44.67,1.3752,0.1887
44.2508,kick_low,2.2666,1.255,1.7608,101.82,84.28,2.2666,1.0816
44.2842,kick_low,1.018,1.8701,1.444,75.2,52.09,1.018,1.0099
44.3176,kick_low,1.1457,1.1335,1.1396,59.59,97.77,0.6994,1.1457
44.3509,kick_low,0.2224,1.0668,0.6446,59.52,91.12,0.2224,0.1303
44.3843,kick_low,0.2305,1.0534,0.642,72.1,86.09,0.1521,0.2305
44.4177,kick_low,0.4758,2.2801,1.378,64.55,90.05,0.4758,0.1604
44.451,kick_low,0.1981,1.1944,0.6962,64.6,86.49,0.1981,0.1736
44.4844,kick_low,0.1286,1.1017,0.6152,66.47,92.51,0.097,0.1286
44.5178,kick_low,0.3571,1.2224,0.7898,65.21,78.94,0.3424,0.3571
44.5512,kick_low,0.6103,3.4717,2.041,60.96,71.99,0.1994,0.6103
44.5845,kick_low,0.392,5.0273,2.7097,53.3,76.66,0.392,0.3241
44.6179,forward_movement,0.6394,0.3026,0.471,47.37,68.35,0.3169,0.6394
44.6513,backward_movement,0.6325,0.3565,0.4945,39.54,39.06,0.5241,0.6325
44.6846,guard_position,2.3499,0.6151,1.4825,7.9,28.07,2.3499,0.0364
44.718,guard_position,1.9036,0.7783,1.3409,18.9,26.34,1.0438,1.9036
44.7514,kick_low,2.1898,1.166,1.6779,34.04,48.86,2.1898,0.9435
44.7848,guard_position,1.4008,0.5413,0.971,3.93,41.87,1.4008,0.5293
44.8181,kick_low,1.243,1.4474,1.3452,28.54,37.94,1.243,0.2657
44.8515,kick_low,0.3417,1.6763,1.009,29.96,23.88,0.3417,0.2592
44.8849,backward_movement,0.605,0.4581,0.5315,43.68,35.27,0.5415,0.605
44.9182,backward_movement,0.3596,0.8681,0.6138,46.53,42.84,0.1494,0.3596
44.9516,backward_movement,0.9095,0.1523,0.5309,20.21,36.01,0.9095,0.3486
44.985,forward_movement,0.3643,0.6627,0.5135,26.45,25.64,0.3643,0.2526
45.0184,guard_position,1.1527,0.531,0.8419,3.84,10.71,1.1527,0.3293
45.0517,forward_movement,0.6891,0.4674,0.5782,12.04,20.3,0.6891,0.6202
45.0851,kick_low,2.1757,1.3066,1.7411,58.47,3.52,2.1757,0.4714
45.1185,kick_low,1.7865,1.1343,1.4604,34.69,34.48,1.7865,0.5418
45.1519,kick_low,0.1224,1.784,0.9532,39.9,65.09,0.0944,0.1224
45.1852,guard_position,1.9342,0.5867,1.2605,59.71,58.69,1.9342,0.539
45.2186,kick_low,3.2836,3.7857,3.5347,10.04,55.66,3.2836,0.4845
45.252,backward_movement,0.5015,0.5563,0.5289,23.27,13.16,0.1468,0.5015
45.2853,kick_low,1.6541,2.5488,2.1014,59.49,22.19,1.6541,0.7242
45.3187,forward_movement,0.4833,0.629,0.5562,43.67,25.12,0.4833,0.0518
45.3521,guard_position,1.4919,0.367,0.9294,92.86,43.97,1.4919,1.1198
45.3855,kick_low,0.8301,1.8475,1.3388,98.22,46.64,0.8301,0.7257
45.4188,kick_low,3.7119,2.0182,2.8651,22.04,41.82,3.7119,0.3729
45.4522,kick_low,1.5349,3.8622,2.6985,49.09,70.01,1.4029,1.5349
45.4856,kick_low,2.1622,3.1728,2.6675,5.34,163.92,2.1622,1.7627
45.5189,punch_right,1.1312,0.3648,0.748,27.02,132.23,0.0955,1.1312
45.5523,kick_low,3.5536,3.1483,3.351,99.02,125.84,3.5536,0.3826
45.5857,kick_low,2.0513,2.5102,2.2807,83.38,101.12,2.0513,1.1281
45.6191,kick_low,4.9208,1.185,3.0529,31.13,27.03,1.6125,4.9208
45.6524,kick_low,1.2512,1.7178,1.4845,4.17,15.38,0.3195,1.2512
45.6858,punch_right,2.66,0.2276,1.4438,63.6,111.32,1.1203,2.66
45.7192,punch_right,6.3864,0.4197,3.4031,1.51,139.96,0.977,6.3864
45.7525,backward_movement,0.5177,0.5722,0.545,7.03,151.24,0.2693,0.5177
45.7859,guard_position,1.2526,0.1098,0.6812,27.59,130.06,1.2526,0.2785
45.8193,guard_position,2.6297,0.2509,1.4403,58.34,111.31,2.6297,0.201
45.8527,kick_low,1.5782,5.6579,3.618,55.57,99.24,1.5782,0.2732
45.886,kick_low,2.2283,3.7634,2.9958,0.66,83.98,2.2283,0.3993
45.9194,kick_low,0.8153,2.3339,1.5746,4.8,83.39,0.8153,0.5154
45.9528,kick_low,0.5334,0.954,0.7437,5.78,79.05,0.3152,0.5334
45.9861,kick_low,0.7558,1.2858,1.0208,4.58,82.45,0.5933,0.7558
46.0195,kick_low,0.2886,1.668,0.9783,5.19,86.0,0.2886,0.2211
46.0529,forward_movement,0.6481,0.8367,0.7424,0.76,66.93,0.2524,0.6481
46.0863,backward_movement,0.2997,0.2066,0.2532,1.08,49.47,0.0988,0.2997
46.1196,kick_low,0.4452,3.5641,2.0046,3.74,48.28,0.4452,0.2624
46.153,kick_low,1.1229,2.1411,1.632,8.15,18.53,0.3376,1.1229
46.1864,kick_low,1.6622,4.2308,2.9465,36.85,30.95,1.6622,0.3616
46.2197,kick_low,0.6538,4.447,2.5504,31.99,14.9,0.628,0.6538
46.2531,kick_low,0.6121,2.2554,1.4338,47.32,2.89,0.6121,0.2136
46.2865,forward_movement,0.2894,0.1903,0.2399,48.96,10.99,0.1827,0.2894
46.3199,kick_low,0.6915,2.2841,1.4878,40.23,15.84,0.0777,0.6915
46.3532,kick_low,0.5323,3.098,1.8152,58.36,12.12,0.3213,0.5323
46.3866,forward_movement,0.4997,0.807,0.6533,57.11,27.64,0.0909,0.4997
46.42,forward_movement,0.1243,0.329,0.2267,59.76,43.77,0.1044,0.1243
46.4533,kick_low,0.6147,4.7859,2.7003,51.87,50.9,0.2086,0.6147
46.4867,guard_position,1.1575,0.626,0.8918,66.73,48.14,0.8343,1.1575
46.5201,guard_position,1.3034,0.882,1.0927,21.27,64.72,1.3034,0.2914
46.5535,kick_low,0.8804,1.0776,0.979,27.19,7.72,0.3234,0.8804
46.5868,kick_low,1.8643,1.6808,1.7725,55.5,20.57,1.8643,0.3441
46.6202,kick_low,2.3066,1.4386,1.8726,15.4,8.92,2.3066,0.023
46.6536,forward_movement,0.8403,0.719,0.7797,25.61,58.58,0.7356,0.8403
46.6869,kick_low,0.6908,1.9326,1.3117,20.06,34.74,0.3704,0.6908
46.7203,kick_low,0.603,2.9466,1.7748,11.42,55.83,0.1878,0.603
46.7537,kick_low,1.4063,4.1449,2.7756,46.19,52.78,1.4063,0.5177
46.7871,kick_low,0.975,0.9697,0.9724,14.13,52.59,0.975,0.7341
46.8204,kick_low,1.0582,1.4842,1.2712,35.41,28.08,1.0582,0.1769
46.8538,kick_low,1.2554,4.7379,2.9967,62.79,33.75,1.2554,0.6078
46.8872,kick_low,2.2115,1.9435,2.0775,9.64,19.12,2.2115,0.4695
46.9205,kick_low,0.7761,1.1963,0.9862,21.75,18.37,0.7761,0.7425
46.9539,kick_low,2.0946,1.3488,1.7217,36.97,40.49,0.284,2.0946
46.9873,kick_low,1.3706,1.2126,1.2916,16.87,10.74,1.3706,0.4621
47.0207,kick_low,2.1256,2.0338,2.0797,48.87,69.14,2.1256,1.119
47.054,kick_low,1.7296,1.4608,1.5952,25.86,122.63,1.0026,1.7296
47.0874,guard_position,1.7777,0.1304,0.9541,63.73,98.08,1.7777,1.3265
47.1208,punch_right,1.71,0.238,0.974,28.23,142.55,1.094,1.71
47.1542,guard_position,1.8551,0.1961,1.0256,66.71,94.22,1.165,1.8551
47.1875,guard_position,0.8623,0.1726,0.5174,79.21,113.26,0.8276,0.8623
47.2209,guard_position,1.8902,0.2719,1.0811,31.73,94.96,1.1,1.8902
47.2543,backward_movement,0.8385,0.1656,0.5021,44.96,111.24,0.2438,0.8385
47.2876,guard_position,0.4369,0.0683,0.2526,34.82,85.98,0.2069,0.4369
47.321,backward_movement,0.4535,0.3155,0.3845,39.26,67.96,0.4249,0.4535
47.3544,backward_movement,0.6705,0.2375,0.454,43.48,58.92,0.6705,0.486
47.3878,backward_movement,0.6411,0.1755,0.4083,44.16,76.16,0.6411,0.3962
47.4211,guard_position,1.1622,0.289,0.7256,28.52,68.3,0.4257,1.1622
47.4545,guard_position,1.6255,0.8102,1.2178,7.88,66.67,1.6255,0.7114
47.4879,kick_low,1.8096,2.5915,2.2006,22.95,62.59,1.2089,1.8096
47.5212,kick_low,2.054,0.9369,1.4954,11.26,40.29,2.054,1.3009
47.5546,kick_low,1.7298,4.3008,3.0153,7.8,21.98,1.7298,0.7935
47.588,kick_low,1.7492,7.4825,4.6159,5.66,29.7,1.7492,1.0017
47.6214,guard_position,1.2477,0.7005,0.9741,33.55,44.67,1.2477,0.3131
47.6547,kick_low,0.4888,1.3309,0.9099,24.0,31.77,0.2539,0.4888
47.6881,kick_low,0.7189,1.7361,1.2275,12.67,25.3,0.7189,0.3736
47.7215,forward_movement,0.5714,0.2555,0.4134,7.33,42.05,0.5714,0.1558
47.7548,forward_movement,0.247,0.1939,0.2204,12.17,42.03,0.247,0.1043
47.7882,forward_movement,0.167,0.1529,0.1599,25.56,12.99,0.167,0.0818
47.8216,kick_low,0.3771,3.6912,2.0342,17.6,10.76,0.3771,0.0696
47.855,kick_low,0.6648,2.177,1.4209,16.67,27.57,0.6648,0.2947
47.8883,kick_low,0.9019,0.9067,0.9043,28.01,52.83,0.4121,0.9019
47.9217,forward_movement,0.3995,0.5277,0.4636,37.0,35.51,0.1639,0.3995
47.9551,forward_movement,0.8146,0.493,0.6538,25.19,35.39,0.8146,0.1556
47.9884,backward_movement,0.8304,0.249,0.5397,9.64,47.98,0.5861,0.8304
48.0218,kick_low,0.8648,2.9285,1.8967,20.18,66.83,0.8648,0.4927
48.0552,kick_low,0.2462,1.2429,0.7445,2.78,59.77,0.1592,0.2462
48.0886,kick_low,1.1036,1.5239,1.3138,24.54,70.07,1.1036,0.6
48.1219,kick_low,1.2259,1.4271,1.3265,13.04,74.25,1.2259,0.2138
48.1553,kick_low,0.171,0.9018,0.5364,9.66,57.98,0.1401,0.171
48.1887,kick_low,1.3067,2.4642,1.8854,11.56,31.03,0.241,1.3067
48.222,kick_low,0.9296,0.9892,0.9594,9.78,39.73,0.9296,0.5759
48.2554,backward_movement,0.8293,0.5466,0.688,13.6,42.92,0.8293,0.2997
48.2888,backward_movement,0.5222,0.1737,0.3479,15.74,59.6,0.3101,0.5222
48.3222,kick_low,0.6226,1.3452,0.9839,16.96,41.56,0.1241,0.6226
48.3555,kick_low,0.9792,2.0062,1.4927,4.06,38.17,0.9792,0.9667
48.3889,guard_position,1.5676,0.8683,1.218,9.36,46.03,0.5648,1.5676
48.4223,kick_low,0.6618,1.5665,1.1142,2.67,16.51,0.2802,0.6618
48.4556,backward_movement,0.1733,0.1944,0.1839,2.31,27.91,0.1733,0.1387
48.489,guard_position,1.4486,0.3509,0.8998,31.96,39.29,1.4486,0.2505
48.5224,backward_movement,0.9261,0.6757,0.8009,2.97,34.34,0.9261,0.2515
48.5558,guard_position,0.9197,0.1602,0.5399,15.42,10.75,0.4916,0.9197
48.5891,kick_low,0.4254,1.8906,1.158,2.86,28.44,0.4254,0.256
48.6225,guard_position,1.8847,0.8999,1.3923,52.47,33.18,1.8847,0.6268
48.6559,kick_low,2.2877,2.6394,2.4635,3.49,37.55,2.2877,0.2268
48.6892,forward_movement,0.6974,0.4834,0.5904,14.1,17.04,0.6974,0.0691
48.7226,backward_movement,0.3412,0.5358,0.4385,11.82,18.32,0.3412,0.2071
48.756,kick_low,0.5349,0.9398,0.7373,25.92,9.43,0.3926,0.5349
48.7894,kick_low,0.6172,0.9237,0.7705,15.92,32.43,0.4204,0.6172
48.8227,kick_low,0.5606,1.6442,1.1024,14.15,3.2,0.2826,0.5606
48.8561,backward_movement,0.6399,0.7853,0.7126,1.85,9.82,0.6399,0.57
48.8895,kick_low,1.7147,2.1603,1.9375,45.12,11.31,1.7147,0.5225
48.9228,kick_low,0.6791,1.4037,1.0414,34.61,21.71,0.6791,0.2822
48.9562,guard_position,2.5821,0.6375,1.6098,14.29,60.41,2.5821,0.5062
48.9896,backward_movement,0.9544,0.4001,0.6773,25.87,67.57,0.9488,0.9544
49.023,backward_movement,0.8763,0.3968,0.6366,31.77,93.11,0.8763,0.6687
49.0563,guard_position,0.8957,0.3407,0.6182,41.43,92.07,0.2118,0.8957
49.0897,backward_movement,0.7589,0.3174,0.5382,39.82,90.78,0.3049,0.7589
49.1231,backward_movement,0.3154,0.4415,0.3784,43.91,82.86,0.2986,0.3154
49.1565,backward_movement,0.3146,0.3186,0.3166,40.78,76.12,0.1317,0.3146
49.1898,backward_movement,0.7561,0.2483,0.5022,35.27,81.33,0.7561,0.1442
49.2232,backward_movement,0.5567,0.1686,0.3627,40.97,77.32,0.2548,0.5567
49.2566,guard_position,1.5962,0.2286,0.9124,3.93,65.29,1.5962,0.8537
49.2899,guard_position,0.7431,0.2661,0.5046,6.21,53.77,0.7431,0.4391
49.3233,forward_movement,0.7978,0.2253,0.5116,18.14,65.82,0.1626,0.7978
49.3567,backward_movement,0.4877,0.384,0.4359,21.95,61.51,0.4877,0.3273
49.3901,guard_position,1.9199,0.2235,1.0717,65.0,35.27,1.9199,0.6684
49.4234,forward_movement,0.9503,0.3659,0.6581,53.64,11.23,0.9503,0.2842
49.4568,forward_movement,0.8355,0.2238,0.5296,56.92,26.43,0.8355,0.3003
49.4902,kick_low,0.4849,4.0102,2.2475,52.48,8.17,0.4849,0.1575
49.5235,kick_low,0.5784,3.5619,2.0701,49.75,22.89,0.5784,0.3818
49.5569,kick_low,1.1627,1.9658,1.5643,16.15,0.51,1.1627,0.3836
49.5903,forward_movement,0.3816,0.1117,0.2466,44.2,13.71,0.3816,0.3501
49.6237,kick_low,1.1962,2.1035,1.6499,2.56,3.34,1.1962,0.5865
49.657,kick_low,0.7027,2.6502,1.6765,7.28,5.92,0.7027,0.0702
49.6904,kick_low,0.457,3.8291,2.1431,6.35,9.52,0.4527,0.457
49.7238,kick_low,0.5279,2.5117,1.5198,6.08,5.07,0.5279,0.3613
49.7571,kick_low,0.8288,2.3856,1.6072,34.84,5.51,0.5609,0.8288
49.7905,guard_position,1.5015,0.8047,1.1531,3.73,10.19,1.5015,1.3845
49.8239,kick_low,1.0784,3.116,2.0972,16.56,11.92,1.0784,0.6327
49.8573,kick_low,1.1823,2.9615,2.0719,0.45,48.02,1.1823,0.9407
49.8906,kick_low,2.2923,0.9471,1.6197,69.79,173.27,2.2923,1.5447
49.924,kick_low,1.1483,2.2912,1.7198,34.78,170.41,1.1483,0.1842
49.9574,kick_low,0.9767,0.9824,0.9795,27.57,177.57,0.3222,0.9767
49.9907,kick_low,1.0235,2.7471,1.8853,11.89,159.38,1.0235,0.4458
50.0241,kick_low,1.5968,2.6269,2.1118,19.0,150.73,1.5968,0.6035
50.0575,kick_low,2.7518,1.8207,2.2863,2.42,6.78,1.5488,2.7518
50.0909,kick_low,5.2061,2.2363,3.7212,12.7,37.7,0.9938,5.2061
50.1242,kick_low,5.2834,1.6556,3.4695,20.74,92.17,0.4564,5.2834
50.1576,kick_low,2.7921,2.0698,2.431,28.57,130.38,2.7921,0.4423
50.191,kick_low,1.747,1.9486,1.8478,8.7,121.68,1.747,0.5991
50.2243,kick_low,0.6833,1.0511,0.8672,4.54,110.01,0.5859,0.6833
50.2577,backward_movement,0.551,0.4688,0.5099,15.25,110.47,0.5252,0.551
50.2911,kick_low,1.3148,1.0571,1.186,10.55,112.8,1.3148,0.3977
50.3245,backward_movement,0.6087,0.8298,0.7193,19.07,104.09,0.4203,0.6087
50.3578,kick_low,1.4667,1.5567,1.5117,18.97,79.81,1.4667,0.6261
50.3912,kick_low,0.5472,2.0848,1.316,5.94,62.19,0.399,0.5472
50.4246,kick_low,0.9924,1.4652,1.2288,35.67,55.72,0.9924,0.6555
50.4579,kick_low,0.7391,1.6038,1.1715,38.65,46.55,0.2947,0.7391
50.4913,kick_low,0.6012,2.7078,1.6545,41.79,10.15,0.3607,0.6012
50.5247,kick_low,0.423,1.1095,0.7663,37.94,14.27,0.423,0.0903
50.5581,forward_movement,0.3051,0.491,0.398,33.72,64.39,0.0904,0.3051
50.5914,backward_movement,0.5051,0.4735,0.4893,5.2,21.7,0.5051,0.0949
50.6248,kick_low,0.81,1.5045,1.1572,33.94,63.66,0.81,0.0172
50.6582,kick_low,0.9529,2.5519,1.7524,1.35,7.89,0.9529,0.1197
50.6915,kick_low,0.347,2.6072,1.4771,17.08,45.91,0.3012,0.347
50.7249,kick_low,0.1941,2.5864,1.3903,11.24,40.86,0.1941,0.0235
50.7583,guard_position,1.4695,0.7748,1.1221,49.93,45.42,1.4695,0.1388
50.7917,kick_low,0.9934,1.978,1.4857,40.09,39.42,0.9934,0.1574
50.825,kick_low,0.6328,0.9899,0.8114,50.56,19.85,0.6328,0.2363
50.8584,kick_low,0.3579,1.7608,1.0594,49.03,63.76,0.1967,0.3579
50.8918,forward_movement,0.8822,0.5316,0.7069,31.77,67.16,0.8822,0.2823
50.9251,kick_low,0.2768,2.1305,1.2037,30.36,50.17,0.2768,0.2618
50.9585,kick_low,0.3699,2.1165,1.2432,34.53,63.43,0.3699,0.1068
50.9919,kick_low,0.4858,2.1053,1.2955,43.02,48.29,0.3151,0.4858
51.0253,kick_low,0.644,2.5916,1.6178,23.36,47.89,0.644,0.0777
51.0586,forward_movement,0.3061,0.7031,0.5046,32.02,74.36,0.3061,0.2888
51.092,backward_movement,0.8318,0.1603,0.496,48.1,36.57,0.8318,0.2221
51.1254,guard_position,1.6183,0.6745,1.1464,6.82,32.04,1.6183,0.1771
51.1587,guard_position,1.5454,0.5097,1.0275,44.45,34.55,1.5454,0.0983
51.1921,kick_low,0.5137,1.9966,1.2551,30.43,20.92,0.5137,0.2964
51.2255,kick_low,0.5546,2.3202,1.4374,15.14,43.93,0.5546,0.1816
51.2589,kick_low,2.0356,0.9269,1.4812,54.9,33.63,2.0356,0.1457
51.2922,kick_low,2.0149,1.5732,1.794,1.9,39.85,2.0149,0.244
51.3256,kick_low,1.0455,1.3625,1.204,16.45,22.32,0.3964,1.0455
51.359,kick_low,0.7663,3.9437,2.355,24.9,40.36,0.7663,0.4765
51.3924,kick_low,1.2726,3.3553,2.314,5.66,23.87,1.2726,0.8156
51.4257,guard_position,1.3143,0.8779,1.0961,3.12,30.67,0.9148,1.3143
51.4591,kick_low,1.471,2.173,1.822,18.41,7.52,1.1769,1.471
51.4925,kick_low,2.0325,0.98,1.5063,9.76,35.13,1.2863,2.0325
51.5258,kick_low,1.489,1.0642,1.2766,17.63,34.63,1.489,0.2501
51.5592,kick_low,0.3694,4.0088,2.1891,17.42,34.72,0.1714,0.3694
51.5926,kick_low,0.5188,1.7076,1.1132,16.04,52.12,0.4595,0.5188
51.626,backward_movement,0.6983,0.6257,0.662,31.5,63.27,0.5701,0.6983
51.6593,backward_movement,0.6891,0.1511,0.4201,42.61,69.87,0.6891,0.1923
51.6927,backward_movement,0.1733,0.3869,0.2801,41.51,73.12,0.1733,0.1458
51.7261,backward_movement,0.3807,0.2158,0.2983,38.85,74.33,0.3807,0.0941
51.7594,forward_movement,0.1578,0.1251,0.1414,36.55,63.2,0.1578,0.1301
51.7928,backward_movement,0.9855,0.3314,0.6585,19.5,61.86,0.9855,0.2738
51.8262,guard_position,1.1164,0.1509,0.6336,21.28,48.38,1.1164,0.6935
51.8596,backward_movement,0.211,0.2768,0.2439,21.82,57.26,0.211,0.1585
51.8929,guard_position,2.6471,0.2702,1.4586,11.33,46.91,2.6471,0.4431
51.9263,guard_position,1.9067,0.386,1.1464,4.26,37.09,1.9067,0.4415
51.9597,forward_movement,0.2985,0.0932,0.1959,4.9,25.38,0.2985,0.2153
51.993,forward_movement,0.8269,0.1863,0.5066,12.49,32.47,0.3993,0.8269
52.0264,kick_low,0.4601,3.9624,2.2112,12.18,28.75,0.414,0.4601
52.0598,forward_movement,0.8227,0.5872,0.7049,31.95,23.21,0.8227,0.1387
52.0932,guard_position,1.2465,0.5828,0.9146,10.91,6.09,1.2465,0.1702
52.1265,kick_low,1.2836,1.3715,1.3276,42.59,17.97,1.2836,0.5373
52.1599,forward_movement,1.0176,0.6622,0.8399,22.18,16.95,1.0176,0.3811
52.1933,kick_low,0.4114,4.5183,2.4648,34.09,8.05,0.4114,0.3519
52.2266,kick_low,0.9373,3.967,2.4522,5.79,63.14,0.9373,0.2533
52.26,kick_low,1.697,4.8634,3.2802,44.02,5.72,1.697,0.4059
52.2934,kick_low,1.0378,2.6189,1.8283,62.46,18.09,0.47,1.0378
52.3268,kick_low,1.4126,1.6332,1.5229,38.08,29.78,1.4126,0.234
52.3601,kick_low,0.8622,1.5035,1.1829,39.94,43.3,0.6483,0.8622
52.3935,kick_low,1.3193,5.7381,3.5287,5.51,61.97,1.3193,1.1052
52.4269,kick_low,0.5313,5.2877,2.9095,2.9,62.65,0.5313,0.226
52.4602,forward_movement,0.3982,0.6716,0.5349,17.95,62.36,0.3659,0.3982
52.4936,kick_low,1.4621,4.3683,2.9152,5.71,72.52,0.4321,1.4621
52.527,kick_low,1.0446,3.7853,2.4149,12.18,66.2,1.0446,0.4332
52.5604,kick_low,1.0776,1.198,1.1378,29.82,96.88,1.0776,0.9627
52.5937,kick_low,1.5963,0.943,1.2697,10.49,163.7,1.2046,1.5963
52.6271,kick_low,2.0965,1.0951,1.5958,50.63,177.09,2.0965,0.2003
52.6605,kick_low,2.3848,0.9066,1.6457,8.83,176.76,2.3848,2.079
52.6938,guard_position,0.9873,0.6814,0.8344,0.12,178.88,0.3942,0.9873
52.7272,punch_right,1.6073,0.3463,0.9768,6.41,108.22,0.3898,1.6073
52.7606,punch_right,1.291,0.4311,0.8611,14.12,141.05,0.6232,1.291
52.794,kick_low,5.2789,1.2435,3.2612,35.69,173.04,5.2789,3.7512
52.8273,kick_low,4.5587,1.3207,2.9397,44.22,170.3,4.5587,0.6505
52.8607,guard_position,0.6562,0.1801,0.4181,69.27,168.3,0.6562,0.4216
52.8941,backward_movement,0.6161,0.0448,0.3304,63.45,151.44,0.042,0.6161
52.9274,kick_low,1.6269,3.8467,2.7368,44.14,153.85,0.4811,1.6269
52.9608,kick_low,0.373,1.2749,0.824,33.16,127.92,0.2105,0.373
52.9942,backward_movement,0.5394,0.6644,0.6019,26.5,120.52,0.4618,0.5394
53.0276,kick_low,0.461,2.5289,1.4949,18.63,109.65,0.2358,0.461
53.0609,kick_low,0.989,0.912,0.9505,0.81,102.81,0.989,0.6753
53.0943,kick_low,1.0027,1.7404,1.3715,37.49,94.99,0.8032,1.0027
53.1277,kick_low,0.6276,1.169,0.8983,23.44,96.9,0.5918,0.6276
53.161,guard_position,1.1011,0.7789,0.94,26.62,73.95,0.4352,1.1011
53.1944,kick_low,1.8221,3.0244,2.4233,33.8,42.9,1.8221,1.2443
53.2278,kick_low,0.8669,3.3292,2.0981,8.3,31.36,0.8669,0.5488
53.2612,backward_movement,0.4775,0.6638,0.5706,3.31,25.51,0.4775,0.2292
53.2945,forward_movement,0.4536,0.7875,0.6206,7.15,15.34,0.2892,0.4536
53.3279,kick_low,0.6329,2.2785,1.4557,4.15,17.66,0.139,0.6329
53.3613,kick_low,1.9359,2.7274,2.3317,50.16,52.28,1.9359,0.4701
53.3947,kick_low,2.0465,3.2206,2.6335,2.92,38.66,2.0465,0.459
53.428,kick_low,4.796,5.7427,5.2694,99.51,35.88,4.796,0.5436
53.4614,kick_low,0.86,3.9346,2.3973,123.78,23.8,0.86,0.5407
53.4948,backward_movement,0.365,0.389,0.377,135.96,7.02,0.179,0.365
53.5281,guard_position,1.5723,0.8703,1.2213,25.97,12.21,1.5723,0.5811
53.5615,guard_position,4.3029,0.4077,2.3553,13.52,9.84,4.3029,0.3536
53.5949,guard_position,3.7995,0.6084,2.204,91.81,5.87,3.7995,0.5615
53.6283,kick_low,3.2165,2.5689,2.8927,67.2,76.89,0.671,3.2165
53.6616,kick_low,1.3216,1.5214,1.4215,51.59,108.97,0.6253,1.3216
53.695,kick_low,1.3815,1.3906,1.3861,52.57,153.28,1.1889,1.3815
53.7284,kick_low,1.7541,1.6979,1.726,78.63,166.71,0.2648,1.7541
53.7617,kick_low,0.9817,3.0131,1.9974,44.54,165.44,0.9817,0.2868
53.7951,kick_low,6.027,2.8849,4.456,37.34,9.98,0.972,6.027
53.8285,kick_low,2.7091,2.185,2.447,4.19,6.47,1.1425,2.7091
53.8619,kick_low,1.5457,1.042,1.2938,33.63,41.66,1.5457,0.158
53.8952,kick_low,0.8316,1.3052,1.0684,54.81,33.27,0.6793,0.8316
53.9286,punch_left,1.1221,0.4502,0.7862,140.71,31.89,1.1221,0.7047
53.962,kick_low,0.6271,2.9566,1.7919,154.8,2.88,0.6271,0.553
53.9953,backward_movement,0.6404,0.5115,0.5759,135.01,20.36,0.6027,0.6404
54.0287,kick_low,1.5736,1.908,1.7408,11.29,41.06,1.5736,0.1418
54.0621,kick_low,1.4675,0.9694,1.2184,70.32,32.97,1.0438,1.4675
54.0955,guard_position,1.2963,0.4591,0.8777,44.08,65.7,1.0491,1.2963
54.1288,guard_position,2.1743,0.2957,1.235,29.17,9.9,0.9986,2.1743
54.1622,punch_right,3.0303,0.2907,1.6605,41.89,158.13,0.8824,3.0303
54.1956,punch_right,4.4084,0.7327,2.5706,37.18,177.51,0.3025,4.4084
54.2289,punch_right,1.365,0.2984,0.8317,30.02,162.67,0.3108,1.365
54.2623,guard_position,2.6076,0.4774,1.5425,30.49,75.64,0.5764,2.6076
54.2957,kick_low,0.9859,1.8824,1.4342,13.6,51.22,0.7455,0.9859
54.3291,guard_position,1.1784,0.2733,0.7259,17.12,45.68,0.3991,1.1784
54.3624,forward_movement,1.0367,0.5068,0.7717,29.32,3.43,1.0367,0.8289
54.3958,backward_movement,0.9146,0.5364,0.7255,9.94,1.09,0.6828,0.9146
54.4292,forward_movement,0.3856,0.2655,0.3255,2.74,21.54,0.3856,0.2971
54.4625,backward_movement,0.9803,0.8856,0.933,11.4,34.72,0.514,0.9803
54.4959,backward_movement,0.4858,0.6104,0.5481,12.2,50.4,0.057,0.4858
54.5293,backward_movement,0.777,0.4589,0.618,24.04,25.35,0.777,0.3198
54.5627,kick_low,1.2736,2.5988,1.9362,46.89,28.03,1.2736,0.0092
54.596,kick_low,0.824,2.8664,1.8452,50.72,51.68,0.824,0.5882
54.6294,kick_low,0.593,1.1874,0.8902,40.35,41.44,0.593,0.2447
54.6628,kick_low,0.2601,1.637,0.9485,35.95,22.63,0.212,0.2601
54.6961,forward_movement,0.2948,0.6966,0.4957,32.06,19.66,0.2948,0.1437
54.7295,kick_low,0.2824,1.4296,0.856,42.0,35.51,0.1406,0.2824
54.7629,guard_position,1.3397,0.2686,0.8041,37.29,25.91,1.3397,0.3987
54.7963,kick_low,2.2239,1.1342,1.6791,21.44,64.23,2.2239,0.3383
54.8296,guard_position,1.7063,0.7824,1.2443,1.25,59.67,1.7063,0.1698
54.863,kick_low,0.6238,2.832,1.7279,9.49,31.46,0.6238,0.6153
54.8964,forward_movement,1.0367,0.4409,0.7388,0.27,2.85,0.8903,1.0367
54.9297,kick_low,1.4341,3.4321,2.4331,37.5,4.22,1.4341,1.1165
54.9631,kick_low,1.895,1.2042,1.5496,0.75,32.02,1.895,1.0855
54.9965,guard_position,1.6185,0.8339,1.2262,6.69,53.33,0.6008,1.6185
55.0299,kick_low,2.7146,3.2207,2.9677,22.1,157.08,1.0801,2.7146
55.0632,forward_movement,1.0586,0.3575,0.7081,5.31,170.62,0.7711,1.0586
55.0966,forward_movement,0.7848,0.7744,0.7796,0.15,165.64,0.7848,0.1846
55.13,backward_movement,0.7613,0.4688,0.615,9.3,157.16,0.7613,0.2331
55.1633,forward_movement,0.8374,0.1833,0.5103,34.71,129.85,0.8374,0.3892
55.1967,backward_movement,0.6979,0.2254,0.4616,49.48,103.23,0.6979,0.0373
55.2301,guard_position,5.3512,0.0886,2.7199,42.66,75.55,0.7668,5.3512
55.2635,guard_position,2.1603,0.3954,1.2779,65.22,103.4,1.069,2.1603
55.2968,guard_position,1.1999,0.205,0.7025,82.97,89.33,0.415,1.1999
55.3302,forward_movement,0.7322,0.2343,0.4832,107.57,69.16,0.5699,0.7322
55.3636,guard_position,1.0261,0.2864,0.6563,66.39,62.56,1.0261,0.0898
55.397,punch_left,2.2584,0.4168,1.3376,121.29,61.56,2.2584,0.4695
55.4303,guard_position,1.4352,0.661,1.0481,100.49,38.68,0.4191,1.4352
55.4637,guard_position,1.3488,0.5288,0.9388,80.72,0.16,1.3488,0.6943
55.4971,guard_position,1.0649,0.4236,0.7442,60.54,13.16,1.0649,0.4791
55.5304,guard_position,1.1507,0.3202,0.7355,29.46,13.15,1.1507,0.7183
55.5638,forward_movement,0.6909,0.8139,0.7524,3.04,8.76,0.5134,0.6909
55.5972,guard_position,1.2449,0.411,0.828,35.25,27.13,1.2449,0.1359
55.6306,guard_position,1.1741,0.697,0.9356,16.65,0.81,1.1741,0.9255
55.6639,guard_position,1.104,0.1752,0.6396,24.44,32.74,0.4119,1.104
55.6973,kick_low,1.534,1.1858,1.3599,4.96,2.0,1.534,0.2278
55.7307,forward_movement,0.9433,0.1892,0.5663,10.16,7.28,0.9433,0.7403
55.764,kick_low,1.2796,1.6382,1.4589,33.15,10.57,1.2796,1.2169
55.7974,kick_low,0.676,2.6714,1.6737,25.27,41.0,0.676,0.6271
55.8308,kick_low,2.7548,3.6759,3.2153,8.62,42.59,2.7548,1.7815
55.8642,kick_low,1.4553,2.9842,2.2198,16.44,57.24,1.4553,0.8291
55.8975,kick_low,0.4417,1.6475,1.0446,28.11,61.59,0.4417,0.2414
55.9309,forward_movement,0.2521,0.4089,0.3305,21.88,64.02,0.2521,0.1807
55.9643,kick_low,1.3117,1.0662,1.1889,18.98,60.61,1.3117,0.3883
55.9976,guard_position,2.3105,0.359,1.3348,63.58,23.81,2.3105,1.3247
56.031,kick_low,2.6792,2.0421,2.3606,17.76,67.77,2.6792,1.7427
56.0644,guard_position,2.6337,0.3961,1.5149,29.77,74.3,2.6337,0.5274
56.0978,backward_movement,0.6483,0.8893,0.7688,42.33,63.3,0.55,0.6483
56.1311,backward_movement,0.8696,0.6188,0.7442,30.54,51.31,0.8696,0.6509
56.1645,backward_movement,1.0928,0.1876,0.6402,8.83,54.55,1.0928,0.1055
56.1979,guard_position,0.7878,0.4358,0.6118,21.04,63.17,0.7878,0.1765
56.2312,backward_movement,1.0299,0.3499,0.6899,10.44,71.43,1.0299,0.3252
56.2646,backward_movement,1.0151,0.4748,0.7449,0.26,66.48,1.0151,0.3253
56.298,backward_movement,0.5192,0.5086,0.5139,2.02,60.21,0.4474,0.5192
56.3314,backward_movement,0.78,0.2113,0.4957,5.44,51.21,0.343,0.78
56.3647,kick_low,0.3005,2.4983,1.3994,3.86,60.63,0.1568,0.3005
56.3981,backward_movement,0.8279,0.42,0.624,17.27,55.66,0.8279,0.4133
56.4315,kick_low,0.6287,1.9902,1.3094,28.18,41.5,0.6287,0.4045
56.4648,backward_movement,0.7311,0.5169,0.624,8.23,47.55,0.7311,0.1091
56.4982,guard_position,0.3946,0.1274,0.261,2.06,42.79,0.3946,0.1565
56.5316,backward_movement,0.7105,0.5939,0.6522,12.47,66.13,0.399,0.7105
56.565,kick_low,0.1066,2.1055,1.106,10.88,73.09,0.0747,0.1066
56.5983,kick_low,0.4419,1.3337,0.8878,6.42,78.75,0.1095,0.4419
56.6317,forward_movement,0.2207,0.4655,0.3431,7.77,76.37,0.2207,0.1953
56.6651,kick_low,0.5358,1.1291,0.8325,11.74,66.89,0.3073,0.5358
56.6984,forward_movement,0.5713,0.5471,0.5592,10.36,27.67,0.3581,0.5713
56.7318,guard_position,1.2396,0.2851,0.7624,28.46,8.82,0.7585,1.2396
56.7652,backward_movement,0.512,0.1904,0.3512,45.14,28.06,0.512,0.1773
56.7986,punch_right,1.6437,0.1783,0.911,38.91,169.8,0.7772,1.6437
56.8319,forward_movement,0.6379,0.6177,0.6278,8.07,18.96,0.6379,0.6221
56.8653,kick_low,0.5047,1.5104,1.0075,19.46,176.09,0.1193,0.5047
56.8987,kick_low,1.4727,2.5987,2.0357,35.26,177.41,1.4727,0.843
56.932,kick_low,3.3695,1.6038,2.4866,0.67,88.32,2.4513,3.3695
56.9654,punch_right,1.1496,0.513,0.8313,6.66,117.91,0.6201,1.1496
56.9988,guard_position,1.2368,0.596,0.9164,26.85,83.96,0.3987,1.2368
57.0322,guard_position,1.2696,0.1258,0.6977,40.71,101.35,0.465,1.2696
57.0655,backward_movement,0.2563,0.2417,0.249,37.87,117.24,0.2209,0.2563
57.0989,guard_position,1.3749,0.2946,0.8347,43.06,99.56,0.5599,1.3749
57.1323,guard_position,0.75,0.3777,0.5638,38.2,87.65,0.75,0.3731
57.1656,backward_movement,1.0127,0.3947,0.7037,15.02,98.86,1.0127,0.3838
57.199,backward_movement,0.2915,0.2048,0.2481,8.13,98.7,0.2915,0.2862
57.2324,backward_movement,0.3938,0.2851,0.3395,13.92,86.99,0.2206,0.3938
57.2658,backward_movement,0.993,0.4927,0.7428,6.14,81.23,0.993,0.3734
57.2991,guard_position,0.7385,0.0953,0.4169,10.5,63.01,0.7385,0.255
57.3325,forward_movement,0.2852,0.093,0.1891,17.26,50.39,0.2852,0.2509
57.3659,guard_position,1.1133,0.4123,0.7628,5.51,58.42,1.1133,0.1107
57.3992,guard_position,2.0087,0.7285,1.3686,31.66,66.02,2.0087,0.0657
57.4326,guard_position,1.2579,0.4455,0.8517,19.17,33.81,1.2579,0.2671
57.466,kick_low,0.7908,1.0526,0.9217,36.14,34.66,0.7908,0.6599
57.4994,kick_low,0.4425,2.0082,1.2253,32.52,16.94,0.4425,0.3254
57.5327,forward_movement,0.5743,0.6055,0.5899,52.35,48.56,0.4929,0.5743
57.5661,kick_low,4.3387,1.1384,2.7385,32.86,58.27,4.3387,1.3187
57.5995,kick_low,1.4147,2.4091,1.9119,4.76,30.04,1.1205,1.4147
57.6329,backward_movement,0.8114,0.8158,0.8136,13.51,46.76,0.3645,0.8114
57.6662,backward_movement,0.7757,0.5033,0.6395,28.21,82.27,0.283,0.7757
57.6996,backward_movement,0.3893,0.4483,0.4188,47.32,80.28,0.1351,0.3893
57.733,forward_movement,0.6303,0.1818,0.406,56.45,59.07,0.4073,0.6303
57.7663,backward_movement,0.8421,0.1928,0.5174,48.95,45.31,0.5795,0.8421
57.7997,kick_low,0.8746,1.0246,0.9496,37.04,73.13,0.6457,0.8746
57.8331,guard_position,2.5202,0.0644,1.2923,26.9,10.94,0.7133,2.5202
57.8665,backward_movement,0.9222,0.0893,0.5058,6.15,27.78,0.9222,0.8173
57.8998,backward_movement,0.5537,0.2539,0.4038,3.71,74.0,0.5537,0.234
57.9332,forward_movement,0.621,0.3112,0.4661,0.76,75.53,0.621,0.2839
57.9666,backward_movement,0.5253,0.3031,0.4142,26.76,59.72,0.5253,0.2258
57.9999,backward_movement,1.0358,0.1386,0.5872,32.83,56.39,0.2331,1.0358
58.0333,kick_low,0.9424,1.022,0.9822,15.58,74.97,0.9424,0.0751
58.0667,kick_low,0.787,0.963,0.875,12.94,68.0,0.787,0.0648
58.1001,guard_position,1.4243,0.8382,1.1312,7.14,72.4,1.4243,0.4656
58.1334,forward_movement,0.5122,0.2395,0.3759,3.3,42.96,0.3775,0.5122
58.1668,kick_low,0.9327,1.5387,1.2357,2.7,42.8,0.4399,0.9327
58.2002,kick_low,1.6713,1.9525,1.8119,35.78,53.48,1.6713,0.3774
58.2335,forward_movement,0.6954,0.477,0.5862,36.76,24.94,0.173,0.6954
58.2669,guard_position,1.0677,0.1088,0.5883,57.3,35.17,0.7071,1.0677
58.3003,guard_position,1.3948,0.148,0.7714,73.91,1.21,0.7174,1.3948
58.3337,forward_movement,0.8643,0.7323,0.7983,65.09,21.6,0.8021,0.8643
58.367,forward_movement,1.0054,0.1678,0.5866,67.06,27.83,1.0054,0.4995
58.4004,guard_position,1.9437,0.2704,1.107,40.47,5.54,1.9437,0.7984
58.4338,forward_movement,0.5713,0.2541,0.4127,40.33,8.58,0.5713,0.1945
58.4671,kick_low,0.4295,0.9966,0.713,50.83,21.65,0.3764,0.4295
58.5005,kick_low,2.5664,3.0924,2.8294,4.38,11.68,2.5664,0.8973
58.5339,kick_low,0.3978,1.3361,0.867,9.37,32.34,0.1536,0.3978
58.5673,kick_low,0.5191,1.96,1.2395,15.52,20.66,0.1569,0.5191
58.6006,kick_low,1.1226,1.4127,1.2676,0.83,28.24,1.1226,0.8571
58.634,kick_low,0.2684,3.0795,1.674,6.24,35.91,0.0986,0.2684
58.6674,kick_low,0.7718,1.3535,1.0626,7.55,19.55,0.7718,0.1817
58.7007,kick_low,1.3175,1.7273,1.5224,0.02,16.39,0.2796,1.3175
58.7341,kick_low,0.7014,1.4436,1.0725,2.46,15.73,0.7014,0.5183
58.7675,forward_movement,0.869,0.6355,0.7523,14.88,37.28,0.869,0.1081
58.8009,kick_low,2.5242,1.5575,2.0408,101.29,45.89,2.5242,0.1573
58.8342,kick_low,1.9092,1.7708,1.84,2.68,0.43,1.9092,0.5031
58.8676,forward_movement,0.6355,0.2836,0.4596,11.47,26.99,0.6355,0.499
58.901,kick_low,1.393,1.9489,1.671,74.37,12.76,0.8062,1.393
58.9343,kick_low,0.5249,2.2924,1.4086,17.6,6.37,0.3227,0.5249
58.9677,kick_low,0.8185,1.5716,1.1951,19.91,2.55,0.3975,0.8185
59.0011,kick_low,2.1051,0.9112,1.5081,33.89,12.95,2.1051,1.7183
59.0345,kick_low,1.2387,2.3692,1.8039,46.81,32.22,1.2387,0.028
59.0678,guard_position,1.1372,0.2847,0.711,82.01,57.46,1.1372,0.7701
59.1012,guard_position,1.9345,0.374,1.1543,42.43,55.52,1.9345,1.0148
59.1346,guard_position,2.0235,0.4413,1.2324,32.25,16.77,0.3814,2.0235
59.1679,forward_movement,0.7524,0.4123,0.5824,9.96,8.8,0.6059,0.7524
59.2013,guard_position,1.3762,0.0828,0.7295,8.29,11.23,0.192,1.3762
59.2347,backward_movement,0.6447,0.2158,0.4303,10.09,1.98,0.6447,0.3185
59.2681,backward_movement,0.618,0.2731,0.4455,10.94,31.58,0.618,0.509
59.3014,backward_movement,0.3883,0.2564,0.3223,11.93,60.68,0.3496,0.3883
59.3348,guard_position,1.159,0.8318,0.9954,19.32,70.16,1.159,0.2458
59.3682,guard_position,1.4958,0.6113,1.0536,21.14,68.4,1.4958,0.0512
59.4015,kick_low,0.4427,1.1115,0.7771,35.67,63.35,0.4427,0.2284
59.4349,kick_low,0.5613,1.1744,0.8678,53.18,55.25,0.5613,0.2197
59.4683,kick_low,1.2985,2.3115,1.805,48.78,80.64,0.2799,1.2985
59.5017,kick_low,2.0365,2.1203,2.0784,0.07,24.12,2.0365,1.1346
59.535,guard_position,0.2162,0.5852,0.4007,9.14,24.14,0.0601,0.2162
59.5684,backward_movement,0.4712,0.6324,0.5518,22.62,20.57,0.2217,0.4712
59.6018,guard_position,1.1998,0.1952,0.6975,32.22,2.07,0.8788,1.1998
59.6352,forward_movement,0.4408,0.2101,0.3254,37.14,0.6,0.4408,0.4191
59.6685,guard_position,0.2652,0.3971,0.3311,31.73,7.84,0.2652,0.1167
59.7019,backward_movement,0.6125,0.3471,0.4798,26.75,10.67,0.6125,0.0288
59.7353,backward_movement,0.5934,0.7614,0.6774,24.39,24.01,0.4787,0.5934
59.7686,guard_position,3.4427,0.4723,1.9575,59.57,60.58,3.4427,1.3772
59.802,kick_low,2.2932,0.9594,1.6263,4.55,37.38,2.2932,0.5283
59.8354,kick_low,0.479,0.9331,0.706,1.58,45.86,0.479,0.4259
59.8688,backward_movement,0.5705,0.2611,0.4158,1.49,41.7,0.364,0.5705
59.9021,guard_position,1.3577,0.5338,0.9457,0.73,21.61,0.3914,1.3577
59.9355,backward_movement,0.8644,0.327,0.5957,4.43,20.76,0.3527,0.8644
59.9689,kick_low,1.0968,1.4575,1.2771,24.77,12.58,1.0968,0.8458
60.0022,guard_position,3.5603,0.368,1.9641,52.49,8.25,3.5603,1.2639
60.0356,guard_position,5.0794,0.1079,2.5937,40.65,15.85,5.0794,1.0352
60.069,guard_position,1.7294,0.3808,1.0551,33.22,19.21,1.3169,1.7294
60.1024,guard_position,3.6834,0.4166,2.05,3.55,70.06,3.0993,3.6834
60.1357,guard_position,3.6067,0.4449,2.0258,38.68,58.26,3.6067,1.2977
60.1691,guard_position,4.0668,0.4511,2.259,6.07,80.95,4.0668,2.1539
60.2025,backward_movement,0.9555,0.8726,0.914,25.23,66.8,0.9555,0.2711
60.2358,backward_movement,0.428,0.8919,0.6599,37.18,72.87,0.1501,0.428
60.2692,kick_low,1.9782,4.5663,3.2722,51.77,64.56,1.9782,0.4357
60.3026,kick_low,1.5071,2.1415,1.8243,38.23,69.9,1.5071,0.6425
60.336,kick_low,0.5266,4.38,2.4533,8.3,30.15,0.4924,0.5266
60.3693,kick_low,2.4257,3.1919,2.8088,27.62,106.9,0.0826,2.4257
60.4027,guard_position,0.8871,0.3912,0.6392,35.8,95.97,0.4609,0.8871
60.4361,backward_movement,0.7885,0.1495,0.469,38.39,86.72,0.2168,0.7885
60.4694,punch_left,4.247,0.0667,2.1568,116.72,94.05,4.247,0.1644
60.5028,backward_movement,0.5803,0.196,0.3881,139.82,79.65,0.2615,0.5803
60.5362,guard_position,4.042,0.2017,2.1219,29.88,81.1,4.042,0.3577
60.5696,guard_position,0.7515,0.6345,0.693,47.26,76.52,0.7515,0.262
60.6029,guard_position,0.2691,0.1064,0.1878,44.59,81.63,0.2691,0.0773
60.6363,backward_movement,0.7159,0.1894,0.4526,45.74,72.1,0.2157,0.7159
60.6697,kick_low,1.1093,1.3127,1.211,35.88,48.29,0.5043,1.1093
60.703,forward_movement,0.8887,0.1482,0.5185,45.8,31.51,0.8887,0.5224
60.7364,forward_movement,0.5233,0.1486,0.336,31.6,50.63,0.0789,0.5233
60.7698,guard_position,1.4593,0.4478,0.9536,16.45,53.55,0.0694,1.4593
60.8032,guard_position,1.1589,0.3768,0.7678,17.78,83.17,0.2895,1.1589
60.8365,backward_movement,0.3101,0.2625,0.2863,27.18,85.1,0.2468,0.3101
60.8699,forward_movement,0.4197,0.1341,0.2769,30.98,79.9,0.4197,0.102
60.9033,guard_position,0.5063,0.7435,0.6249,29.11,86.57,0.1841,0.5063
60.9366,guard_position,0.513,0.805,0.659,35.42,83.63,0.513,0.499
60.97,kick_low,0.9231,0.9505,0.9368,24.24,86.73,0.2628,0.9231
61.0034,forward_movement,0.3163,0.3836,0.35,28.41,80.48,0.3163,0.0947
61.0368,forward_movement,0.6426,0.1685,0.4056,18.66,72.06,0.295,0.6426
61.0701,backward_movement,0.1417,0.3299,0.2358,29.67,65.98,0.1417,0.085
61.1035,backward_movement,0.4218,0.3943,0.408,43.07,67.46,0.4218,0.2523
61.1369,kick_low,0.4752,1.4275,0.9513,50.36,54.65,0.1778,0.4752
61.1702,kick_low,0.1807,1.3568,0.7687,52.99,52.37,0.1202,0.1807
61.2036,kick_low,0.1585,1.6952,0.9268,54.13,55.58,0.1585,0.0857
61.237,kick_low,0.2038,2.2468,1.2253,44.22,40.66,0.2038,0.0821
61.2704,kick_low,0.4431,1.3797,0.9114,45.16,30.34,0.4431,0.2713
61.3037,kick_low,0.2756,2.3805,1.3281,34.26,19.18,0.2203,0.2756
61.3371,forward_movement,0.528,0.6143,0.5711,33.3,11.46,0.528,0.4638
61.3705,kick_low,1.025,4.2377,2.6313,16.6,6.82,1.025,0.2858
61.4038,guard_position,2.6643,0.8594,1.7619,59.56,15.24,2.6643,1.5667
61.4372,kick_low,6.5159,16.7471,11.6315,104.98,1.89,6.5159,2.4398
61.4706,kick_low,1.8357,1.8924,1.864,119.93,159.93,1.5054,1.8357
61.504,kick_low,2.6703,9.6878,6.1791,169.25,7.03,2.6703,1.5143
61.5373,kick_low,5.4613,5.2503,5.3558,33.47,33.4,5.4613,1.5987
61.5707,kick_low,1.2514,2.2618,1.7566,7.35,64.49,0.694,1.2514
61.6041,kick_low,5.7944,2.1313,3.9628,87.75,121.23,1.3575,5.7944
61.6375,kick_low,1.5005,2.5156,2.008,87.15,89.71,0.8208,1.5005
61.6708,kick_low,2.2351,1.8701,2.0526,55.57,79.21,0.2247,2.2351
61.7042,backward_movement,0.3317,0.8083,0.57,40.79,63.01,0.0757,0.3317
61.7376,kick_low,0.5479,1.0081,0.778,33.71,59.24,0.01,0.5479
61.7709,forward_movement,0.7222,0.6271,0.6746,10.72,72.99,0.7222,0.3922
61.8043,backward_movement,0.3775,0.3999,0.3887,24.16,75.77,0.3775,0.0586
61.8377,backward_movement,0.2765,0.4377,0.3571,36.52,75.03,0.2258,0.2765
61.8711,backward_movement,0.3373,0.62,0.4786,41.34,75.5,0.2994,0.3373
61.9044,guard_position,1.2251,0.6722,0.9487,21.54,73.37,1.2251,0.2492
61.9378,backward_movement,0.3604,0.5508,0.4556,21.83,73.75,0.3604,0.2738
61.9712,backward_movement,0.7906,0.7432,0.7669,22.26,54.69,0.4741,0.7906
62.0045,kick_low,0.7561,1.0204,0.8882,6.24,37.94,0.7561,0.4629
62.0379,forward_movement,0.9385,0.5026,0.7206,18.37,29.82,0.9385,0.3113
62.0713,kick_low,0.2713,1.1676,0.7194,25.81,8.59,0.2713,0.1702
62.1047,kick_low,0.745,0.9142,0.8296,4.6,0.06,0.745,0.2543
62.138,kick_low,2.0356,2.3566,2.1961,44.73,1.47,2.0356,0.3128
62.1714,kick_low,1.7444,2.9198,2.3321,17.91,0.94,1.7444,0.1853
62.2048,forward_movement,1.0785,0.6739,0.8762,2.8,6.33,1.0785,1.0518
62.2381,kick_low,1.0397,3.1597,2.0997,28.58,9.43,1.0397,0.2069
62.2715,kick_low,1.9316,1.5218,1.7267,18.73,27.43,1.9316,0.6746
62.3049,kick_low,1.1215,2.3786,1.75,38.96,2.04,1.1215,0.9454
62.3383,guard_position,1.4516,0.8781,1.1648,39.4,48.28,0.1937,1.4516
62.3716,kick_low,0.87,2.0536,1.4618,13.69,47.62,0.87,0.2245
62.405,kick_low,0.2284,3.6299,1.9292,11.2,52.41,0.0186,0.2284
62.4384,kick_low,1.0588,1.7681,1.4134,3.24,68.54,0.6525,1.0588
62.4717,kick_low,0.7959,1.4407,1.1183,11.65,40.25,0.2718,0.7959
62.5051,kick_low,1.6945,1.1874,1.4409,5.13,38.92,0.0548,1.6945
62.5385,kick_low,0.5081,2.4166,1.4623,4.12,53.62,0.5081,0.2187
62.5719,backward_movement,0.6903,0.3978,0.544,23.07,19.27,0.6903,0.6032
62.6052,kick_low,0.9998,1.2552,1.1275,12.7,41.35,0.3731,0.9998
62.6386,forward_movement,0.5308,0.6928,0.6118,3.13,28.89,0.5308,0.0389
62.672,guard_position,2.6569,0.8417,1.7493,51.76,22.26,2.6569,0.4642
62.7053,guard_position,2.0729,0.2604,1.1667,16.65,9.72,2.0729,1.9306
62.7387,guard_position,2.6773,0.8043,1.7408,46.68,10.06,2.6773,0.5309
62.7721,kick_low,3.462,2.2569,2.8595,3.95,8.12,3.462,1.8006
62.8055,kick_low,1.7051,1.1565,1.4308,11.62,32.94,0.9995,1.7051
62.8388,guard_position,1.1044,0.5927,0.8486,20.39,20.76,1.1044,0.7425
62.8722,guard_position,0.9987,0.7202,0.8595,21.03,88.73,0.3709,0.9987
62.9056,kick_low,0.4369,1.0162,0.7265,37.41,89.66,0.342,0.4369
62.9389,guard_position,0.6596,0.6944,0.677,51.38,88.61,0.6596,0.4121
62.9723,backward_movement,0.8271,0.4975,0.6623,84.45,78.49,0.8271,0.3214
63.0057,backward_movement,0.6752,0.1734,0.4243,55.09,63.99,0.6752,0.4873
63.0391,guard_position,0.6106,0.3431,0.4768,42.01,70.2,0.6106,0.1522
63.0724,backward_movement,0.8013,0.4472,0.6242,33.19,71.98,0.8013,0.2013
63.1058,backward_movement,0.403,0.3481,0.3755,37.66,67.71,0.403,0.1301
63.1392,backward_movement,0.3455,0.2212,0.2834,30.19,58.38,0.3455,0.2814
63.1725,forward_movement,0.7804,0.5426,0.6615,4.46,56.36,0.7804,0.0206
63.2059,forward_movement,0.4083,0.1737,0.291,11.59,49.32,0.4083,0.2516
63.2393,forward_movement,0.6426,0.2727,0.4576,11.21,56.52,0.2413,0.6426
63.2727,forward_movement,0.3147,0.1928,0.2538,21.53,47.3,0.3147,0.1201
63.306,forward_movement,0.9046,0.2833,0.5939,11.28,41.49,0.9046,0.2882
63.3394,kick_low,0.6253,1.7468,1.1861,3.33,33.17,0.6253,0.1952
63.3728,forward_movement,0.3794,0.4815,0.4305,5.8,16.19,0.1294,0.3794
63.4061,kick_low,1.1463,1.0158,1.0811,13.65,20.33,0.9726,1.1463
63.4395,kick_low,0.6041,2.7705,1.6873,18.95,1.98,0.6041,0.3581
63.4729,kick_low,0.2022,1.6236,0.9129,16.25,9.07,0.2022,0.1916
63.5063,kick_low,0.2188,2.2076,1.2132,17.84,6.92,0.1953,0.2188
63.5396,kick_low,0.2719,1.879,1.0754,22.68,18.0,0.2719,0.1956
63.573,guard_position,0.2405,0.2153,0.2279,18.44,12.86,0.2346,0.2405
63.6064,backward_movement,0.3427,0.367,0.3548,13.35,41.35,0.1389,0.3427
63.6397,backward_movement,0.5862,0.124,0.3551,10.76,34.17,0.4038,0.5862
63.6731,backward_movement,0.9219,0.3218,0.6219,11.8,65.47,0.3699,0.9219
63.7065,backward_movement,0.9497,0.3016,0.6257,12.24,61.06,0.1556,0.9497
63.7399,guard_position,1.2644,0.3252,0.7948,33.36,70.4,1.2644,0.2048
63.7732,backward_movement,0.9004,0.6011,0.7508,18.47,78.14,0.9004,0.7105
63.8066,kick_low,0.8687,1.8185,1.3436,24.75,91.91,0.7288,0.8687
63.84,backward_movement,0.716,0.6355,0.6758,18.0,100.03,0.716,0.342
63.8734,backward_movement,0.7874,0.5303,0.6588,19.8,90.51,0.0842,0.7874
63.9067,backward_movement,0.2306,0.0633,0.147,25.42,96.99,0.0697,0.2306
63.9401,guard_position,1.4105,0.3775,0.894,31.8,68.15,0.3105,1.4105
63.9735,guard_position,0.702,0.1454,0.4237,43.71,90.26,0.6017,0.702
64.0068,backward_movement,0.63,0.1422,0.3861,53.07,83.85,0.3151,0.63
64.0402,backward_movement,0.6408,0.6087,0.6247,57.7,87.32,0.3041,0.6408
64.0736,kick_low,2.1092,1.5306,1.8199,2.54,96.9,2.1092,0.3639
64.107,kick_low,0.5293,1.4918,1.0105,11.15,76.62,0.5293,0.2708
64.1403,guard_position,1.7174,0.7204,1.2189,3.07,58.26,0.2978,1.7174
64.1737,kick_low,1.1949,2.8647,2.0298,9.94,56.61,1.1949,0.1975
64.2071,kick_low,2.4591,1.8069,2.133,46.85,22.19,2.4591,0.2027
64.2404,kick_low,1.9355,0.9766,1.456,30.74,22.48,1.9355,0.2302
64.2738,kick_low,1.8704,3.2651,2.5678,0.88,23.37,1.8704,0.7741
64.3072,kick_low,0.6863,4.573,2.6296,0.1,28.42,0.6863,0.3599
64.3406,forward_movement,0.8479,0.8975,0.8727,28.39,59.25,0.8479,0.3526
64.3739,kick_low,0.24,2.6155,1.4277,18.49,10.13,0.24,0.136
64.4073,backward_movement,0.333,0.7091,0.5211,3.13,16.63,0.333,0.0731
64.4407,backward_movement,0.6844,0.6637,0.674,34.75,9.95,0.6844,0.2793
64.474,kick_low,0.8504,1.404,1.1272,1.92,27.12,0.8504,0.2853
64.5074,forward_movement,0.584,0.1206,0.3523,12.97,34.01,0.4799,0.584
64.5408,kick_low,0.4775,1.6679,1.0727,20.8,26.72,0.4687,0.4775
64.5742,kick_low,0.5844,1.2597,0.9221,21.27,32.16,0.2963,0.5844
64.6075,forward_movement,0.8438,0.6799,0.7618,40.94,27.72,0.8438,0.2912
64.6409,kick_low,0.3035,1.009,0.6563,38.55,4.21,0.3035,0.3027
64.6743,forward_movement,0.8367,0.8071,0.8219,55.19,12.01,0.8367,0.4225
64.7076,guard_position,1.5023,0.295,0.8986,24.04,42.74,1.5023,0.4409
64.741,kick_low,1.4574,1.9336,1.6955,20.79,14.59,0.0661,1.4574
64.7744,kick_low,1.9706,1.2562,1.6134,53.82,68.28,1.3326,1.9706
64.8078,kick_low,1.2677,1.1232,1.1955,79.89,116.34,1.2677,1.0942
64.8411,kick_low,3.1621,1.1843,2.1732,25.59,159.88,3.1621,1.3365
64.8745,kick_low,2.4952,4.2851,3.3902,39.79,179.55,0.3405,2.4952
64.9079,kick_low,0.8007,1.5059,1.1533,51.71,178.62,0.8007,0.1655
64.9412,kick_low,1.0563,1.5154,1.2859,40.66,157.94,0.2212,1.0563
64.9746,guard_position,4.0615,0.5409,2.3012,97.08,59.61,2.3043,4.0615
65.008,kick_low,0.744,2.5005,1.6223,87.61,135.96,0.744,0.5177
65.0414,kick_low,3.017,1.2438,2.1304,24.22,120.94,3.017,0.4674
65.0747,punch_left,3.3879,0.3815,1.8847,116.02,72.62,3.3879,1.1064
65.1081,kick_low,2.1002,2.6508,2.3755,155.16,61.07,2.1002,0.9395
65.1415,kick_low,1.9166,1.1695,1.5431,128.51,45.88,1.9166,0.3901
65.1748,guard_position,1.5561,0.6672,1.1117,90.63,31.96,1.5561,0.3995
65.2082,forward_movement,0.2388,0.7545,0.4966,86.8,7.8,0.1403,0.2388
65.2416,backward_movement,0.9813,0.4602,0.7208,66.54,20.2,0.9813,0.3694
65.275,kick_low,0.5335,0.9527,0.7431,71.05,80.48,0.5335,0.2186
65.3083,punch_right,1.8968,0.3776,1.1372,72.47,127.28,0.5862,1.8968
65.3417,kick_low,1.0495,7.585,4.3172,96.59,117.22,1.0495,0.2753
65.3751,punch_right,3.0685,0.2356,1.652,141.13,168.73,0.9006,3.0685
65.4084,kick_low,1.4625,1.5169,1.4897,126.52,156.67,0.2593,1.4625
65.4418,kick_low,2.7863,1.6864,2.2363,118.64,74.28,0.4329,2.7863
65.4752,kick_low,2.2197,7.3293,4.7745,80.89,101.36,1.0782,2.2197
65.5086,kick_low,0.9305,3.5988,2.2646,38.92,113.0,0.9305,0.6422
65.5419,forward_movement,0.9971,0.4326,0.7148,32.8,79.15,0.3883,0.9971
65.5753,guard_position,1.1059,0.7538,0.9299,20.77,42.94,1.1059,0.2768
65.6087,kick_low,2.5595,1.8611,2.2103,8.01,60.92,2.5595,0.3308
65.642,kick_low,1.1382,1.3013,1.2198,8.46,38.68,1.1382,0.5693
65.6754,kick_low,1.23,2.8265,2.0283,18.72,41.75,1.0484,1.23
65.7088,kick_low,0.7097,2.475,1.5924,27.35,5.83,0.6896,0.7097
65.7422,kick_low,1.5502,3.3317,2.441,6.97,34.15,1.5502,0.4418
65.7755,kick_low,0.937,3.1759,2.0564,1.62,11.25,0.5527,0.937
65.8089,kick_low,0.6788,0.9935,0.8362,14.24,36.67,0.1416,0.6788
65.8423,forward_movement,0.5162,0.805,0.6606,0.86,27.65,0.2884,0.5162
65.8757,forward_movement,0.5751,0.7155,0.6453,24.15,22.5,0.5751,0.5125
65.909,guard_position,1.1215,0.3997,0.7606,8.23,27.28,0.9687,1.1215
65.9424,kick_low,0.518,3.5093,2.0137,21.34,7.71,0.402,0.518
65.9758,kick_low,1.1488,1.4867,1.3178,1.07,6.21,1.1488,0.4538
66.0091,kick_low,1.29,2.1826,1.7363,40.76,2.86,1.29,0.4564
66.0425,guard_position,1.389,0.7994,1.0942,18.11,8.49,1.389,0.5157
66.0759,kick_low,0.5932,2.1215,1.3573,16.89,48.58,0.5913,0.5932
66.1093,backward_movement,0.6945,0.8349,0.7647,31.16,56.67,0.6079,0.6945
66.1426,guard_position,0.3833,0.601,0.4922,31.21,28.36,0.2624,0.3833
66.176,punch_right,1.6947,0.2614,0.978,15.81,158.37,0.6216,1.6947
66.2094,kick_low,1.8749,2.8523,2.3636,42.34,166.03,1.6397,1.8749
66.2427,kick_low,0.8316,5.4184,3.125,23.86,162.13,0.8316,0.286
66.2761,kick_low,2.1138,1.3307,1.7222,50.57,49.54,2.1138,0.3493
66.3095,backward_movement,0.9347,0.617,0.7758,63.81,168.81,0.9347,0.5928
66.3429,guard_position,1.5948,0.2104,0.9026,58.04,99.57,0.7837,1.5948
66.3762,guard_position,3.0087,0.3919,1.7003,36.21,177.24,3.0087,1.6788
66.4096,kick_low,1.5706,2.0578,1.8142,11.25,75.97,1.5706,0.9131
66.443,backward_movement,0.6476,0.2119,0.4298,19.71,79.86,0.6476,0.5204
66.4763,guard_position,1.1626,0.6036,0.8831,13.0,66.67,0.3692,1.1626
66.5097,guard_position,1.3549,0.3572,0.856,0.35,62.41,1.3549,1.2801
66.5431,guard_position,1.5345,0.602,1.0682,17.06,26.13,0.6877,1.5345
66.5765,kick_low,2.1502,2.4513,2.3007,35.83,22.09,2.1502,0.2285
66.6098,kick_low,1.6303,3.1575,2.3939,40.53,48.02,0.2689,1.6303
66.6432,kick_low,2.3232,0.951,1.6371,76.45,54.72,2.3232,0.3919
66.6766,guard_position,1.4453,0.1234,0.7843,53.61,45.91,1.4453,0.6656
66.7099,kick_low,2.3591,1.3806,1.8698,0.02,26.22,2.3591,0.4648
66.7433,kick_low,0.3642,2.9037,1.6339,5.94,10.73,0.3642,0.3404
66.7767,backward_movement,0.2677,0.8957,0.5817,8.13,42.22,0.2677,0.1965
66.8101,forward_movement,0.4043,0.35,0.3772,4.21,27.18,0.0951,0.4043
66.8434,forward_movement,0.1197,0.2717,0.1957,9.46,0.32,0.1197,0.0754
66.8768,forward_movement,0.331,0.0945,0.2127,3.27,23.89,0.331,0.1522
66.9102,backward_movement,0.4666,0.043,0.2548,16.59,20.68,0.4666,0.0665
66.9435,backward_movement,0.0888,0.2385,0.1636,8.66,37.62,0.0888,0.0807
66.9769,kick_low,0.2851,3.0069,1.646,4.26,17.38,0.2851,0.2265
67.0103,kick_low,0.2003,4.8821,2.5412,14.1,17.89,0.2003,0.0534
67.0437,kick_low,0.1568,2.6996,1.4282,16.68,4.7,0.1568,0.0081
67.077,kick_low,0.8307,2.3982,1.6145,3.34,10.92,0.8307,0.1334
67.1104,kick_low,0.7721,2.7618,1.7669,20.03,11.12,0.7721,0.0982
67.1438,kick_low,2.6473,1.9048,2.276,83.75,17.42,2.6473,0.0398
67.1771,kick_low,1.1312,1.9807,1.5559,125.33,17.93,1.1312,0.1975
67.2105,kick_low,1.5357,3.0235,2.2796,155.48,17.44,1.5357,0.2608
67.2439,kick_low,0.5221,2.3077,1.4149,155.93,29.76,0.5221,0.342
67.2773,kick_low,0.2611,1.3056,0.7833,148.92,3.7,0.2611,0.0912
67.3106,kick_low,3.0425,0.9665,2.0045,75.49,10.23,3.0425,0.4165
67.344,punch_left,1.7498,0.8496,1.2997,122.41,30.23,1.7498,0.5527
67.3774,kick_low,2.2753,1.074,1.6746,69.12,33.7,2.2753,2.0774
67.4107,guard_position,1.8894,0.5646,1.227,5.72,98.82,1.8894,1.4391
67.4441,kick_low,2.39,2.4194,2.4047,89.8,25.01,2.39,1.2073
67.4775,guard_position,5.4159,0.4889,2.9524,32.73,153.62,5.4159,1.6999
67.5109,guard_position,3.8396,0.3398,2.0897,48.07,166.08,3.8396,0.0618
67.5442,backward_movement,0.9878,0.3382,0.663,69.37,170.16,0.9878,0.4872
67.5776,punch_right,2.5739,0.4745,1.5242,48.24,156.41,0.3925,2.5739
67.611,punch_right,1.3417,0.3322,0.8369,58.59,163.08,0.8533,1.3417
67.6443,backward_movement,0.8235,0.1793,0.5014,50.67,155.86,0.5139,0.8235
67.6777,guard_position,1.3256,0.5472,0.9364,60.31,146.03,1.3256,0.9221
67.7111,punch_right,1.6805,0.3643,1.0224,51.18,118.75,0.6136,1.6805
67.7445,forward_movement,0.9119,0.1442,0.5281,38.36,113.53,0.9119,0.8348
67.7778,forward_movement,1.0855,0.6915,0.8885,10.11,117.66,1.0855,0.628
67.8112,forward_movement,0.2518,0.6612,0.4565,6.47,112.47,0.2518,0.1223
67.8446,kick_low,0.5219,1.4569,0.9894,10.27,97.0,0.2477,0.5219
67.8779,forward_movement,0.2137,0.2197,0.2167,33.98,68.79,0.1324,0.2137
67.9113,kick_low,1.2794,1.4024,1.3409,39.77,45.52,1.2794,0.668
67.9447,forward_movement,0.9725,0.248,0.6102,27.02,31.92,0.9725,0.4143
67.9781,backward_movement,0.9088,0.4776,0.6932,57.46,41.34,0.5096,0.9088
68.0114,forward_movement,0.2977,0.6028,0.4502,43.62,6.71,0.2677,0.2977
68.0448,guard_position,1.1442,0.3227,0.7334,75.64,0.14,1.1442,0.3106
68.0782,guard_position,1.6883,0.4463,1.0673,36.64,56.98,1.6883,0.8399
68.1116,backward_movement,0.5351,0.2247,0.3799,58.05,9.73,0.4714,0.5351
68.1449,guard_position,0.4869,0.323,0.4049,34.01,25.25,0.4869,0.3309
68.1783,guard_position,1.2158,0.3466,0.7812,59.56,7.64,1.2158,0.8146
68.2117,backward_movement,0.4203,0.2214,0.3208,72.48,37.94,0.3752,0.4203
68.245,guard_position,1.4758,0.4917,0.9838,81.2,8.68,0.2284,1.4758
68.2784,kick_low,0.9349,1.0354,0.9852,76.55,30.03,0.9349,0.5949
68.3118,kick_low,0.777,1.6286,1.2028,71.59,42.18,0.777,0.6111
68.3452,backward_movement,0.6633,0.3055,0.4844,84.41,56.62,0.567,0.6633
68.3785,kick_low,1.1059,1.4075,1.2567,72.06,69.19,0.3859,1.1059
68.4119,guard_position,1.4358,0.2329,0.8343,95.99,138.22,1.4358,1.2143
68.4453,kick_low,2.8319,1.7512,2.2915,139.83,118.7,2.8319,1.0179
68.4786,kick_low,1.7029,2.2161,1.9595,164.43,89.41,1.4344,1.7029
68.512,forward_movement,0.6156,0.5637,0.5897,148.56,78.22,0.6156,0.252
68.5454,kick_low,0.8099,1.4183,1.1141,148.89,107.88,0.8099,0.7258
68.5788,backward_movement,0.5407,0.5018,0.5212,156.34,132.11,0.4252,0.5407
68.6121,forward_movement,0.5157,0.3593,0.4375,159.22,147.14,0.4355,0.5157
68.6455,kick_low,0.6921,1.2906,0.9914,161.25,174.71,0.3532,0.6921
68.6789,kick_low,5.7308,2.274,4.0024,128.2,23.12,3.6356,5.7308
68.7122,kick_low,6.2342,2.0752,4.1547,157.66,126.66,1.4595,6.2342
68.7456,kick_low,7.0301,13.9729,10.5015,149.26,179.82,7.0301,5.4055
68.779,guard_position,0.0,0.0,0.0,180.0,180.0,0.0,0.0
68.8124,kick_low,7.062,14.1198,10.5909,95.37,162.54,7.062,6.52
68.8457,punch_right,1.1163,0.2195,0.6679,97.24,172.84,0.5415,1.1163
68.8791,kick_low,3.7321,2.4979,3.115,135.61,113.67,2.0626,3.7321
68.9125,punch_right,4.5101,0.2463,2.3782,85.95,171.34,3.1849,4.5101
68.9458,kick_low,2.5589,1.0336,1.7963,92.81,147.86,0.5922,2.5589
68.9792,forward_movement,0.4833,0.6991,0.5912,91.01,152.22,0.3045,0.4833
69.0126,punch_right,2.6229,0.7528,1.6878,93.65,132.85,0.4674,2.6229
69.046,kick_low,0.638,1.6888,1.1634,94.45,134.21,0.0663,0.638
69.0793,forward_movement,0.4433,0.3417,0.3925,89.58,105.59,0.2631,0.4433
69.1127,kick_low,0.3029,0.9231,0.613,93.82,105.21,0.3029,0.0775
69.1461,backward_movement,1.0615,0.3988,0.7301,96.99,114.31,1.0615,0.5987
